build-and-test	Set up job	﻿2026-07-27T07:47:33.1482118Z Current runner version: '2.335.1'
build-and-test	Set up job	2026-07-27T07:47:33.1539182Z ##[group]Runner Image Provisioner
build-and-test	Set up job	2026-07-27T07:47:33.1540584Z Hosted Compute Agent
build-and-test	Set up job	2026-07-27T07:47:33.1541946Z Version: 20260707.563
build-and-test	Set up job	2026-07-27T07:47:33.1543025Z Commit: 02667638d2b423fbc733a8e32a88b44996a3ba6e
build-and-test	Set up job	2026-07-27T07:47:33.1544214Z Build Date: 2026-07-07T19:33:50Z
build-and-test	Set up job	2026-07-27T07:47:33.1545311Z Worker ID: {a9a0c209-c814-4806-bdd0-c9856667fabb}
build-and-test	Set up job	2026-07-27T07:47:33.1546910Z Azure Region: eastus2
build-and-test	Set up job	2026-07-27T07:47:33.1547938Z ##[endgroup]
build-and-test	Set up job	2026-07-27T07:47:33.1550092Z ##[group]Operating System
build-and-test	Set up job	2026-07-27T07:47:33.1551175Z Microsoft Windows Server 2025
build-and-test	Set up job	2026-07-27T07:47:33.1552256Z 10.0.26100
build-and-test	Set up job	2026-07-27T07:47:33.1553106Z Datacenter
build-and-test	Set up job	2026-07-27T07:47:33.1553959Z ##[endgroup]
build-and-test	Set up job	2026-07-27T07:47:33.1554868Z ##[group]Runner Image
build-and-test	Set up job	2026-07-27T07:47:33.1555843Z Image: windows-2025-vs2026
build-and-test	Set up job	2026-07-27T07:47:33.1556839Z Version: 20260714.173.1
build-and-test	Set up job	2026-07-27T07:47:33.1558766Z Included Software: https://github.com/actions/runner-images/blob/win25-vs2026/20260714.173/images/windows/Windows2025-VS2026-Readme.md
build-and-test	Set up job	2026-07-27T07:47:33.1562352Z Image Release: https://github.com/actions/runner-images/releases/tag/win25-vs2026%2F20260714.173
build-and-test	Set up job	2026-07-27T07:47:33.1564061Z ##[endgroup]
build-and-test	Set up job	2026-07-27T07:47:33.1565977Z ##[group]GITHUB_TOKEN Permissions
build-and-test	Set up job	2026-07-27T07:47:33.1569377Z Contents: read
build-and-test	Set up job	2026-07-27T07:47:33.1570295Z Metadata: read
build-and-test	Set up job	2026-07-27T07:47:33.1571137Z Packages: read
build-and-test	Set up job	2026-07-27T07:47:33.1571953Z ##[endgroup]
build-and-test	Set up job	2026-07-27T07:47:33.1574842Z Secret source: Actions
build-and-test	Set up job	2026-07-27T07:47:33.1576398Z Prepare workflow directory
build-and-test	Set up job	2026-07-27T07:47:33.1906465Z Prepare all required actions
build-and-test	Set up job	2026-07-27T07:47:33.1944183Z Getting action download info
build-and-test	Set up job	2026-07-27T07:47:33.4353003Z Download action repository 'actions/checkout@v4' (SHA:11d5960a326750d5838078e36cf38b85af677262)
build-and-test	Set up job	2026-07-27T07:47:33.6583181Z Download action repository 'microsoft/setup-msbuild@v2' (SHA:6fb02220983dee41ce7ae257b6f4d8f9bf5ed4ce)
build-and-test	Set up job	2026-07-27T07:47:33.8770156Z Complete job name: build-and-test
build-and-test	Checkout	﻿2026-07-27T07:47:34.0113653Z Node 20 is being deprecated. This workflow is running with Node 24 by default. If you need to temporarily use Node 20, you can set the ACTIONS_ALLOW_USE_UNSECURE_NODE_VERSION=true environment variable. For more information see: https://github.blog/changelog/2025-09-19-deprecation-of-node-20-on-github-actions-runners/
build-and-test	Checkout	2026-07-27T07:47:34.0122860Z ##[group]Run actions/checkout@v4
build-and-test	Checkout	2026-07-27T07:47:34.0123565Z with:
build-and-test	Checkout	2026-07-27T07:47:34.0123990Z   repository: ClaneSharke/SSMSSQLFormatter
build-and-test	Checkout	2026-07-27T07:47:34.0128560Z   token: ***
build-and-test	Checkout	2026-07-27T07:47:34.0128962Z   ssh-strict: true
build-and-test	Checkout	2026-07-27T07:47:34.0129354Z   ssh-user: git
build-and-test	Checkout	2026-07-27T07:47:34.0129752Z   persist-credentials: true
build-and-test	Checkout	2026-07-27T07:47:34.0130191Z   clean: true
build-and-test	Checkout	2026-07-27T07:47:34.0130581Z   sparse-checkout-cone-mode: true
build-and-test	Checkout	2026-07-27T07:47:34.0131062Z   fetch-depth: 1
build-and-test	Checkout	2026-07-27T07:47:34.0131444Z   fetch-tags: false
build-and-test	Checkout	2026-07-27T07:47:34.0131843Z   show-progress: true
build-and-test	Checkout	2026-07-27T07:47:34.0132246Z   lfs: false
build-and-test	Checkout	2026-07-27T07:47:34.0132640Z   submodules: false
build-and-test	Checkout	2026-07-27T07:47:34.0133066Z   set-safe-directory: true
build-and-test	Checkout	2026-07-27T07:47:34.0133527Z   allow-unsafe-pr-checkout: false
build-and-test	Checkout	2026-07-27T07:47:34.0134278Z ##[endgroup]
build-and-test	Checkout	2026-07-27T07:47:34.1585253Z Syncing repository: ClaneSharke/SSMSSQLFormatter
build-and-test	Checkout	2026-07-27T07:47:34.1588578Z ##[group]Getting Git version info
build-and-test	Checkout	2026-07-27T07:47:34.1590292Z Working directory is 'D:\a\SSMSSQLFormatter\SSMSSQLFormatter'
build-and-test	Checkout	2026-07-27T07:47:34.2682051Z [command]"C:\Program Files\Git\bin\git.exe" version
build-and-test	Checkout	2026-07-27T07:47:34.6364546Z git version 2.55.0.windows.2
build-and-test	Checkout	2026-07-27T07:47:34.6418301Z ##[endgroup]
build-and-test	Checkout	2026-07-27T07:47:34.6443147Z Temporarily overriding HOME='D:\a\_temp\2d39fbe5-77a7-430c-b684-2f70e18a6b8a' before making global git config changes
build-and-test	Checkout	2026-07-27T07:47:34.6444695Z Adding repository directory to the temporary git global config as a safe directory
build-and-test	Checkout	2026-07-27T07:47:34.6459188Z [command]"C:\Program Files\Git\bin\git.exe" config --global --add safe.directory D:\a\SSMSSQLFormatter\SSMSSQLFormatter
build-and-test	Checkout	2026-07-27T07:47:34.7048800Z Deleting the contents of 'D:\a\SSMSSQLFormatter\SSMSSQLFormatter'
build-and-test	Checkout	2026-07-27T07:47:34.7055493Z ##[group]Initializing the repository
build-and-test	Checkout	2026-07-27T07:47:34.7064319Z [command]"C:\Program Files\Git\bin\git.exe" init D:\a\SSMSSQLFormatter\SSMSSQLFormatter
build-and-test	Checkout	2026-07-27T07:47:34.7975785Z Initialized empty Git repository in D:/a/SSMSSQLFormatter/SSMSSQLFormatter/.git/
build-and-test	Checkout	2026-07-27T07:47:34.8020339Z [command]"C:\Program Files\Git\bin\git.exe" remote add origin https://github.com/ClaneSharke/SSMSSQLFormatter
build-and-test	Checkout	2026-07-27T07:47:34.8612967Z ##[endgroup]
build-and-test	Checkout	2026-07-27T07:47:34.8614497Z ##[group]Disabling automatic garbage collection
build-and-test	Checkout	2026-07-27T07:47:34.8621678Z [command]"C:\Program Files\Git\bin\git.exe" config --local gc.auto 0
build-and-test	Checkout	2026-07-27T07:47:34.8902944Z ##[endgroup]
build-and-test	Checkout	2026-07-27T07:47:34.8904108Z ##[group]Setting up auth
build-and-test	Checkout	2026-07-27T07:47:34.8914764Z [command]"C:\Program Files\Git\bin\git.exe" config --local --name-only --get-regexp core\.sshCommand
build-and-test	Checkout	2026-07-27T07:47:34.9197250Z [command]"C:\Program Files\Git\bin\git.exe" submodule foreach --recursive "sh -c \"git config --local --name-only --get-regexp 'core\.sshCommand' && git config --local --unset-all 'core.sshCommand' || :\""
build-and-test	Checkout	2026-07-27T07:47:36.2806350Z [command]"C:\Program Files\Git\bin\git.exe" config --local --name-only --get-regexp http\.https\:\/\/github\.com\/\.extraheader
build-and-test	Checkout	2026-07-27T07:47:36.3096597Z [command]"C:\Program Files\Git\bin\git.exe" submodule foreach --recursive "sh -c \"git config --local --name-only --get-regexp 'http\.https\:\/\/github\.com\/\.extraheader' && git config --local --unset-all 'http.https://github.com/.extraheader' || :\""
build-and-test	Checkout	2026-07-27T07:47:36.8392314Z [command]"C:\Program Files\Git\bin\git.exe" config --local --name-only --get-regexp ^includeIf\.gitdir:
build-and-test	Checkout	2026-07-27T07:47:36.8697892Z [command]"C:\Program Files\Git\bin\git.exe" submodule foreach --recursive "git config --local --show-origin --name-only --get-regexp remote.origin.url"
build-and-test	Checkout	2026-07-27T07:47:37.4064640Z [command]"C:\Program Files\Git\bin\git.exe" config --local http.https://github.com/.extraheader "AUTHORIZATION: basic ***"
build-and-test	Checkout	2026-07-27T07:47:37.4393882Z ##[endgroup]
build-and-test	Checkout	2026-07-27T07:47:37.4394829Z ##[group]Fetching the repository
build-and-test	Checkout	2026-07-27T07:47:37.4408480Z [command]"C:\Program Files\Git\bin\git.exe" -c protocol.version=2 fetch --no-tags --prune --no-recurse-submodules --depth=1 origin +d0c607ef5e065252a76f28316b44fa891c2d9812:refs/remotes/origin/main
build-and-test	Checkout	2026-07-27T07:47:38.3303871Z From https://github.com/ClaneSharke/SSMSSQLFormatter
build-and-test	Checkout	2026-07-27T07:47:38.3304799Z  * [new ref]         d0c607ef5e065252a76f28316b44fa891c2d9812 -> origin/main
build-and-test	Checkout	2026-07-27T07:47:38.3344925Z ##[endgroup]
build-and-test	Checkout	2026-07-27T07:47:38.3345338Z ##[group]Determining the checkout info
build-and-test	Checkout	2026-07-27T07:47:38.3348577Z ##[endgroup]
build-and-test	Checkout	2026-07-27T07:47:38.3363394Z [command]"C:\Program Files\Git\bin\git.exe" sparse-checkout disable
build-and-test	Checkout	2026-07-27T07:47:38.3827057Z [command]"C:\Program Files\Git\bin\git.exe" config --local --unset-all extensions.worktreeConfig
build-and-test	Checkout	2026-07-27T07:47:38.4104405Z ##[group]Checking out the ref
build-and-test	Checkout	2026-07-27T07:47:38.4112839Z [command]"C:\Program Files\Git\bin\git.exe" checkout --progress --force -B main refs/remotes/origin/main
build-and-test	Checkout	2026-07-27T07:47:38.4811823Z Switched to a new branch 'main'
build-and-test	Checkout	2026-07-27T07:47:38.4874289Z branch 'main' set up to track 'origin/main'.
build-and-test	Checkout	2026-07-27T07:47:38.4913838Z ##[endgroup]
build-and-test	Checkout	2026-07-27T07:47:38.5292707Z [command]"C:\Program Files\Git\bin\git.exe" log -1 --format=%H
build-and-test	Checkout	2026-07-27T07:47:38.5559319Z d0c607ef5e065252a76f28316b44fa891c2d9812
build-and-test	Setup MSBuild	﻿2026-07-27T07:47:38.5950566Z Node 20 is being deprecated. This workflow is running with Node 24 by default. If you need to temporarily use Node 20, you can set the ACTIONS_ALLOW_USE_UNSECURE_NODE_VERSION=true environment variable. For more information see: https://github.blog/changelog/2025-09-19-deprecation-of-node-20-on-github-actions-runners/
build-and-test	Setup MSBuild	2026-07-27T07:47:38.5952582Z ##[group]Run microsoft/setup-msbuild@v2
build-and-test	Setup MSBuild	2026-07-27T07:47:38.5952848Z with:
build-and-test	Setup MSBuild	2026-07-27T07:47:38.5953043Z   msbuild-architecture: x86
build-and-test	Setup MSBuild	2026-07-27T07:47:38.5954041Z ##[endgroup]
build-and-test	Setup MSBuild	2026-07-27T07:47:38.7251180Z [command]C:\ProgramData\Chocolatey\bin\vswhere.exe -products * -requires Microsoft.Component.MSBuild -property installationPath -latest
build-and-test	Setup MSBuild	2026-07-27T07:47:39.1853293Z C:\Program Files\Microsoft Visual Studio\18\Enterprise
build-and-test	Restore NuGet packages	﻿2026-07-27T07:47:39.2215479Z ##[group]Run nuget restore SsmsSqlFormatter.sln
build-and-test	Restore NuGet packages	2026-07-27T07:47:39.2215988Z ^[[36;1mnuget restore SsmsSqlFormatter.sln^[[0m
build-and-test	Restore NuGet packages	2026-07-27T07:47:39.3253223Z shell: C:\Program Files\PowerShell\7\pwsh.EXE -command ". '{0}'"
build-and-test	Restore NuGet packages	2026-07-27T07:47:39.3253616Z ##[endgroup]
build-and-test	Restore NuGet packages	2026-07-27T07:47:45.9985546Z MSBuild auto-detection: using msbuild version '18.7.8.30822' from 'C:\Program Files\Microsoft Visual Studio\18\Enterprise\MSBuild\Current\Bin'.
build-and-test	Restore NuGet packages	2026-07-27T07:47:54.1948357Z Restoring packages for D:\a\SSMSSQLFormatter\SSMSSQLFormatter\src\SsmsSqlFormatter.Tests\SsmsSqlFormatter.Tests.csproj...
build-and-test	Restore NuGet packages	2026-07-27T07:47:54.1950117Z Restoring packages for D:\a\SSMSSQLFormatter\SSMSSQLFormatter\src\SsmsSqlFormatter\SsmsSqlFormatter.csproj...
build-and-test	Restore NuGet packages	2026-07-27T07:47:54.7116061Z   GET https://api.nuget.org/v3-flatcontainer/microsoft.sqlserver.transactsql.scriptdom/index.json
build-and-test	Restore NuGet packages	2026-07-27T07:47:54.7159661Z   GET https://api.nuget.org/v3-flatcontainer/newtonsoft.json/index.json
build-and-test	Restore NuGet packages	2026-07-27T07:47:54.7166031Z   GET https://api.nuget.org/v3-flatcontainer/microsoft.vssdk.buildtools/index.json
build-and-test	Restore NuGet packages	2026-07-27T07:47:54.7177154Z   GET https://api.nuget.org/v3-flatcontainer/nunit/index.json
build-and-test	Restore NuGet packages	2026-07-27T07:47:54.7190729Z   GET https://api.nuget.org/v3-flatcontainer/microsoft.net.test.sdk/index.json
build-and-test	Restore NuGet packages	2026-07-27T07:47:54.7194734Z   OK https://api.nuget.org/v3-flatcontainer/microsoft.sqlserver.transactsql.scriptdom/index.json 7ms
build-and-test	Restore NuGet packages	2026-07-27T07:47:54.7196479Z   GET https://api.nuget.org/v3-flatcontainer/microsoft.visualstudio.sdk/index.json
build-and-test	Restore NuGet packages	2026-07-27T07:47:54.7200252Z   GET https://api.nuget.org/v3-flatcontainer/nunit3testadapter/index.json
build-and-test	Restore NuGet packages	2026-07-27T07:47:54.7268461Z   OK https://api.nuget.org/v3-flatcontainer/newtonsoft.json/index.json 10ms
build-and-test	Restore NuGet packages	2026-07-27T07:47:54.7304044Z   OK https://api.nuget.org/v3-flatcontainer/nunit/index.json 12ms
build-and-test	Restore NuGet packages	2026-07-27T07:47:54.7316600Z   OK https://api.nuget.org/v3-flatcontainer/nunit3testadapter/index.json 11ms
build-and-test	Restore NuGet packages	2026-07-27T07:47:54.7372002Z   OK https://api.nuget.org/v3-flatcontainer/microsoft.net.test.sdk/index.json 18ms
build-and-test	Restore NuGet packages	2026-07-27T07:47:54.7523995Z   OK https://api.nuget.org/v3-flatcontainer/microsoft.visualstudio.sdk/index.json 33ms
build-and-test	Restore NuGet packages	2026-07-27T07:47:54.7590628Z   OK https://api.nuget.org/v3-flatcontainer/microsoft.vssdk.buildtools/index.json 42ms
build-and-test	Restore NuGet packages	2026-07-27T07:47:54.8868372Z   GET https://api.nuget.org/v3-flatcontainer/newtonsoft.json/13.0.3/newtonsoft.json.13.0.3.nupkg
build-and-test	Restore NuGet packages	2026-07-27T07:47:54.8908829Z   GET https://api.nuget.org/v3-flatcontainer/nunit3testadapter/4.4.1/nunit3testadapter.4.4.1.nupkg
build-and-test	Restore NuGet packages	2026-07-27T07:47:54.8914510Z   GET https://api.nuget.org/v3-flatcontainer/microsoft.net.test.sdk/17.9.0/microsoft.net.test.sdk.17.9.0.nupkg
build-and-test	Restore NuGet packages	2026-07-27T07:47:54.8920433Z   GET https://api.nuget.org/v3-flatcontainer/nunit/3.13.3/nunit.3.13.3.nupkg
build-and-test	Restore NuGet packages	2026-07-27T07:47:54.8927719Z   GET https://api.nuget.org/v3-flatcontainer/microsoft.sqlserver.transactsql.scriptdom/180.18.1/microsoft.sqlserver.transactsql.scriptdom.180.18.1.nupkg
build-and-test	Restore NuGet packages	2026-07-27T07:47:54.8929619Z   GET https://api.nuget.org/v3-flatcontainer/microsoft.visualstudio.sdk/17.9.37000/microsoft.visualstudio.sdk.17.9.37000.nupkg
build-and-test	Restore NuGet packages	2026-07-27T07:47:54.8940259Z   GET https://api.nuget.org/v3-flatcontainer/microsoft.vssdk.buildtools/17.9.3168/microsoft.vssdk.buildtools.17.9.3168.nupkg
build-and-test	Restore NuGet packages	2026-07-27T07:47:54.8942383Z   OK https://api.nuget.org/v3-flatcontainer/microsoft.net.test.sdk/17.9.0/microsoft.net.test.sdk.17.9.0.nupkg 3ms
build-and-test	Restore NuGet packages	2026-07-27T07:47:54.8943959Z   OK https://api.nuget.org/v3-flatcontainer/newtonsoft.json/13.0.3/newtonsoft.json.13.0.3.nupkg 7ms
build-and-test	Restore NuGet packages	2026-07-27T07:47:54.8952418Z   OK https://api.nuget.org/v3-flatcontainer/nunit/3.13.3/nunit.3.13.3.nupkg 3ms
build-and-test	Restore NuGet packages	2026-07-27T07:47:54.8975721Z   OK https://api.nuget.org/v3-flatcontainer/microsoft.sqlserver.transactsql.scriptdom/180.18.1/microsoft.sqlserver.transactsql.scriptdom.180.18.1.nupkg 3ms
build-and-test	Restore NuGet packages	2026-07-27T07:47:54.8987791Z   OK https://api.nuget.org/v3-flatcontainer/microsoft.visualstudio.sdk/17.9.37000/microsoft.visualstudio.sdk.17.9.37000.nupkg 4ms
build-and-test	Restore NuGet packages	2026-07-27T07:47:54.9111621Z   OK https://api.nuget.org/v3-flatcontainer/nunit3testadapter/4.4.1/nunit3testadapter.4.4.1.nupkg 17ms
build-and-test	Restore NuGet packages	2026-07-27T07:47:54.9301161Z   OK https://api.nuget.org/v3-flatcontainer/microsoft.vssdk.buildtools/17.9.3168/microsoft.vssdk.buildtools.17.9.3168.nupkg 35ms
build-and-test	Restore NuGet packages	2026-07-27T07:47:55.0030994Z   GET https://api.nuget.org/v3-flatcontainer/microsoft.codecoverage/index.json
build-and-test	Restore NuGet packages	2026-07-27T07:47:55.0064231Z   OK https://api.nuget.org/v3-flatcontainer/microsoft.codecoverage/index.json 3ms
build-and-test	Restore NuGet packages	2026-07-27T07:47:55.0092267Z   GET https://api.nuget.org/v3-flatcontainer/microsoft.codecoverage/17.9.0/microsoft.codecoverage.17.9.0.nupkg
build-and-test	Restore NuGet packages	2026-07-27T07:47:55.0124149Z   OK https://api.nuget.org/v3-flatcontainer/microsoft.codecoverage/17.9.0/microsoft.codecoverage.17.9.0.nupkg 3ms
build-and-test	Restore NuGet packages	2026-07-27T07:47:55.1956946Z   GET https://api.nuget.org/v3-flatcontainer/microsoft.visualstudio.sdk.analyzers/index.json
build-and-test	Restore NuGet packages	2026-07-27T07:47:55.1958840Z   GET https://api.nuget.org/v3-flatcontainer/microsoft.vssdk.compatibilityanalyzer/index.json
build-and-test	Restore NuGet packages	2026-07-27T07:47:55.2013977Z   GET https://api.nuget.org/v3-flatcontainer/microsoft.visualstudio.package.languageservice.15.0/index.json
build-and-test	Restore NuGet packages	2026-07-27T07:47:55.2016969Z   GET https://api.nuget.org/v3-flatcontainer/microsoft.visualstudio.shell.15.0/index.json
build-and-test	Restore NuGet packages	2026-07-27T07:47:55.2026294Z   GET https://api.nuget.org/v3-flatcontainer/microsoft.visualstudio.shell.framework/index.json
build-and-test	Restore NuGet packages	2026-07-27T07:47:55.2037661Z   GET https://api.nuget.org/v3-flatcontainer/microsoft.visualstudio.imaging/index.json
build-and-test	Restore NuGet packages	2026-07-27T07:47:55.2040677Z   GET https://api.nuget.org/v3-flatcontainer/microsoft.visualstudio.utilities/index.json
build-and-test	Restore NuGet packages	2026-07-27T07:47:55.2094906Z   GET https://api.nuget.org/v3-flatcontainer/microsoft.visualstudio.linux.connectionmanager.store/index.json
build-and-test	Restore NuGet packages	2026-07-27T07:47:55.2109894Z   GET https://api.nuget.org/v3-flatcontainer/microsoft.visualstudio.interop/index.json
build-and-test	Restore NuGet packages	2026-07-27T07:47:55.2112454Z   GET https://api.nuget.org/v3-flatcontainer/microsoft.visualstudio.graphmodel/index.json
build-and-test	Restore NuGet packages	2026-07-27T07:47:55.2113627Z   GET https://api.nuget.org/v3-flatcontainer/envdte100/index.json
build-and-test	Restore NuGet packages	2026-07-27T07:47:55.2160843Z   OK https://api.nuget.org/v3-flatcontainer/microsoft.visualstudio.imaging/index.json 5ms
build-and-test	Restore NuGet packages	2026-07-27T07:47:55.2230218Z   GET https://api.nuget.org/v3-flatcontainer/envdte80/index.json
build-and-test	Restore NuGet packages	2026-07-27T07:47:55.2233800Z   GET https://api.nuget.org/v3-flatcontainer/envdte90a/index.json
build-and-test	Restore NuGet packages	2026-07-27T07:47:55.2261301Z   GET https://api.nuget.org/v3-flatcontainer/envdte90/index.json
build-and-test	Restore NuGet packages	2026-07-27T07:47:55.2294768Z   OK https://api.nuget.org/v3-flatcontainer/envdte80/index.json 3ms
build-and-test	Restore NuGet packages	2026-07-27T07:47:55.2310734Z   GET https://api.nuget.org/v3-flatcontainer/envdte/index.json
build-and-test	Restore NuGet packages	2026-07-27T07:47:55.2326673Z   GET https://api.nuget.org/v3-flatcontainer/microsoft.visualstudio.imaging/17.9.37000/microsoft.visualstudio.imaging.17.9.37000.nupkg
build-and-test	Restore NuGet packages	2026-07-27T07:47:55.2331291Z   GET https://api.nuget.org/v3-flatcontainer/microsoft.visualstudio.commandbars/index.json
build-and-test	Restore NuGet packages	2026-07-27T07:47:55.2334567Z   GET https://api.nuget.org/v3-flatcontainer/microsoft.visualstudio.ole.interop/index.json
build-and-test	Restore NuGet packages	2026-07-27T07:47:55.2337327Z   OK https://api.nuget.org/v3-flatcontainer/microsoft.visualstudio.interop/index.json 13ms
build-and-test	Restore NuGet packages	2026-07-27T07:47:55.2339423Z   OK https://api.nuget.org/v3-flatcontainer/envdte/index.json 4ms
build-and-test	Restore NuGet packages	2026-07-27T07:47:55.2340655Z   OK https://api.nuget.org/v3-flatcontainer/envdte100/index.json 12ms
build-and-test	Restore NuGet packages	2026-07-27T07:47:55.2377200Z   GET https://api.nuget.org/v3-flatcontainer/microsoft.visualstudio.designer.interfaces/index.json
build-and-test	Restore NuGet packages	2026-07-27T07:47:55.2387658Z   GET https://api.nuget.org/v3-flatcontainer/envdte80/17.9.37000/envdte80.17.9.37000.nupkg
build-and-test	Restore NuGet packages	2026-07-27T07:47:55.2390721Z   GET https://api.nuget.org/v3-flatcontainer/microsoft.visualstudio.shell.interop.10.0/index.json
build-and-test	Restore NuGet packages	2026-07-27T07:47:55.2396127Z   OK https://api.nuget.org/v3-flatcontainer/microsoft.visualstudio.designer.interfaces/index.json 3ms
build-and-test	Restore NuGet packages	2026-07-27T07:47:55.2398262Z   OK https://api.nuget.org/v3-flatcontainer/envdte90/index.json 13ms
build-and-test	Restore NuGet packages	2026-07-27T07:47:55.2400265Z   OK https://api.nuget.org/v3-flatcontainer/envdte90a/index.json 15ms
build-and-test	Restore NuGet packages	2026-07-27T07:47:55.2407546Z   GET https://api.nuget.org/v3-flatcontainer/envdte/17.9.37000/envdte.17.9.37000.nupkg
build-and-test	Restore NuGet packages	2026-07-27T07:47:55.2439985Z   OK https://api.nuget.org/v3-flatcontainer/envdte80/17.9.37000/envdte80.17.9.37000.nupkg 5ms
build-and-test	Restore NuGet packages	2026-07-27T07:47:55.2454815Z   GET https://api.nuget.org/v3-flatcontainer/envdte100/17.9.37000/envdte100.17.9.37000.nupkg
build-and-test	Restore NuGet packages	2026-07-27T07:47:55.2456474Z   GET https://api.nuget.org/v3-flatcontainer/microsoft.visualstudio.interop/17.9.37000/microsoft.visualstudio.interop.17.9.37000.nupkg
build-and-test	Restore NuGet packages	2026-07-27T07:47:55.2458175Z   OK https://api.nuget.org/v3-flatcontainer/microsoft.visualstudio.shell.interop.10.0/index.json 6ms
build-and-test	Restore NuGet packages	2026-07-27T07:47:55.2459400Z   OK https://api.nuget.org/v3-flatcontainer/microsoft.visualstudio.commandbars/index.json 13ms
build-and-test	Restore NuGet packages	2026-07-27T07:47:55.2460609Z   OK https://api.nuget.org/v3-flatcontainer/microsoft.visualstudio.imaging/17.9.37000/microsoft.visualstudio.imaging.17.9.37000.nupkg 14ms
build-and-test	Restore NuGet packages	2026-07-27T07:47:55.2461712Z   GET https://api.nuget.org/v3-flatcontainer/microsoft.visualstudio.designer.interfaces/17.9.37000/microsoft.visualstudio.designer.interfaces.17.9.37000.nupkg
build-and-test	Restore NuGet packages	2026-07-27T07:47:55.2462627Z   OK https://api.nuget.org/v3-flatcontainer/microsoft.visualstudio.sdk.analyzers/index.json 36ms
build-and-test	Restore NuGet packages	2026-07-27T07:47:55.2463223Z   OK https://api.nuget.org/v3-flatcontainer/envdte/17.9.37000/envdte.17.9.37000.nupkg 4ms
build-and-test	Restore NuGet packages	2026-07-27T07:47:55.2463822Z   OK https://api.nuget.org/v3-flatcontainer/microsoft.visualstudio.ole.interop/index.json 13ms
build-and-test	Restore NuGet packages	2026-07-27T07:47:55.2464646Z   OK https://api.nuget.org/v3-flatcontainer/microsoft.vssdk.compatibilityanalyzer/index.json 37ms
build-and-test	Restore NuGet packages	2026-07-27T07:47:55.2465277Z   OK https://api.nuget.org/v3-flatcontainer/envdte100/17.9.37000/envdte100.17.9.37000.nupkg 5ms
build-and-test	Restore NuGet packages	2026-07-27T07:47:55.2466176Z   GET https://api.nuget.org/v3-flatcontainer/envdte90/17.9.37000/envdte90.17.9.37000.nupkg
build-and-test	Restore NuGet packages	2026-07-27T07:47:55.2467360Z   OK https://api.nuget.org/v3-flatcontainer/microsoft.visualstudio.interop/17.9.37000/microsoft.visualstudio.interop.17.9.37000.nupkg 5ms
build-and-test	Restore NuGet packages	2026-07-27T07:47:55.2540335Z   OK https://api.nuget.org/v3-flatcontainer/microsoft.visualstudio.package.languageservice.15.0/index.json 34ms
build-and-test	Restore NuGet packages	2026-07-27T07:47:55.2541511Z   OK https://api.nuget.org/v3-flatcontainer/microsoft.visualstudio.shell.15.0/index.json 34ms
build-and-test	Restore NuGet packages	2026-07-27T07:47:55.2542315Z   GET https://api.nuget.org/v3-flatcontainer/envdte90a/17.9.37000/envdte90a.17.9.37000.nupkg
build-and-test	Restore NuGet packages	2026-07-27T07:47:55.2543150Z   OK https://api.nuget.org/v3-flatcontainer/microsoft.visualstudio.utilities/index.json 33ms
build-and-test	Restore NuGet packages	2026-07-27T07:47:55.2544328Z   GET https://api.nuget.org/v3-flatcontainer/microsoft.visualstudio.shell.interop.10.0/17.9.37000/microsoft.visualstudio.shell.interop.10.0.17.9.37000.nupkg
build-and-test	Restore NuGet packages	2026-07-27T07:47:55.2545885Z   OK https://api.nuget.org/v3-flatcontainer/microsoft.visualstudio.designer.interfaces/17.9.37000/microsoft.visualstudio.designer.interfaces.17.9.37000.nupkg 7ms
build-and-test	Restore NuGet packages	2026-07-27T07:47:55.2547169Z   OK https://api.nuget.org/v3-flatcontainer/envdte90/17.9.37000/envdte90.17.9.37000.nupkg 5ms
build-and-test	Restore NuGet packages	2026-07-27T07:47:55.2548636Z   GET https://api.nuget.org/v3-flatcontainer/microsoft.visualstudio.sdk.analyzers/16.10.10/microsoft.visualstudio.sdk.analyzers.16.10.10.nupkg
build-and-test	Restore NuGet packages	2026-07-27T07:47:55.2550535Z   GET https://api.nuget.org/v3-flatcontainer/microsoft.visualstudio.ole.interop/17.9.37000/microsoft.visualstudio.ole.interop.17.9.37000.nupkg
build-and-test	Restore NuGet packages	2026-07-27T07:47:55.2552053Z   OK https://api.nuget.org/v3-flatcontainer/envdte90a/17.9.37000/envdte90a.17.9.37000.nupkg 6ms
build-and-test	Restore NuGet packages	2026-07-27T07:47:55.2553622Z   GET https://api.nuget.org/v3-flatcontainer/microsoft.visualstudio.commandbars/17.9.37000/microsoft.visualstudio.commandbars.17.9.37000.nupkg
build-and-test	Restore NuGet packages	2026-07-27T07:47:55.2568987Z   GET https://api.nuget.org/v3-flatcontainer/microsoft.vssdk.compatibilityanalyzer/17.9.3168/microsoft.vssdk.compatibilityanalyzer.17.9.3168.nupkg
build-and-test	Restore NuGet packages	2026-07-27T07:47:55.2572627Z   OK https://api.nuget.org/v3-flatcontainer/microsoft.visualstudio.ole.interop/17.9.37000/microsoft.visualstudio.ole.interop.17.9.37000.nupkg 8ms
build-and-test	Restore NuGet packages	2026-07-27T07:47:55.2574885Z   OK https://api.nuget.org/v3-flatcontainer/microsoft.visualstudio.shell.interop.10.0/17.9.37000/microsoft.visualstudio.shell.interop.10.0.17.9.37000.nupkg 13ms
build-and-test	Restore NuGet packages	2026-07-27T07:47:55.2576792Z   OK https://api.nuget.org/v3-flatcontainer/microsoft.visualstudio.sdk.analyzers/16.10.10/microsoft.visualstudio.sdk.analyzers.16.10.10.nupkg 9ms
build-and-test	Restore NuGet packages	2026-07-27T07:47:55.2578109Z   OK https://api.nuget.org/v3-flatcontainer/microsoft.visualstudio.linux.connectionmanager.store/index.json 46ms
build-and-test	Restore NuGet packages	2026-07-27T07:47:55.2579136Z   OK https://api.nuget.org/v3-flatcontainer/microsoft.visualstudio.graphmodel/index.json 49ms
build-and-test	Restore NuGet packages	2026-07-27T07:47:55.2686948Z   GET https://api.nuget.org/v3-flatcontainer/microsoft.visualstudio.package.languageservice.15.0/17.9.37000/microsoft.visualstudio.package.languageservice.15.0.17.9.37000.nupkg
build-and-test	Restore NuGet packages	2026-07-27T07:47:55.2688344Z   OK https://api.nuget.org/v3-flatcontainer/microsoft.visualstudio.commandbars/17.9.37000/microsoft.visualstudio.commandbars.17.9.37000.nupkg 14ms
build-and-test	Restore NuGet packages	2026-07-27T07:47:55.2689365Z   GET https://api.nuget.org/v3-flatcontainer/microsoft.visualstudio.shell.15.0/17.9.37000/microsoft.visualstudio.shell.15.0.17.9.37000.nupkg
build-and-test	Restore NuGet packages	2026-07-27T07:47:55.2691321Z   GET https://api.nuget.org/v3-flatcontainer/microsoft.visualstudio.graphmodel/17.9.37000/microsoft.visualstudio.graphmodel.17.9.37000.nupkg
build-and-test	Restore NuGet packages	2026-07-27T07:47:55.2692674Z   GET https://api.nuget.org/v3-flatcontainer/system.valuetuple/index.json
build-and-test	Restore NuGet packages	2026-07-27T07:47:55.2695474Z   GET https://api.nuget.org/v3-flatcontainer/microsoft.visualstudio.utilities/17.9.37000/microsoft.visualstudio.utilities.17.9.37000.nupkg
build-and-test	Restore NuGet packages	2026-07-27T07:47:55.2697367Z   OK https://api.nuget.org/v3-flatcontainer/microsoft.visualstudio.shell.15.0/17.9.37000/microsoft.visualstudio.shell.15.0.17.9.37000.nupkg 6ms
build-and-test	Restore NuGet packages	2026-07-27T07:47:55.2699554Z   OK https://api.nuget.org/v3-flatcontainer/microsoft.visualstudio.graphmodel/17.9.37000/microsoft.visualstudio.graphmodel.17.9.37000.nupkg 6ms
build-and-test	Restore NuGet packages	2026-07-27T07:47:55.2739879Z   GET https://api.nuget.org/v3-flatcontainer/microsoft.visualstudio.linux.connectionmanager.store/17.9.37000/microsoft.visualstudio.linux.connectionmanager.store.17.9.37000.nupkg
build-and-test	Restore NuGet packages	2026-07-27T07:47:55.2745321Z   OK https://api.nuget.org/v3-flatcontainer/microsoft.vssdk.compatibilityanalyzer/17.9.3168/microsoft.vssdk.compatibilityanalyzer.17.9.3168.nupkg 21ms
build-and-test	Restore NuGet packages	2026-07-27T07:47:55.2759656Z   OK https://api.nuget.org/v3-flatcontainer/microsoft.visualstudio.package.languageservice.15.0/17.9.37000/microsoft.visualstudio.package.languageservice.15.0.17.9.37000.nupkg 16ms
build-and-test	Restore NuGet packages	2026-07-27T07:47:55.2780525Z   OK https://api.nuget.org/v3-flatcontainer/system.valuetuple/index.json 12ms
build-and-test	Restore NuGet packages	2026-07-27T07:47:55.2803200Z   OK https://api.nuget.org/v3-flatcontainer/microsoft.visualstudio.utilities/17.9.37000/microsoft.visualstudio.utilities.17.9.37000.nupkg 14ms
build-and-test	Restore NuGet packages	2026-07-27T07:47:55.2907570Z   GET https://api.nuget.org/v3-flatcontainer/microsoft.visualstudio.shell.interop.11.0/index.json
build-and-test	Restore NuGet packages	2026-07-27T07:47:55.2911320Z   GET https://api.nuget.org/v3-flatcontainer/microsoft.visualstudio.shell.interop.12.0/index.json
build-and-test	Restore NuGet packages	2026-07-27T07:47:55.2914091Z   OK https://api.nuget.org/v3-flatcontainer/microsoft.visualstudio.linux.connectionmanager.store/17.9.37000/microsoft.visualstudio.linux.connectionmanager.store.17.9.37000.nupkg 14ms
build-and-test	Restore NuGet packages	2026-07-27T07:47:55.2916564Z   GET https://api.nuget.org/v3-flatcontainer/system.threading.tasks.extensions/index.json
build-and-test	Restore NuGet packages	2026-07-27T07:47:55.2918293Z   OK https://api.nuget.org/v3-flatcontainer/microsoft.visualstudio.shell.interop.11.0/index.json 4ms
build-and-test	Restore NuGet packages	2026-07-27T07:47:55.2919993Z   GET https://api.nuget.org/v3-flatcontainer/system.text.json/index.json
build-and-test	Restore NuGet packages	2026-07-27T07:47:55.2921374Z   OK https://api.nuget.org/v3-flatcontainer/microsoft.visualstudio.shell.framework/index.json 88ms
build-and-test	Restore NuGet packages	2026-07-27T07:47:55.2961061Z   OK https://api.nuget.org/v3-flatcontainer/system.text.json/index.json 4ms
build-and-test	Restore NuGet packages	2026-07-27T07:47:55.2969727Z   OK https://api.nuget.org/v3-flatcontainer/system.threading.tasks.extensions/index.json 4ms
build-and-test	Restore NuGet packages	2026-07-27T07:47:55.2975305Z   GET https://api.nuget.org/v3-flatcontainer/system.valuetuple/4.5.0/system.valuetuple.4.5.0.nupkg
build-and-test	Restore NuGet packages	2026-07-27T07:47:55.2978011Z   GET https://api.nuget.org/v3-flatcontainer/system.text.encodings.web/index.json
build-and-test	Restore NuGet packages	2026-07-27T07:47:55.2982133Z   GET https://api.nuget.org/v3-flatcontainer/microsoft.visualstudio.shell.interop.11.0/17.9.37000/microsoft.visualstudio.shell.interop.11.0.17.9.37000.nupkg
build-and-test	Restore NuGet packages	2026-07-27T07:47:55.2994606Z   OK https://api.nuget.org/v3-flatcontainer/system.valuetuple/4.5.0/system.valuetuple.4.5.0.nupkg 3ms
build-and-test	Restore NuGet packages	2026-07-27T07:47:55.2997663Z   OK https://api.nuget.org/v3-flatcontainer/microsoft.visualstudio.shell.interop.12.0/index.json 14ms
build-and-test	Restore NuGet packages	2026-07-27T07:47:55.3008747Z   OK https://api.nuget.org/v3-flatcontainer/system.text.encodings.web/index.json 3ms
build-and-test	Restore NuGet packages	2026-07-27T07:47:55.3026407Z   OK https://api.nuget.org/v3-flatcontainer/microsoft.visualstudio.shell.interop.11.0/17.9.37000/microsoft.visualstudio.shell.interop.11.0.17.9.37000.nupkg 5ms
build-and-test	Restore NuGet packages	2026-07-27T07:47:55.3044818Z   GET https://api.nuget.org/v3-flatcontainer/microsoft.visualstudio.shell.framework/17.9.37000/microsoft.visualstudio.shell.framework.17.9.37000.nupkg
build-and-test	Restore NuGet packages	2026-07-27T07:47:55.3048961Z   GET https://api.nuget.org/v3-flatcontainer/system.threading.tasks.extensions/4.5.4/system.threading.tasks.extensions.4.5.4.nupkg
build-and-test	Restore NuGet packages	2026-07-27T07:47:55.3050048Z   GET https://api.nuget.org/v3-flatcontainer/system.security.principal.windows/index.json
build-and-test	Restore NuGet packages	2026-07-27T07:47:55.3071142Z   OK https://api.nuget.org/v3-flatcontainer/system.threading.tasks.extensions/4.5.4/system.threading.tasks.extensions.4.5.4.nupkg 3ms
build-and-test	Restore NuGet packages	2026-07-27T07:47:55.3129280Z   OK https://api.nuget.org/v3-flatcontainer/system.security.principal.windows/index.json 9ms
build-and-test	Restore NuGet packages	2026-07-27T07:47:55.3184814Z   OK https://api.nuget.org/v3-flatcontainer/microsoft.visualstudio.shell.framework/17.9.37000/microsoft.visualstudio.shell.framework.17.9.37000.nupkg 14ms
build-and-test	Restore NuGet packages	2026-07-27T07:47:55.3295483Z   GET https://api.nuget.org/v3-flatcontainer/system.text.json/8.0.0/system.text.json.8.0.0.nupkg
build-and-test	Restore NuGet packages	2026-07-27T07:47:55.3298397Z   GET https://api.nuget.org/v3-flatcontainer/system.threading.tasks.dataflow/index.json
build-and-test	Restore NuGet packages	2026-07-27T07:47:55.3305346Z   GET https://api.nuget.org/v3-flatcontainer/microsoft.visualstudio.threading.analyzers/index.json
build-and-test	Restore NuGet packages	2026-07-27T07:47:55.3322477Z   GET https://api.nuget.org/v3-flatcontainer/system.threading.accesscontrol/index.json
build-and-test	Restore NuGet packages	2026-07-27T07:47:55.3323995Z   OK https://api.nuget.org/v3-flatcontainer/system.text.json/8.0.0/system.text.json.8.0.0.nupkg 4ms
build-and-test	Restore NuGet packages	2026-07-27T07:47:55.3346011Z   OK https://api.nuget.org/v3-flatcontainer/system.threading.accesscontrol/index.json 3ms
build-and-test	Restore NuGet packages	2026-07-27T07:47:55.3404490Z   OK https://api.nuget.org/v3-flatcontainer/microsoft.visualstudio.threading.analyzers/index.json 9ms
build-and-test	Restore NuGet packages	2026-07-27T07:47:55.3411230Z   OK https://api.nuget.org/v3-flatcontainer/system.threading.tasks.dataflow/index.json 10ms
build-and-test	Restore NuGet packages	2026-07-27T07:47:55.3412721Z   GET https://api.nuget.org/v3-flatcontainer/system.runtime.compilerservices.unsafe/index.json
build-and-test	Restore NuGet packages	2026-07-27T07:47:55.3421911Z   GET https://api.nuget.org/v3-flatcontainer/system.text.encodings.web/8.0.0/system.text.encodings.web.8.0.0.nupkg
build-and-test	Restore NuGet packages	2026-07-27T07:47:55.3425470Z   GET https://api.nuget.org/v3-flatcontainer/system.composition.runtime/index.json
build-and-test	Restore NuGet packages	2026-07-27T07:47:55.3432819Z   OK https://api.nuget.org/v3-flatcontainer/system.runtime.compilerservices.unsafe/index.json 2ms
build-and-test	Restore NuGet packages	2026-07-27T07:47:55.3462669Z   GET https://api.nuget.org/v3-flatcontainer/microsoft.visualstudio.shell.interop.12.0/17.9.37000/microsoft.visualstudio.shell.interop.12.0.17.9.37000.nupkg
build-and-test	Restore NuGet packages	2026-07-27T07:47:55.3464412Z   OK https://api.nuget.org/v3-flatcontainer/system.text.encodings.web/8.0.0/system.text.encodings.web.8.0.0.nupkg 3ms
build-and-test	Restore NuGet packages	2026-07-27T07:47:55.3465166Z   OK https://api.nuget.org/v3-flatcontainer/system.composition.runtime/index.json 3ms
build-and-test	Restore NuGet packages	2026-07-27T07:47:55.3467230Z   GET https://api.nuget.org/v3-flatcontainer/system.security.principal.windows/5.0.0/system.security.principal.windows.5.0.0.nupkg
build-and-test	Restore NuGet packages	2026-07-27T07:47:55.3468657Z   GET https://api.nuget.org/v3-flatcontainer/system.composition.hosting/index.json
build-and-test	Restore NuGet packages	2026-07-27T07:47:55.3498292Z   GET https://api.nuget.org/v3-flatcontainer/system.composition.convention/index.json
build-and-test	Restore NuGet packages	2026-07-27T07:47:55.3503420Z   OK https://api.nuget.org/v3-flatcontainer/system.composition.hosting/index.json 3ms
build-and-test	Restore NuGet packages	2026-07-27T07:47:55.3506602Z   OK https://api.nuget.org/v3-flatcontainer/microsoft.visualstudio.shell.interop.12.0/17.9.37000/microsoft.visualstudio.shell.interop.12.0.17.9.37000.nupkg 4ms
build-and-test	Restore NuGet packages	2026-07-27T07:47:55.3509362Z   GET https://api.nuget.org/v3-flatcontainer/system.composition.attributedmodel/index.json
build-and-test	Restore NuGet packages	2026-07-27T07:47:55.3536318Z   GET https://api.nuget.org/v3-flatcontainer/system.composition/index.json
build-and-test	Restore NuGet packages	2026-07-27T07:47:55.3538573Z   OK https://api.nuget.org/v3-flatcontainer/system.composition.convention/index.json 3ms
build-and-test	Restore NuGet packages	2026-07-27T07:47:55.3541355Z   GET https://api.nuget.org/v3-flatcontainer/system.threading.accesscontrol/8.0.0/system.threading.accesscontrol.8.0.0.nupkg
build-and-test	Restore NuGet packages	2026-07-27T07:47:55.3543868Z   OK https://api.nuget.org/v3-flatcontainer/system.security.principal.windows/5.0.0/system.security.principal.windows.5.0.0.nupkg 7ms
build-and-test	Restore NuGet packages	2026-07-27T07:47:55.3558918Z   OK https://api.nuget.org/v3-flatcontainer/system.composition/index.json 2ms
build-and-test	Restore NuGet packages	2026-07-27T07:47:55.3568006Z   OK https://api.nuget.org/v3-flatcontainer/system.threading.accesscontrol/8.0.0/system.threading.accesscontrol.8.0.0.nupkg 3ms
build-and-test	Restore NuGet packages	2026-07-27T07:47:55.3571064Z   OK https://api.nuget.org/v3-flatcontainer/system.composition.attributedmodel/index.json 6ms
build-and-test	Restore NuGet packages	2026-07-27T07:47:55.3686970Z   GET https://api.nuget.org/v3-flatcontainer/system.threading.tasks.dataflow/8.0.0/system.threading.tasks.dataflow.8.0.0.nupkg
build-and-test	Restore NuGet packages	2026-07-27T07:47:55.3691156Z   GET https://api.nuget.org/v3-flatcontainer/microsoft.visualstudio.threading.analyzers/16.10.56/microsoft.visualstudio.threading.analyzers.16.10.56.nupkg
build-and-test	Restore NuGet packages	2026-07-27T07:47:55.3694498Z   GET https://api.nuget.org/v3-flatcontainer/system.runtime.compilerservices.unsafe/6.0.0/system.runtime.compilerservices.unsafe.6.0.0.nupkg
build-and-test	Restore NuGet packages	2026-07-27T07:47:55.3711622Z   GET https://api.nuget.org/v3-flatcontainer/system.composition.runtime/8.0.0/system.composition.runtime.8.0.0.nupkg
build-and-test	Restore NuGet packages	2026-07-27T07:47:55.3716742Z   GET https://api.nuget.org/v3-flatcontainer/system.composition.hosting/8.0.0/system.composition.hosting.8.0.0.nupkg
build-and-test	Restore NuGet packages	2026-07-27T07:47:55.3726035Z   GET https://api.nuget.org/v3-flatcontainer/system.composition.convention/8.0.0/system.composition.convention.8.0.0.nupkg
build-and-test	Restore NuGet packages	2026-07-27T07:47:55.3740190Z   OK https://api.nuget.org/v3-flatcontainer/system.runtime.compilerservices.unsafe/6.0.0/system.runtime.compilerservices.unsafe.6.0.0.nupkg 3ms
build-and-test	Restore NuGet packages	2026-07-27T07:47:55.3746756Z   OK https://api.nuget.org/v3-flatcontainer/system.threading.tasks.dataflow/8.0.0/system.threading.tasks.dataflow.8.0.0.nupkg 4ms
build-and-test	Restore NuGet packages	2026-07-27T07:47:55.3748967Z   OK https://api.nuget.org/v3-flatcontainer/microsoft.visualstudio.threading.analyzers/16.10.56/microsoft.visualstudio.threading.analyzers.16.10.56.nupkg 5ms
build-and-test	Restore NuGet packages	2026-07-27T07:47:55.3754876Z   OK https://api.nuget.org/v3-flatcontainer/system.composition.hosting/8.0.0/system.composition.hosting.8.0.0.nupkg 3ms
build-and-test	Restore NuGet packages	2026-07-27T07:47:55.3757743Z   OK https://api.nuget.org/v3-flatcontainer/system.composition.runtime/8.0.0/system.composition.runtime.8.0.0.nupkg 3ms
build-and-test	Restore NuGet packages	2026-07-27T07:47:55.3767968Z   GET https://api.nuget.org/v3-flatcontainer/system.composition/8.0.0/system.composition.8.0.0.nupkg
build-and-test	Restore NuGet packages	2026-07-27T07:47:55.3786877Z   OK https://api.nuget.org/v3-flatcontainer/system.composition/8.0.0/system.composition.8.0.0.nupkg 3ms
build-and-test	Restore NuGet packages	2026-07-27T07:47:55.3842706Z   GET https://api.nuget.org/v3-flatcontainer/system.composition.attributedmodel/8.0.0/system.composition.attributedmodel.8.0.0.nupkg
build-and-test	Restore NuGet packages	2026-07-27T07:47:55.3882730Z   GET https://api.nuget.org/v3-flatcontainer/microsoft.visualstudio.shell.interop.8.0/index.json
build-and-test	Restore NuGet packages	2026-07-27T07:47:55.3887471Z   GET https://api.nuget.org/v3-flatcontainer/system.reflection.metadata/index.json
build-and-test	Restore NuGet packages	2026-07-27T07:47:55.3891379Z   OK https://api.nuget.org/v3-flatcontainer/system.composition.convention/8.0.0/system.composition.convention.8.0.0.nupkg 15ms
build-and-test	Restore NuGet packages	2026-07-27T07:47:55.3892582Z   GET https://api.nuget.org/v3-flatcontainer/system.collections.immutable/index.json
build-and-test	Restore NuGet packages	2026-07-27T07:47:55.3915993Z   OK https://api.nuget.org/v3-flatcontainer/system.collections.immutable/index.json 2ms
build-and-test	Restore NuGet packages	2026-07-27T07:47:55.3953283Z   OK https://api.nuget.org/v3-flatcontainer/system.reflection.metadata/index.json 10ms
build-and-test	Restore NuGet packages	2026-07-27T07:47:55.3962812Z   OK https://api.nuget.org/v3-flatcontainer/system.composition.attributedmodel/8.0.0/system.composition.attributedmodel.8.0.0.nupkg 12ms
build-and-test	Restore NuGet packages	2026-07-27T07:47:55.3971361Z   OK https://api.nuget.org/v3-flatcontainer/microsoft.visualstudio.shell.interop.8.0/index.json 12ms
build-and-test	Restore NuGet packages	2026-07-27T07:47:55.3979586Z   GET https://api.nuget.org/v3-flatcontainer/system.collections.immutable/8.0.0/system.collections.immutable.8.0.0.nupkg
build-and-test	Restore NuGet packages	2026-07-27T07:47:55.4011560Z   OK https://api.nuget.org/v3-flatcontainer/system.collections.immutable/8.0.0/system.collections.immutable.8.0.0.nupkg 2ms
build-and-test	Restore NuGet packages	2026-07-27T07:47:55.4119209Z   GET https://api.nuget.org/v3-flatcontainer/system.reflection.metadata/8.0.0/system.reflection.metadata.8.0.0.nupkg
build-and-test	Restore NuGet packages	2026-07-27T07:47:55.4124517Z   GET https://api.nuget.org/v3-flatcontainer/microsoft.visualstudio.shell.interop.8.0/17.9.37000/microsoft.visualstudio.shell.interop.8.0.17.9.37000.nupkg
build-and-test	Restore NuGet packages	2026-07-27T07:47:55.4139052Z   GET https://api.nuget.org/v3-flatcontainer/system.buffers/index.json
build-and-test	Restore NuGet packages	2026-07-27T07:47:55.4185005Z   OK https://api.nuget.org/v3-flatcontainer/system.reflection.metadata/8.0.0/system.reflection.metadata.8.0.0.nupkg 5ms
build-and-test	Restore NuGet packages	2026-07-27T07:47:55.4186942Z   OK https://api.nuget.org/v3-flatcontainer/microsoft.visualstudio.shell.interop.8.0/17.9.37000/microsoft.visualstudio.shell.interop.8.0.17.9.37000.nupkg 5ms
build-and-test	Restore NuGet packages	2026-07-27T07:47:55.4195916Z   GET https://api.nuget.org/v3-flatcontainer/streamjsonrpc/index.json
build-and-test	Restore NuGet packages	2026-07-27T07:47:55.4209309Z   GET https://api.nuget.org/v3-flatcontainer/nerdbank.streams/index.json
build-and-test	Restore NuGet packages	2026-07-27T07:47:55.4210660Z   OK https://api.nuget.org/v3-flatcontainer/system.buffers/index.json 6ms
build-and-test	Restore NuGet packages	2026-07-27T07:47:55.4237791Z   GET https://api.nuget.org/v3-flatcontainer/microsoft.win32.registry/index.json
build-and-test	Restore NuGet packages	2026-07-27T07:47:55.4238873Z   GET https://api.nuget.org/v3-flatcontainer/system.numerics.vectors/index.json
build-and-test	Restore NuGet packages	2026-07-27T07:47:55.4241529Z   OK https://api.nuget.org/v3-flatcontainer/streamjsonrpc/index.json 4ms
build-and-test	Restore NuGet packages	2026-07-27T07:47:55.4243786Z   GET https://api.nuget.org/v3-flatcontainer/system.memory/index.json
build-and-test	Restore NuGet packages	2026-07-27T07:47:55.4249511Z   GET https://api.nuget.org/v3-flatcontainer/microsoft.visualstudio.utilities.internal/index.json
build-and-test	Restore NuGet packages	2026-07-27T07:47:55.4251709Z   GET https://api.nuget.org/v3-flatcontainer/system.buffers/4.5.1/system.buffers.4.5.1.nupkg
build-and-test	Restore NuGet packages	2026-07-27T07:47:55.4264771Z   GET https://api.nuget.org/v3-flatcontainer/system.io.pipelines/index.json
build-and-test	Restore NuGet packages	2026-07-27T07:47:55.4272655Z   OK https://api.nuget.org/v3-flatcontainer/microsoft.win32.registry/index.json 3ms
build-and-test	Restore NuGet packages	2026-07-27T07:47:55.4274548Z   OK https://api.nuget.org/v3-flatcontainer/nerdbank.streams/index.json 5ms
build-and-test	Restore NuGet packages	2026-07-27T07:47:55.4279134Z   OK https://api.nuget.org/v3-flatcontainer/system.numerics.vectors/index.json 3ms
build-and-test	Restore NuGet packages	2026-07-27T07:47:55.4280135Z   GET https://api.nuget.org/v3-flatcontainer/microsoft.visualstudio.threading.analyzers/17.9.28/microsoft.visualstudio.threading.analyzers.17.9.28.nupkg
build-and-test	Restore NuGet packages	2026-07-27T07:47:55.4281152Z   OK https://api.nuget.org/v3-flatcontainer/system.memory/index.json 3ms
build-and-test	Restore NuGet packages	2026-07-27T07:47:55.4295202Z   OK https://api.nuget.org/v3-flatcontainer/system.io.pipelines/index.json 3ms
build-and-test	Restore NuGet packages	2026-07-27T07:47:55.4346319Z   OK https://api.nuget.org/v3-flatcontainer/system.buffers/4.5.1/system.buffers.4.5.1.nupkg 9ms
build-and-test	Restore NuGet packages	2026-07-27T07:47:55.4349316Z   GET https://api.nuget.org/v3-flatcontainer/microsoft.visualstudio.threading/index.json
build-and-test	Restore NuGet packages	2026-07-27T07:47:55.4394592Z   GET https://api.nuget.org/v3-flatcontainer/microsoft.visualstudio.text.ui.wpf/index.json
build-and-test	Restore NuGet packages	2026-07-27T07:47:55.4424589Z   GET https://api.nuget.org/v3-flatcontainer/system.diagnostics.diagnosticsource/index.json
build-and-test	Restore NuGet packages	2026-07-27T07:47:55.4432294Z   GET https://api.nuget.org/v3-flatcontainer/microsoft.visualstudio.debugger.interop.14.0/index.json
build-and-test	Restore NuGet packages	2026-07-27T07:47:55.4436432Z   GET https://api.nuget.org/v3-flatcontainer/streamjsonrpc/2.17.11/streamjsonrpc.2.17.11.nupkg
build-and-test	Restore NuGet packages	2026-07-27T07:47:55.4437335Z   GET https://api.nuget.org/v3-flatcontainer/system.composition.typedparts/index.json
build-and-test	Restore NuGet packages	2026-07-27T07:47:55.4443153Z   GET https://api.nuget.org/v3-flatcontainer/microsoft.visualstudio.debugger.interop.12.0/index.json
build-and-test	Restore NuGet packages	2026-07-27T07:47:55.4479125Z   GET https://api.nuget.org/v3-flatcontainer/nerdbank.streams/2.10.69/nerdbank.streams.2.10.69.nupkg
build-and-test	Restore NuGet packages	2026-07-27T07:47:55.4485445Z   GET https://api.nuget.org/v3-flatcontainer/microsoft.visualstudio.text.ui/index.json
build-and-test	Restore NuGet packages	2026-07-27T07:47:55.4488074Z   OK https://api.nuget.org/v3-flatcontainer/microsoft.visualstudio.threading.analyzers/17.9.28/microsoft.visualstudio.threading.analyzers.17.9.28.nupkg 19ms
build-and-test	Restore NuGet packages	2026-07-27T07:47:55.4541818Z   OK https://api.nuget.org/v3-flatcontainer/system.diagnostics.diagnosticsource/index.json 4ms
build-and-test	Restore NuGet packages	2026-07-27T07:47:55.4554574Z   OK https://api.nuget.org/v3-flatcontainer/microsoft.visualstudio.threading/index.json 12ms
build-and-test	Restore NuGet packages	2026-07-27T07:47:55.4556042Z   OK https://api.nuget.org/v3-flatcontainer/system.composition.typedparts/index.json 4ms
build-and-test	Restore NuGet packages	2026-07-27T07:47:55.4557205Z   OK https://api.nuget.org/v3-flatcontainer/streamjsonrpc/2.17.11/streamjsonrpc.2.17.11.nupkg 5ms
build-and-test	Restore NuGet packages	2026-07-27T07:47:55.4599233Z   GET https://api.nuget.org/v3-flatcontainer/microsoft.win32.registry/5.0.0/microsoft.win32.registry.5.0.0.nupkg
build-and-test	Restore NuGet packages	2026-07-27T07:47:55.4755981Z   GET https://api.nuget.org/v3-flatcontainer/microsoft.visualstudio.text.data/index.json
build-and-test	Restore NuGet packages	2026-07-27T07:47:55.4763529Z   GET https://api.nuget.org/v3-flatcontainer/system.numerics.vectors/4.5.0/system.numerics.vectors.4.5.0.nupkg
build-and-test	Restore NuGet packages	2026-07-27T07:47:55.4766610Z   GET https://api.nuget.org/v3-flatcontainer/microsoft.visualstudio.telemetry/index.json
build-and-test	Restore NuGet packages	2026-07-27T07:47:55.4767695Z   GET https://api.nuget.org/v3-flatcontainer/system.io.pipelines/8.0.0/system.io.pipelines.8.0.0.nupkg
build-and-test	Restore NuGet packages	2026-07-27T07:47:55.4768382Z   GET https://api.nuget.org/v3-flatcontainer/microsoft.visualstudio.rpccontracts/index.json
build-and-test	Restore NuGet packages	2026-07-27T07:47:55.4769038Z   GET https://api.nuget.org/v3-flatcontainer/microsoft.visualstudio.remotecontrol/index.json
build-and-test	Restore NuGet packages	2026-07-27T07:47:55.4770812Z   OK https://api.nuget.org/v3-flatcontainer/microsoft.win32.registry/5.0.0/microsoft.win32.registry.5.0.0.nupkg 5ms
build-and-test	Restore NuGet packages	2026-07-27T07:47:55.4773419Z   GET https://api.nuget.org/v3-flatcontainer/microsoft.visualstudio.composition.analyzers/index.json
build-and-test	Restore NuGet packages	2026-07-27T07:47:55.4777824Z   GET https://api.nuget.org/v3-flatcontainer/system.memory/4.5.5/system.memory.4.5.5.nupkg
build-and-test	Restore NuGet packages	2026-07-27T07:47:55.4780215Z   OK https://api.nuget.org/v3-flatcontainer/microsoft.visualstudio.utilities.internal/index.json 32ms
build-and-test	Restore NuGet packages	2026-07-27T07:47:55.4781413Z   GET https://api.nuget.org/v3-flatcontainer/microsoft.visualstudio.composition/index.json
build-and-test	Restore NuGet packages	2026-07-27T07:47:55.4782832Z   GET https://api.nuget.org/v3-flatcontainer/system.diagnostics.diagnosticsource/8.0.0/system.diagnostics.diagnosticsource.8.0.0.nupkg
build-and-test	Restore NuGet packages	2026-07-27T07:47:55.4784221Z   OK https://api.nuget.org/v3-flatcontainer/nerdbank.streams/2.10.69/nerdbank.streams.2.10.69.nupkg 16ms
build-and-test	Restore NuGet packages	2026-07-27T07:47:55.4785792Z   GET https://api.nuget.org/v3-flatcontainer/microsoft.servicehub.resources/index.json
build-and-test	Restore NuGet packages	2026-07-27T07:47:55.4787012Z   OK https://api.nuget.org/v3-flatcontainer/system.io.pipelines/8.0.0/system.io.pipelines.8.0.0.nupkg 12ms
build-and-test	Restore NuGet packages	2026-07-27T07:47:55.4788233Z   GET https://api.nuget.org/v3-flatcontainer/system.composition.typedparts/8.0.0/system.composition.typedparts.8.0.0.nupkg
build-and-test	Restore NuGet packages	2026-07-27T07:47:55.4789239Z   GET https://api.nuget.org/v3-flatcontainer/microsoft.servicehub.framework/index.json
build-and-test	Restore NuGet packages	2026-07-27T07:47:55.4790859Z   GET https://api.nuget.org/v3-flatcontainer/microsoft.visualstudio.threading/17.9.28/microsoft.visualstudio.threading.17.9.28.nupkg
build-and-test	Restore NuGet packages	2026-07-27T07:47:55.4792482Z   OK https://api.nuget.org/v3-flatcontainer/microsoft.visualstudio.composition/index.json 7ms
build-and-test	Restore NuGet packages	2026-07-27T07:47:55.4793378Z   GET https://api.nuget.org/v3-flatcontainer/microsoft.visualstudio.utilities.internal/16.3.56/microsoft.visualstudio.utilities.internal.16.3.56.nupkg
build-and-test	Restore NuGet packages	2026-07-27T07:47:55.4794705Z   OK https://api.nuget.org/v3-flatcontainer/system.memory/4.5.5/system.memory.4.5.5.nupkg 13ms
build-and-test	Restore NuGet packages	2026-07-27T07:47:55.4795490Z   GET https://api.nuget.org/v3-flatcontainer/microsoft.visualstudio.composition/17.7.40/microsoft.visualstudio.composition.17.7.40.nupkg
build-and-test	Restore NuGet packages	2026-07-27T07:47:55.4796610Z   GET https://api.nuget.org/v3-flatcontainer/microsoft.servicehub.analyzers/index.json
build-and-test	Restore NuGet packages	2026-07-27T07:47:55.4797269Z   OK https://api.nuget.org/v3-flatcontainer/microsoft.visualstudio.debugger.interop.14.0/index.json 31ms
build-and-test	Restore NuGet packages	2026-07-27T07:47:55.4798173Z   OK https://api.nuget.org/v3-flatcontainer/microsoft.visualstudio.utilities.internal/16.3.56/microsoft.visualstudio.utilities.internal.16.3.56.nupkg 7ms
build-and-test	Restore NuGet packages	2026-07-27T07:47:55.4799205Z   OK https://api.nuget.org/v3-flatcontainer/system.diagnostics.diagnosticsource/8.0.0/system.diagnostics.diagnosticsource.8.0.0.nupkg 14ms
build-and-test	Restore NuGet packages	2026-07-27T07:47:55.4887489Z   OK https://api.nuget.org/v3-flatcontainer/microsoft.visualstudio.text.ui.wpf/index.json 43ms
build-and-test	Restore NuGet packages	2026-07-27T07:47:55.4894371Z   OK https://api.nuget.org/v3-flatcontainer/system.numerics.vectors/4.5.0/system.numerics.vectors.4.5.0.nupkg 33ms
build-and-test	Restore NuGet packages	2026-07-27T07:47:55.4913174Z   OK https://api.nuget.org/v3-flatcontainer/system.composition.typedparts/8.0.0/system.composition.typedparts.8.0.0.nupkg 19ms
build-and-test	Restore NuGet packages	2026-07-27T07:47:55.4957441Z   GET https://api.nuget.org/v3-flatcontainer/microsoft.net.stringtools/index.json
build-and-test	Restore NuGet packages	2026-07-27T07:47:55.4978883Z   GET https://api.nuget.org/v3-flatcontainer/microsoft.visualstudio.debugger.interop.15.0/index.json
build-and-test	Restore NuGet packages	2026-07-27T07:47:55.5014982Z   GET https://api.nuget.org/v3-flatcontainer/microsoft.visualstudio.debugger.interop.10.0/index.json
build-and-test	Restore NuGet packages	2026-07-27T07:47:55.5020213Z   OK https://api.nuget.org/v3-flatcontainer/microsoft.visualstudio.text.data/index.json 37ms
build-and-test	Restore NuGet packages	2026-07-27T07:47:55.5043848Z   GET https://api.nuget.org/v3-flatcontainer/microsoft.visualstudio.debugger.interop.14.0/17.9.37000/microsoft.visualstudio.debugger.interop.14.0.17.9.37000.nupkg
build-and-test	Restore NuGet packages	2026-07-27T07:47:55.5046315Z   GET https://api.nuget.org/v3-flatcontainer/microsoft.visualstudio.text.ui.wpf/17.9.187/microsoft.visualstudio.text.ui.wpf.17.9.187.nupkg
build-and-test	Restore NuGet packages	2026-07-27T07:47:55.5048085Z   OK https://api.nuget.org/v3-flatcontainer/microsoft.visualstudio.remotecontrol/index.json 34ms
build-and-test	Restore NuGet packages	2026-07-27T07:47:55.5049279Z   OK https://api.nuget.org/v3-flatcontainer/microsoft.visualstudio.telemetry/index.json 37ms
build-and-test	Restore NuGet packages	2026-07-27T07:47:55.5050437Z   GET https://api.nuget.org/v3-flatcontainer/microsoft.visualstudio.imagecatalog/index.json
build-and-test	Restore NuGet packages	2026-07-27T07:47:55.5051446Z   GET https://api.nuget.org/v3-flatcontainer/microsoft.io.redist/index.json
build-and-test	Restore NuGet packages	2026-07-27T07:47:55.5052304Z   GET https://api.nuget.org/v3-flatcontainer/vslangproj/index.json
build-and-test	Restore NuGet packages	2026-07-27T07:47:55.5053067Z   OK https://api.nuget.org/v3-flatcontainer/microsoft.visualstudio.text.ui/index.json 43ms
build-and-test	Restore NuGet packages	2026-07-27T07:47:55.5054882Z   GET https://api.nuget.org/v3-flatcontainer/microsoft.codeanalysis.bannedapianalyzers/index.json
build-and-test	Restore NuGet packages	2026-07-27T07:47:55.5056879Z   OK https://api.nuget.org/v3-flatcontainer/microsoft.visualstudio.debugger.interop.12.0/index.json 47ms
build-and-test	Restore NuGet packages	2026-07-27T07:47:55.5057628Z   GET https://api.nuget.org/v3-flatcontainer/vslangproj90/index.json
build-and-test	Restore NuGet packages	2026-07-27T07:47:55.5058614Z   GET https://api.nuget.org/v3-flatcontainer/microsoft.visualstudio.text.data/17.9.187/microsoft.visualstudio.text.data.17.9.187.nupkg
build-and-test	Restore NuGet packages	2026-07-27T07:47:55.5059705Z   OK https://api.nuget.org/v3-flatcontainer/microsoft.visualstudio.debugger.interop.14.0/17.9.37000/microsoft.visualstudio.debugger.interop.14.0.17.9.37000.nupkg 6ms
build-and-test	Restore NuGet packages	2026-07-27T07:47:55.5060520Z   GET https://api.nuget.org/v3-flatcontainer/vslangproj80/index.json
build-and-test	Restore NuGet packages	2026-07-27T07:47:55.5061231Z   OK https://api.nuget.org/v3-flatcontainer/vslangproj/index.json 4ms
build-and-test	Restore NuGet packages	2026-07-27T07:47:55.5061659Z   GET https://api.nuget.org/v3-flatcontainer/vslangproj2/index.json
build-and-test	Restore NuGet packages	2026-07-27T07:47:55.5062124Z   GET https://api.nuget.org/v3-flatcontainer/microsoft.build.framework/index.json
build-and-test	Restore NuGet packages	2026-07-27T07:47:55.5063309Z   GET https://api.nuget.org/v3-flatcontainer/vslangproj165/index.json
build-and-test	Restore NuGet packages	2026-07-27T07:47:55.5063802Z   OK https://api.nuget.org/v3-flatcontainer/microsoft.net.stringtools/index.json 12ms
build-and-test	Restore NuGet packages	2026-07-27T07:47:55.5064685Z   OK https://api.nuget.org/v3-flatcontainer/microsoft.visualstudio.rpccontracts/index.json 46ms
build-and-test	Restore NuGet packages	2026-07-27T07:47:55.5065518Z   GET https://api.nuget.org/v3-flatcontainer/microsoft.visualstudio.remotecontrol/16.3.52/microsoft.visualstudio.remotecontrol.16.3.52.nupkg
build-and-test	Restore NuGet packages	2026-07-27T07:47:55.5066474Z   OK https://api.nuget.org/v3-flatcontainer/microsoft.visualstudio.text.data/17.9.187/microsoft.visualstudio.text.data.17.9.187.nupkg 5ms
build-and-test	Restore NuGet packages	2026-07-27T07:47:55.5067201Z   GET https://api.nuget.org/v3-flatcontainer/microsoft.bcl.asyncinterfaces/index.json
build-and-test	Restore NuGet packages	2026-07-27T07:47:55.5067700Z   OK https://api.nuget.org/v3-flatcontainer/vslangproj2/index.json 3ms
build-and-test	Restore NuGet packages	2026-07-27T07:47:55.5068395Z   OK https://api.nuget.org/v3-flatcontainer/microsoft.visualstudio.composition/17.7.40/microsoft.visualstudio.composition.17.7.40.nupkg 29ms
build-and-test	Restore NuGet packages	2026-07-27T07:47:55.5069343Z   OK https://api.nuget.org/v3-flatcontainer/microsoft.visualstudio.threading/17.9.28/microsoft.visualstudio.threading.17.9.28.nupkg 34ms
build-and-test	Restore NuGet packages	2026-07-27T07:47:55.5070281Z   OK https://api.nuget.org/v3-flatcontainer/microsoft.visualstudio.text.ui.wpf/17.9.187/microsoft.visualstudio.text.ui.wpf.17.9.187.nupkg 13ms
build-and-test	Restore NuGet packages	2026-07-27T07:47:55.5071266Z   OK https://api.nuget.org/v3-flatcontainer/microsoft.visualstudio.remotecontrol/16.3.52/microsoft.visualstudio.remotecontrol.16.3.52.nupkg 4ms
build-and-test	Restore NuGet packages	2026-07-27T07:47:55.5072036Z   OK https://api.nuget.org/v3-flatcontainer/microsoft.bcl.asyncinterfaces/index.json 3ms
build-and-test	Restore NuGet packages	2026-07-27T07:47:55.5072573Z   OK https://api.nuget.org/v3-flatcontainer/microsoft.build.framework/index.json 6ms
build-and-test	Restore NuGet packages	2026-07-27T07:47:55.5073046Z   GET https://api.nuget.org/v3-flatcontainer/vslangproj158/index.json
build-and-test	Restore NuGet packages	2026-07-27T07:47:55.5073468Z   OK https://api.nuget.org/v3-flatcontainer/vslangproj80/index.json 11ms
build-and-test	Restore NuGet packages	2026-07-27T07:47:55.5074261Z   OK https://api.nuget.org/v3-flatcontainer/vslangproj90/index.json 13ms
build-and-test	Restore NuGet packages	2026-07-27T07:47:55.5086185Z   OK https://api.nuget.org/v3-flatcontainer/microsoft.servicehub.resources/index.json 46ms
build-and-test	Restore NuGet packages	2026-07-27T07:47:55.5089676Z   GET https://api.nuget.org/v3-flatcontainer/messagepack.annotations/index.json
build-and-test	Restore NuGet packages	2026-07-27T07:47:55.5092478Z   GET https://api.nuget.org/v3-flatcontainer/vslangproj157/index.json
build-and-test	Restore NuGet packages	2026-07-27T07:47:55.5098651Z   OK https://api.nuget.org/v3-flatcontainer/vslangproj158/index.json 5ms
build-and-test	Restore NuGet packages	2026-07-27T07:47:55.5104742Z   OK https://api.nuget.org/v3-flatcontainer/vslangproj165/index.json 13ms
build-and-test	Restore NuGet packages	2026-07-27T07:47:55.5115241Z   OK https://api.nuget.org/v3-flatcontainer/microsoft.codeanalysis.bannedapianalyzers/index.json 19ms
build-and-test	Restore NuGet packages	2026-07-27T07:47:55.5128494Z   GET https://api.nuget.org/v3-flatcontainer/messagepack/index.json
build-and-test	Restore NuGet packages	2026-07-27T07:47:55.5133453Z   OK https://api.nuget.org/v3-flatcontainer/microsoft.servicehub.framework/index.json 47ms
build-and-test	Restore NuGet packages	2026-07-27T07:47:55.5136889Z   OK https://api.nuget.org/v3-flatcontainer/messagepack.annotations/index.json 4ms
build-and-test	Restore NuGet packages	2026-07-27T07:47:55.5142796Z   GET https://api.nuget.org/v3-flatcontainer/vslangproj150/index.json
build-and-test	Restore NuGet packages	2026-07-27T07:47:55.5144886Z   GET https://api.nuget.org/v3-flatcontainer/microsoft.visualstudio.telemetry/17.9.305/microsoft.visualstudio.telemetry.17.9.305.nupkg
build-and-test	Restore NuGet packages	2026-07-27T07:47:55.5147377Z   GET https://api.nuget.org/v3-flatcontainer/system.componentmodel.composition/index.json
build-and-test	Restore NuGet packages	2026-07-27T07:47:55.5158802Z   GET https://api.nuget.org/v3-flatcontainer/vslangproj140/index.json
build-and-test	Restore NuGet packages	2026-07-27T07:47:55.5161477Z   GET https://api.nuget.org/v3-flatcontainer/microsoft.visualstudio.debugger.interop.12.0/17.9.37000/microsoft.visualstudio.debugger.interop.12.0.17.9.37000.nupkg
build-and-test	Restore NuGet packages	2026-07-27T07:47:55.5162844Z   OK https://api.nuget.org/v3-flatcontainer/messagepack/index.json 3ms
build-and-test	Restore NuGet packages	2026-07-27T07:47:55.5187629Z   OK https://api.nuget.org/v3-flatcontainer/system.componentmodel.composition/index.json 4ms
build-and-test	Restore NuGet packages	2026-07-27T07:47:55.5190433Z   OK https://api.nuget.org/v3-flatcontainer/vslangproj150/index.json 4ms
build-and-test	Restore NuGet packages	2026-07-27T07:47:55.5191784Z   OK https://api.nuget.org/v3-flatcontainer/microsoft.visualstudio.debugger.interop.15.0/index.json 34ms
build-and-test	Restore NuGet packages	2026-07-27T07:47:55.5193067Z   OK https://api.nuget.org/v3-flatcontainer/microsoft.visualstudio.composition.analyzers/index.json 63ms
build-and-test	Restore NuGet packages	2026-07-27T07:47:55.5198225Z   OK https://api.nuget.org/v3-flatcontainer/vslangproj140/index.json 4ms
build-and-test	Restore NuGet packages	2026-07-27T07:47:55.5233760Z   OK https://api.nuget.org/v3-flatcontainer/microsoft.visualstudio.debugger.interop.12.0/17.9.37000/microsoft.visualstudio.debugger.interop.12.0.17.9.37000.nupkg 8ms
build-and-test	Restore NuGet packages	2026-07-27T07:47:55.5245004Z   OK https://api.nuget.org/v3-flatcontainer/microsoft.visualstudio.debugger.interop.10.0/index.json 39ms
build-and-test	Restore NuGet packages	2026-07-27T07:47:55.5245866Z   OK https://api.nuget.org/v3-flatcontainer/vslangproj157/index.json 15ms
build-and-test	Restore NuGet packages	2026-07-27T07:47:55.5298172Z   GET https://api.nuget.org/v3-flatcontainer/vslangproj110/index.json
build-and-test	Restore NuGet packages	2026-07-27T07:47:55.5305701Z   GET https://api.nuget.org/v3-flatcontainer/microsoft.visualstudio.text.ui/17.9.187/microsoft.visualstudio.text.ui.17.9.187.nupkg
build-and-test	Restore NuGet packages	2026-07-27T07:47:55.5307731Z   GET https://api.nuget.org/v3-flatcontainer/vslangproj/17.9.37000/vslangproj.17.9.37000.nupkg
build-and-test	Restore NuGet packages	2026-07-27T07:47:55.5308786Z   OK https://api.nuget.org/v3-flatcontainer/microsoft.io.redist/index.json 40ms
build-and-test	Restore NuGet packages	2026-07-27T07:47:55.5310159Z   OK https://api.nuget.org/v3-flatcontainer/microsoft.visualstudio.telemetry/17.9.305/microsoft.visualstudio.telemetry.17.9.305.nupkg 17ms
build-and-test	Restore NuGet packages	2026-07-27T07:47:55.5331069Z   OK https://api.nuget.org/v3-flatcontainer/microsoft.visualstudio.imagecatalog/index.json 43ms
build-and-test	Restore NuGet packages	2026-07-27T07:47:55.5340969Z   OK https://api.nuget.org/v3-flatcontainer/vslangproj110/index.json 4ms
build-and-test	Restore NuGet packages	2026-07-27T07:47:55.5343741Z   GET https://api.nuget.org/v3-flatcontainer/vslangproj100/index.json
build-and-test	Restore NuGet packages	2026-07-27T07:47:55.5350389Z   GET https://api.nuget.org/v3-flatcontainer/microsoft.win32.primitives/index.json
build-and-test	Restore NuGet packages	2026-07-27T07:47:55.5356580Z   GET https://api.nuget.org/v3-flatcontainer/stdole/index.json
build-and-test	Restore NuGet packages	2026-07-27T07:47:55.5364930Z   OK https://api.nuget.org/v3-flatcontainer/vslangproj/17.9.37000/vslangproj.17.9.37000.nupkg 5ms
build-and-test	Restore NuGet packages	2026-07-27T07:47:55.5379532Z   GET https://api.nuget.org/v3-flatcontainer/microsoft.visualstudio.web.browserlink.12.0/index.json
build-and-test	Restore NuGet packages	2026-07-27T07:47:55.5398760Z   GET https://api.nuget.org/v3-flatcontainer/microsoft.visualstudio.rpccontracts/17.9.7/microsoft.visualstudio.rpccontracts.17.9.7.nupkg
build-and-test	Restore NuGet packages	2026-07-27T07:47:55.5400722Z   OK https://api.nuget.org/v3-flatcontainer/microsoft.win32.primitives/index.json 3ms
build-and-test	Restore NuGet packages	2026-07-27T07:47:55.5402605Z   OK https://api.nuget.org/v3-flatcontainer/microsoft.visualstudio.text.ui/17.9.187/microsoft.visualstudio.text.ui.17.9.187.nupkg 8ms
build-and-test	Restore NuGet packages	2026-07-27T07:47:55.5409439Z   GET https://api.nuget.org/v3-flatcontainer/microsoft.visualstudio.wcfreference.interop/index.json
build-and-test	Restore NuGet packages	2026-07-27T07:47:55.5413738Z   OK https://api.nuget.org/v3-flatcontainer/vslangproj100/index.json 4ms
build-and-test	Restore NuGet packages	2026-07-27T07:47:55.5422940Z   GET https://api.nuget.org/v3-flatcontainer/microsoft.net.stringtools/17.9.5/microsoft.net.stringtools.17.9.5.nupkg
build-and-test	Restore NuGet packages	2026-07-27T07:47:55.5423845Z   OK https://api.nuget.org/v3-flatcontainer/stdole/index.json 4ms
build-and-test	Restore NuGet packages	2026-07-27T07:47:55.5424378Z   GET https://api.nuget.org/v3-flatcontainer/microsoft.visualstudio.validation/index.json
build-and-test	Restore NuGet packages	2026-07-27T07:47:55.5425182Z   GET https://api.nuget.org/v3-flatcontainer/microsoft.visualstudio.vshelp/index.json
build-and-test	Restore NuGet packages	2026-07-27T07:47:55.5425917Z   GET https://api.nuget.org/v3-flatcontainer/microsoft.visualstudio.text.logic/index.json
build-and-test	Restore NuGet packages	2026-07-27T07:47:55.5492269Z   OK https://api.nuget.org/v3-flatcontainer/microsoft.visualstudio.vshelp/index.json 6ms
build-and-test	Restore NuGet packages	2026-07-27T07:47:55.5524625Z   OK https://api.nuget.org/v3-flatcontainer/microsoft.servicehub.analyzers/index.json 76ms
build-and-test	Restore NuGet packages	2026-07-27T07:47:55.5526408Z   OK https://api.nuget.org/v3-flatcontainer/microsoft.visualstudio.validation/index.json 7ms
build-and-test	Restore NuGet packages	2026-07-27T07:47:55.5534058Z   GET https://api.nuget.org/v3-flatcontainer/microsoft.visualstudio.vshelp80/index.json
build-and-test	Restore NuGet packages	2026-07-27T07:47:55.5548115Z   OK https://api.nuget.org/v3-flatcontainer/microsoft.net.stringtools/17.9.5/microsoft.net.stringtools.17.9.5.nupkg 9ms
build-and-test	Restore NuGet packages	2026-07-27T07:47:55.5553133Z   GET https://api.nuget.org/v3-flatcontainer/vslangproj2/17.9.37000/vslangproj2.17.9.37000.nupkg
build-and-test	Restore NuGet packages	2026-07-27T07:47:55.5554608Z   OK https://api.nuget.org/v3-flatcontainer/microsoft.visualstudio.wcfreference.interop/index.json 11ms
build-and-test	Restore NuGet packages	2026-07-27T07:47:55.5555933Z   GET https://api.nuget.org/v3-flatcontainer/microsoft.visualstudio.textmanager.interop/index.json
build-and-test	Restore NuGet packages	2026-07-27T07:47:55.5563507Z   GET https://api.nuget.org/v3-flatcontainer/microsoft.bcl.asyncinterfaces/8.0.0/microsoft.bcl.asyncinterfaces.8.0.0.nupkg
build-and-test	Restore NuGet packages	2026-07-27T07:47:55.5594575Z   OK https://api.nuget.org/v3-flatcontainer/microsoft.visualstudio.rpccontracts/17.9.7/microsoft.visualstudio.rpccontracts.17.9.7.nupkg 12ms
build-and-test	Restore NuGet packages	2026-07-27T07:47:55.5605372Z   GET https://api.nuget.org/v3-flatcontainer/microsoft.visualstudio.textmanager.interop.9.0/index.json
build-and-test	Restore NuGet packages	2026-07-27T07:47:55.5606666Z   OK https://api.nuget.org/v3-flatcontainer/microsoft.visualstudio.vshelp80/index.json 3ms
build-and-test	Restore NuGet packages	2026-07-27T07:47:55.5607412Z   GET https://api.nuget.org/v3-flatcontainer/microsoft.visualstudio.taskrunnerexplorer.14.0/index.json
build-and-test	Restore NuGet packages	2026-07-27T07:47:55.5608181Z   GET https://api.nuget.org/v3-flatcontainer/microsoft.visualstudio.textmanager.interop.8.0/index.json
build-and-test	Restore NuGet packages	2026-07-27T07:47:55.5609323Z   OK https://api.nuget.org/v3-flatcontainer/microsoft.bcl.asyncinterfaces/8.0.0/microsoft.bcl.asyncinterfaces.8.0.0.nupkg 3ms
build-and-test	Restore NuGet packages	2026-07-27T07:47:55.5610093Z   OK https://api.nuget.org/v3-flatcontainer/vslangproj2/17.9.37000/vslangproj2.17.9.37000.nupkg 4ms
build-and-test	Restore NuGet packages	2026-07-27T07:47:55.5611223Z   OK https://api.nuget.org/v3-flatcontainer/microsoft.visualstudio.textmanager.interop/index.json 4ms
build-and-test	Restore NuGet packages	2026-07-27T07:47:55.5612303Z   GET https://api.nuget.org/v3-flatcontainer/microsoft.visualstudio.setup.configuration.interop/index.json
build-and-test	Restore NuGet packages	2026-07-27T07:47:55.5613056Z   GET https://api.nuget.org/v3-flatcontainer/microsoft.visualstudio.textmanager.interop.12.0/index.json
build-and-test	Restore NuGet packages	2026-07-27T07:47:55.5613754Z   GET https://api.nuget.org/v3-flatcontainer/vslangproj80/17.9.37000/vslangproj80.17.9.37000.nupkg
build-and-test	Restore NuGet packages	2026-07-27T07:47:55.5614726Z   GET https://api.nuget.org/v3-flatcontainer/microsoft.build.framework/17.9.5/microsoft.build.framework.17.9.5.nupkg
build-and-test	Restore NuGet packages	2026-07-27T07:47:55.5615481Z   GET https://api.nuget.org/v3-flatcontainer/microsoft.visualstudio.languageserver.client/index.json
build-and-test	Restore NuGet packages	2026-07-27T07:47:55.5616180Z   OK https://api.nuget.org/v3-flatcontainer/microsoft.visualstudio.textmanager.interop.8.0/index.json 3ms
build-and-test	Restore NuGet packages	2026-07-27T07:47:55.5617071Z   GET https://api.nuget.org/v3-flatcontainer/microsoft.visualstudio.textmanager.interop.11.0/index.json
build-and-test	Restore NuGet packages	2026-07-27T07:47:55.5617814Z   OK https://api.nuget.org/v3-flatcontainer/microsoft.visualstudio.textmanager.interop.9.0/index.json 6ms
build-and-test	Restore NuGet packages	2026-07-27T07:47:55.5618751Z   GET https://api.nuget.org/v3-flatcontainer/microsoft.visualstudio.language.standardclassification/index.json
build-and-test	Restore NuGet packages	2026-07-27T07:47:55.5619513Z   OK https://api.nuget.org/v3-flatcontainer/microsoft.visualstudio.textmanager.interop.12.0/index.json 4ms
build-and-test	Restore NuGet packages	2026-07-27T07:47:55.5620218Z   OK https://api.nuget.org/v3-flatcontainer/vslangproj80/17.9.37000/vslangproj80.17.9.37000.nupkg 5ms
build-and-test	Restore NuGet packages	2026-07-27T07:47:55.5654066Z   GET https://api.nuget.org/v3-flatcontainer/microsoft.visualstudio.textmanager.interop.10.0/index.json
build-and-test	Restore NuGet packages	2026-07-27T07:47:55.5655646Z   GET https://api.nuget.org/v3-flatcontainer/vslangproj90/17.9.37000/vslangproj90.17.9.37000.nupkg
build-and-test	Restore NuGet packages	2026-07-27T07:47:55.5657972Z   GET https://api.nuget.org/v3-flatcontainer/microsoft.servicehub.resources/4.4.4171/microsoft.servicehub.resources.4.4.4171.nupkg
build-and-test	Restore NuGet packages	2026-07-27T07:47:55.5703870Z   GET https://api.nuget.org/v3-flatcontainer/microsoft.visualstudio.language.navigateto.interfaces/index.json
build-and-test	Restore NuGet packages	2026-07-27T07:47:55.5706074Z   GET https://api.nuget.org/v3-flatcontainer/microsoft.visualstudio.shell.interop/index.json
build-and-test	Restore NuGet packages	2026-07-27T07:47:55.5706774Z   GET https://api.nuget.org/v3-flatcontainer/vslangproj158/17.9.37000/vslangproj158.17.9.37000.nupkg
build-and-test	Restore NuGet packages	2026-07-27T07:47:55.5707553Z   OK https://api.nuget.org/v3-flatcontainer/microsoft.build.framework/17.9.5/microsoft.build.framework.17.9.5.nupkg 12ms
build-and-test	Restore NuGet packages	2026-07-27T07:47:55.5708887Z   OK https://api.nuget.org/v3-flatcontainer/microsoft.visualstudio.textmanager.interop.10.0/index.json 5ms
build-and-test	Restore NuGet packages	2026-07-27T07:47:55.5710069Z   OK https://api.nuget.org/v3-flatcontainer/microsoft.visualstudio.textmanager.interop.11.0/index.json 12ms
build-and-test	Restore NuGet packages	2026-07-27T07:47:55.5751349Z   GET https://api.nuget.org/v3-flatcontainer/microsoft.visualstudio.shell.interop.9.0/index.json
build-and-test	Restore NuGet packages	2026-07-27T07:47:55.5783492Z   GET https://api.nuget.org/v3-flatcontainer/microsoft.visualstudio.language.intellisense/index.json
build-and-test	Restore NuGet packages	2026-07-27T07:47:55.5787758Z   OK https://api.nuget.org/v3-flatcontainer/microsoft.visualstudio.web.browserlink.12.0/index.json 35ms
build-and-test	Restore NuGet packages	2026-07-27T07:47:55.5789517Z   OK https://api.nuget.org/v3-flatcontainer/vslangproj90/17.9.37000/vslangproj90.17.9.37000.nupkg 8ms
build-and-test	Restore NuGet packages	2026-07-27T07:47:55.5793551Z   GET https://api.nuget.org/v3-flatcontainer/vslangproj165/17.9.37000/vslangproj165.17.9.37000.nupkg
build-and-test	Restore NuGet packages	2026-07-27T07:47:55.5807017Z   GET https://api.nuget.org/v3-flatcontainer/microsoft.visualstudio.language/index.json
build-and-test	Restore NuGet packages	2026-07-27T07:47:55.5808536Z   GET https://api.nuget.org/v3-flatcontainer/microsoft.visualstudio.editor/index.json
build-and-test	Restore NuGet packages	2026-07-27T07:47:55.5816839Z   OK https://api.nuget.org/v3-flatcontainer/microsoft.visualstudio.shell.interop.9.0/index.json 4ms
build-and-test	Restore NuGet packages	2026-07-27T07:47:55.5827714Z   GET https://api.nuget.org/v3-flatcontainer/microsoft.servicehub.framework/4.4.22/microsoft.servicehub.framework.4.4.22.nupkg
build-and-test	Restore NuGet packages	2026-07-27T07:47:55.5845435Z   GET https://api.nuget.org/v3-flatcontainer/messagepack.annotations/2.5.108/messagepack.annotations.2.5.108.nupkg
build-and-test	Restore NuGet packages	2026-07-27T07:47:55.5851625Z   GET https://api.nuget.org/v3-flatcontainer/microsoft.visualstudio.coreutility/index.json
build-and-test	Restore NuGet packages	2026-07-27T07:47:55.5856281Z   OK https://api.nuget.org/v3-flatcontainer/microsoft.visualstudio.shell.interop/index.json 13ms
build-and-test	Restore NuGet packages	2026-07-27T07:47:55.5878683Z   OK https://api.nuget.org/v3-flatcontainer/vslangproj165/17.9.37000/vslangproj165.17.9.37000.nupkg 5ms
build-and-test	Restore NuGet packages	2026-07-27T07:47:55.5880872Z   GET https://api.nuget.org/v3-flatcontainer/microsoft.codeanalysis.bannedapianalyzers/3.3.2/microsoft.codeanalysis.bannedapianalyzers.3.3.2.nupkg
build-and-test	Restore NuGet packages	2026-07-27T07:47:55.5882574Z   OK https://api.nuget.org/v3-flatcontainer/vslangproj158/17.9.37000/vslangproj158.17.9.37000.nupkg 13ms
build-and-test	Restore NuGet packages	2026-07-27T07:47:55.5884211Z   OK https://api.nuget.org/v3-flatcontainer/microsoft.visualstudio.text.logic/index.json 32ms
build-and-test	Restore NuGet packages	2026-07-27T07:47:55.5886005Z   OK https://api.nuget.org/v3-flatcontainer/microsoft.servicehub.resources/4.4.4171/microsoft.servicehub.resources.4.4.4171.nupkg 18ms
build-and-test	Restore NuGet packages	2026-07-27T07:47:55.5899725Z   GET https://api.nuget.org/v3-flatcontainer/microsoft.visualstudio.componentmodelhost/index.json
build-and-test	Restore NuGet packages	2026-07-27T07:47:55.5943695Z   OK https://api.nuget.org/v3-flatcontainer/microsoft.servicehub.framework/4.4.22/microsoft.servicehub.framework.4.4.22.nupkg 4ms
build-and-test	Restore NuGet packages	2026-07-27T07:47:55.5951930Z   GET https://api.nuget.org/v3-flatcontainer/microsoft.visualstudio.shell.design/index.json
build-and-test	Restore NuGet packages	2026-07-27T07:47:55.5963966Z   GET https://api.nuget.org/v3-flatcontainer/vslangproj150/17.9.37000/vslangproj150.17.9.37000.nupkg
build-and-test	Restore NuGet packages	2026-07-27T07:47:55.5995242Z   OK https://api.nuget.org/v3-flatcontainer/microsoft.visualstudio.taskrunnerexplorer.14.0/index.json 35ms
build-and-test	Restore NuGet packages	2026-07-27T07:47:55.5996958Z   OK https://api.nuget.org/v3-flatcontainer/microsoft.visualstudio.setup.configuration.interop/index.json 32ms
build-and-test	Restore NuGet packages	2026-07-27T07:47:55.5998627Z   GET https://api.nuget.org/v3-flatcontainer/system.componentmodel.composition/8.0.0/system.componentmodel.composition.8.0.0.nupkg
build-and-test	Restore NuGet packages	2026-07-27T07:47:55.6048631Z   GET https://api.nuget.org/v3-flatcontainer/microsoft.visualstudio.vcprojectengine/index.json
build-and-test	Restore NuGet packages	2026-07-27T07:47:55.6094997Z   GET https://api.nuget.org/v3-flatcontainer/messagepack/2.5.108/messagepack.2.5.108.nupkg
build-and-test	Restore NuGet packages	2026-07-27T07:47:55.6098103Z   GET https://api.nuget.org/v3-flatcontainer/microsoft.visualstudio.composition.analyzers/17.7.40/microsoft.visualstudio.composition.analyzers.17.7.40.nupkg
build-and-test	Restore NuGet packages	2026-07-27T07:47:55.6107110Z   OK https://api.nuget.org/v3-flatcontainer/microsoft.codeanalysis.bannedapianalyzers/3.3.2/microsoft.codeanalysis.bannedapianalyzers.3.3.2.nupkg 10ms
build-and-test	Restore NuGet packages	2026-07-27T07:47:55.6112032Z   OK https://api.nuget.org/v3-flatcontainer/system.componentmodel.composition/8.0.0/system.componentmodel.composition.8.0.0.nupkg 2ms
build-and-test	Restore NuGet packages	2026-07-27T07:47:55.6134384Z   OK https://api.nuget.org/v3-flatcontainer/messagepack.annotations/2.5.108/messagepack.annotations.2.5.108.nupkg 12ms
build-and-test	Restore NuGet packages	2026-07-27T07:47:55.6136205Z   GET https://api.nuget.org/v3-flatcontainer/microsoft.visualstudio.debugger.interop.15.0/17.9.37000/microsoft.visualstudio.debugger.interop.15.0.17.9.37000.nupkg
build-and-test	Restore NuGet packages	2026-07-27T07:47:55.6138017Z   OK https://api.nuget.org/v3-flatcontainer/microsoft.visualstudio.language.standardclassification/index.json 33ms
build-and-test	Restore NuGet packages	2026-07-27T07:47:55.6139393Z   GET https://api.nuget.org/v3-flatcontainer/microsoft.visualstudio.texttemplating.vshost/index.json
build-and-test	Restore NuGet packages	2026-07-27T07:47:55.6140164Z   GET https://api.nuget.org/v3-flatcontainer/vslangproj140/17.9.37000/vslangproj140.17.9.37000.nupkg
build-and-test	Restore NuGet packages	2026-07-27T07:47:55.6141096Z   GET https://api.nuget.org/v3-flatcontainer/microsoft.visualstudio.debugger.interop.10.0/17.9.37000/microsoft.visualstudio.debugger.interop.10.0.17.9.37000.nupkg
build-and-test	Restore NuGet packages	2026-07-27T07:47:55.6142023Z   OK https://api.nuget.org/v3-flatcontainer/microsoft.visualstudio.componentmodelhost/index.json 12ms
build-and-test	Restore NuGet packages	2026-07-27T07:47:55.6142943Z   OK https://api.nuget.org/v3-flatcontainer/microsoft.visualstudio.debugger.interop.15.0/17.9.37000/microsoft.visualstudio.debugger.interop.15.0.17.9.37000.nupkg 4ms
build-and-test	Restore NuGet packages	2026-07-27T07:47:55.6143879Z   OK https://api.nuget.org/v3-flatcontainer/microsoft.visualstudio.languageserver.client/index.json 42ms
build-and-test	Restore NuGet packages	2026-07-27T07:47:55.6144577Z   GET https://api.nuget.org/v3-flatcontainer/microsoft.visualstudio.projectaggregator/index.json
build-and-test	Restore NuGet packages	2026-07-27T07:47:55.6145217Z   GET https://api.nuget.org/v3-flatcontainer/vslangproj157/17.9.37000/vslangproj157.17.9.37000.nupkg
build-and-test	Restore NuGet packages	2026-07-27T07:47:55.6145927Z   GET https://api.nuget.org/v3-flatcontainer/microsoft.visualstudio.imaging.interop.14.0.designtime/index.json
build-and-test	Restore NuGet packages	2026-07-27T07:47:55.6146624Z   OK https://api.nuget.org/v3-flatcontainer/microsoft.visualstudio.coreutility/index.json 22ms
build-and-test	Restore NuGet packages	2026-07-27T07:47:55.6147265Z   GET https://api.nuget.org/v3-flatcontainer/microsoft.io.redist/6.0.0/microsoft.io.redist.6.0.0.nupkg
build-and-test	Restore NuGet packages	2026-07-27T07:47:55.6147947Z   OK https://api.nuget.org/v3-flatcontainer/microsoft.visualstudio.language.intellisense/index.json 34ms
build-and-test	Restore NuGet packages	2026-07-27T07:47:55.6149241Z   GET https://api.nuget.org/v3-flatcontainer/microsoft.visualstudio.imagecatalog/17.9.37000/microsoft.visualstudio.imagecatalog.17.9.37000.nupkg
build-and-test	Restore NuGet packages	2026-07-27T07:47:55.6150112Z   OK https://api.nuget.org/v3-flatcontainer/microsoft.io.redist/6.0.0/microsoft.io.redist.6.0.0.nupkg 4ms
build-and-test	Restore NuGet packages	2026-07-27T07:47:55.6151038Z   OK https://api.nuget.org/v3-flatcontainer/microsoft.visualstudio.composition.analyzers/17.7.40/microsoft.visualstudio.composition.analyzers.17.7.40.nupkg 16ms
build-and-test	Restore NuGet packages	2026-07-27T07:47:55.6152353Z   GET https://api.nuget.org/v3-flatcontainer/microsoft.visualstudio.debugger.interopa/index.json
build-and-test	Restore NuGet packages	2026-07-27T07:47:55.6153037Z   OK https://api.nuget.org/v3-flatcontainer/vslangproj157/17.9.37000/vslangproj157.17.9.37000.nupkg 8ms
build-and-test	Restore NuGet packages	2026-07-27T07:47:55.6153663Z   OK https://api.nuget.org/v3-flatcontainer/messagepack/2.5.108/messagepack.2.5.108.nupkg 18ms
build-and-test	Restore NuGet packages	2026-07-27T07:47:55.6154281Z   OK https://api.nuget.org/v3-flatcontainer/vslangproj150/17.9.37000/vslangproj150.17.9.37000.nupkg 23ms
build-and-test	Restore NuGet packages	2026-07-27T07:47:55.6154915Z   GET https://api.nuget.org/v3-flatcontainer/vslangproj110/17.9.37000/vslangproj110.17.9.37000.nupkg
build-and-test	Restore NuGet packages	2026-07-27T07:47:55.6155925Z   OK https://api.nuget.org/v3-flatcontainer/microsoft.visualstudio.language.navigateto.interfaces/index.json 46ms
build-and-test	Restore NuGet packages	2026-07-27T07:47:55.6157348Z   OK https://api.nuget.org/v3-flatcontainer/microsoft.visualstudio.imagecatalog/17.9.37000/microsoft.visualstudio.imagecatalog.17.9.37000.nupkg 5ms
build-and-test	Restore NuGet packages	2026-07-27T07:47:55.6158290Z   GET https://api.nuget.org/v3-flatcontainer/microsoft.win32.primitives/4.3.0/microsoft.win32.primitives.4.3.0.nupkg
build-and-test	Restore NuGet packages	2026-07-27T07:47:55.6258355Z   OK https://api.nuget.org/v3-flatcontainer/microsoft.visualstudio.language/index.json 50ms
build-and-test	Restore NuGet packages	2026-07-27T07:47:55.6268131Z   OK https://api.nuget.org/v3-flatcontainer/microsoft.visualstudio.editor/index.json 49ms
build-and-test	Restore NuGet packages	2026-07-27T07:47:55.6271809Z   OK https://api.nuget.org/v3-flatcontainer/microsoft.visualstudio.texttemplating.vshost/index.json 30ms
build-and-test	Restore NuGet packages	2026-07-27T07:47:55.6279481Z   OK https://api.nuget.org/v3-flatcontainer/vslangproj110/17.9.37000/vslangproj110.17.9.37000.nupkg 13ms
build-and-test	Restore NuGet packages	2026-07-27T07:47:55.6282319Z   GET https://api.nuget.org/v3-flatcontainer/vslangproj100/17.9.37000/vslangproj100.17.9.37000.nupkg
build-and-test	Restore NuGet packages	2026-07-27T07:47:55.6297578Z   OK https://api.nuget.org/v3-flatcontainer/vslangproj140/17.9.37000/vslangproj140.17.9.37000.nupkg 30ms
build-and-test	Restore NuGet packages	2026-07-27T07:47:55.6302806Z   GET https://api.nuget.org/v3-flatcontainer/stdole/17.9.37000/stdole.17.9.37000.nupkg
build-and-test	Restore NuGet packages	2026-07-27T07:47:55.6304177Z   OK https://api.nuget.org/v3-flatcontainer/microsoft.visualstudio.shell.design/index.json 42ms
build-and-test	Restore NuGet packages	2026-07-27T07:47:55.6307170Z   OK https://api.nuget.org/v3-flatcontainer/microsoft.win32.primitives/4.3.0/microsoft.win32.primitives.4.3.0.nupkg 15ms
build-and-test	Restore NuGet packages	2026-07-27T07:47:55.6310521Z   GET https://api.nuget.org/v3-flatcontainer/microsoft.visualstudio.wcfreference.interop/17.9.37000/microsoft.visualstudio.wcfreference.interop.17.9.37000.nupkg
build-and-test	Restore NuGet packages	2026-07-27T07:47:55.6313184Z   OK https://api.nuget.org/v3-flatcontainer/microsoft.visualstudio.vcprojectengine/index.json 40ms
build-and-test	Restore NuGet packages	2026-07-27T07:47:55.6315289Z   GET https://api.nuget.org/v3-flatcontainer/microsoft.servicehub.analyzers/4.4.22/microsoft.servicehub.analyzers.4.4.22.nupkg
build-and-test	Restore NuGet packages	2026-07-27T07:47:55.6319601Z   OK https://api.nuget.org/v3-flatcontainer/microsoft.visualstudio.debugger.interop.10.0/17.9.37000/microsoft.visualstudio.debugger.interop.10.0.17.9.37000.nupkg 33ms
build-and-test	Restore NuGet packages	2026-07-27T07:47:55.6347832Z   GET https://api.nuget.org/v3-flatcontainer/microsoft.visualstudio.validation/17.8.8/microsoft.visualstudio.validation.17.8.8.nupkg
build-and-test	Restore NuGet packages	2026-07-27T07:47:55.6354886Z   OK https://api.nuget.org/v3-flatcontainer/vslangproj100/17.9.37000/vslangproj100.17.9.37000.nupkg 6ms
build-and-test	Restore NuGet packages	2026-07-27T07:47:55.6358381Z   GET https://api.nuget.org/v3-flatcontainer/microsoft.visualstudio.vshelp80/17.9.37000/microsoft.visualstudio.vshelp80.17.9.37000.nupkg
build-and-test	Restore NuGet packages	2026-07-27T07:47:55.6364297Z   OK https://api.nuget.org/v3-flatcontainer/microsoft.visualstudio.wcfreference.interop/17.9.37000/microsoft.visualstudio.wcfreference.interop.17.9.37000.nupkg 4ms
build-and-test	Restore NuGet packages	2026-07-27T07:47:55.6370267Z   GET https://api.nuget.org/v3-flatcontainer/microsoft.visualstudio.vshelp/17.9.37000/microsoft.visualstudio.vshelp.17.9.37000.nupkg
build-and-test	Restore NuGet packages	2026-07-27T07:47:55.6375399Z   OK https://api.nuget.org/v3-flatcontainer/microsoft.visualstudio.projectaggregator/index.json 34ms
build-and-test	Restore NuGet packages	2026-07-27T07:47:55.6377893Z   GET https://api.nuget.org/v3-flatcontainer/microsoft.visualstudio.debugger.interop.16.0/index.json
build-and-test	Restore NuGet packages	2026-07-27T07:47:55.6379412Z   GET https://api.nuget.org/v3-flatcontainer/microsoft.visualstudio.textmanager.interop/17.9.37000/microsoft.visualstudio.textmanager.interop.17.9.37000.nupkg
build-and-test	Restore NuGet packages	2026-07-27T07:47:55.6380636Z   OK https://api.nuget.org/v3-flatcontainer/microsoft.visualstudio.validation/17.8.8/microsoft.visualstudio.validation.17.8.8.nupkg 3ms
build-and-test	Restore NuGet packages	2026-07-27T07:47:55.6382455Z   OK https://api.nuget.org/v3-flatcontainer/microsoft.servicehub.analyzers/4.4.22/microsoft.servicehub.analyzers.4.4.22.nupkg 6ms
build-and-test	Restore NuGet packages	2026-07-27T07:47:55.6398863Z   GET https://api.nuget.org/v3-flatcontainer/microsoft.visualstudio.textmanager.interop.9.0/17.9.37000/microsoft.visualstudio.textmanager.interop.9.0.17.9.37000.nupkg
build-and-test	Restore NuGet packages	2026-07-27T07:47:55.6410098Z   GET https://api.nuget.org/v3-flatcontainer/microsoft.visualstudio.textmanager.interop.8.0/17.9.37000/microsoft.visualstudio.textmanager.interop.8.0.17.9.37000.nupkg
build-and-test	Restore NuGet packages	2026-07-27T07:47:55.6429907Z   OK https://api.nuget.org/v3-flatcontainer/microsoft.visualstudio.vshelp80/17.9.37000/microsoft.visualstudio.vshelp80.17.9.37000.nupkg 7ms
build-and-test	Restore NuGet packages	2026-07-27T07:47:55.6453719Z   GET https://api.nuget.org/v3-flatcontainer/microsoft.visualstudio.textmanager.interop.12.0/17.9.37000/microsoft.visualstudio.textmanager.interop.12.0.17.9.37000.nupkg
build-and-test	Restore NuGet packages	2026-07-27T07:47:55.6458285Z   GET https://api.nuget.org/v3-flatcontainer/microsoft.visualstudio.textmanager.interop.10.0/17.9.37000/microsoft.visualstudio.textmanager.interop.10.0.17.9.37000.nupkg
build-and-test	Restore NuGet packages	2026-07-27T07:47:55.6461883Z   GET https://api.nuget.org/v3-flatcontainer/microsoft.visualstudio.textmanager.interop.11.0/17.9.37000/microsoft.visualstudio.textmanager.interop.11.0.17.9.37000.nupkg
build-and-test	Restore NuGet packages	2026-07-27T07:47:55.6464515Z   OK https://api.nuget.org/v3-flatcontainer/stdole/17.9.37000/stdole.17.9.37000.nupkg 16ms
build-and-test	Restore NuGet packages	2026-07-27T07:47:55.6467368Z   GET https://api.nuget.org/v3-flatcontainer/microsoft.visualstudio.web.browserlink.12.0/12.0.0/microsoft.visualstudio.web.browserlink.12.0.12.0.0.nupkg
build-and-test	Restore NuGet packages	2026-07-27T07:47:55.6474388Z   GET https://api.nuget.org/v3-flatcontainer/microsoft.visualstudio.shell.interop.9.0/17.9.37000/microsoft.visualstudio.shell.interop.9.0.17.9.37000.nupkg
build-and-test	Restore NuGet packages	2026-07-27T07:47:55.6486522Z   GET https://api.nuget.org/v3-flatcontainer/microsoft.visualstudio.shell.interop/17.9.37000/microsoft.visualstudio.shell.interop.17.9.37000.nupkg
build-and-test	Restore NuGet packages	2026-07-27T07:47:55.6495349Z   GET https://api.nuget.org/v3-flatcontainer/microsoft.visualstudio.text.logic/17.9.187/microsoft.visualstudio.text.logic.17.9.187.nupkg
build-and-test	Restore NuGet packages	2026-07-27T07:47:55.6505958Z   GET https://api.nuget.org/v3-flatcontainer/microsoft.visualstudio.setup.configuration.interop/3.9.2164/microsoft.visualstudio.setup.configuration.interop.3.9.2164.nupkg
build-and-test	Restore NuGet packages	2026-07-27T07:47:55.6533840Z   GET https://api.nuget.org/v3-flatcontainer/microsoft.visualstudio.taskrunnerexplorer.14.0/14.0.0/microsoft.visualstudio.taskrunnerexplorer.14.0.14.0.0.nupkg
build-and-test	Restore NuGet packages	2026-07-27T07:47:55.6543807Z   GET https://api.nuget.org/v3-flatcontainer/microsoft.visualstudio.language.standardclassification/17.9.187/microsoft.visualstudio.language.standardclassification.17.9.187.nupkg
build-and-test	Restore NuGet packages	2026-07-27T07:47:55.6548852Z   GET https://api.nuget.org/v3-flatcontainer/microsoft.visualstudio.componentmodelhost/17.9.187/microsoft.visualstudio.componentmodelhost.17.9.187.nupkg
build-and-test	Restore NuGet packages	2026-07-27T07:47:55.6551921Z   OK https://api.nuget.org/v3-flatcontainer/microsoft.visualstudio.web.browserlink.12.0/12.0.0/microsoft.visualstudio.web.browserlink.12.0.12.0.0.nupkg 7ms
build-and-test	Restore NuGet packages	2026-07-27T07:47:55.6555009Z   OK https://api.nuget.org/v3-flatcontainer/microsoft.visualstudio.textmanager.interop.9.0/17.9.37000/microsoft.visualstudio.textmanager.interop.9.0.17.9.37000.nupkg 12ms
build-and-test	Restore NuGet packages	2026-07-27T07:47:55.6557105Z   GET https://api.nuget.org/v3-flatcontainer/microsoft.visualstudio.coreutility/17.9.187/microsoft.visualstudio.coreutility.17.9.187.nupkg
build-and-test	Restore NuGet packages	2026-07-27T07:47:55.6558997Z   OK https://api.nuget.org/v3-flatcontainer/microsoft.visualstudio.setup.configuration.interop/3.9.2164/microsoft.visualstudio.setup.configuration.interop.3.9.2164.nupkg 6ms
build-and-test	Restore NuGet packages	2026-07-27T07:47:55.6572669Z   GET https://api.nuget.org/v3-flatcontainer/microsoft.visualstudio.languageserver.client/17.9.46/microsoft.visualstudio.languageserver.client.17.9.46.nupkg
build-and-test	Restore NuGet packages	2026-07-27T07:47:55.6590891Z   GET https://api.nuget.org/v3-flatcontainer/microsoft.visualstudio.language.intellisense/17.9.187/microsoft.visualstudio.language.intellisense.17.9.187.nupkg
build-and-test	Restore NuGet packages	2026-07-27T07:47:55.6600345Z   GET https://api.nuget.org/v3-flatcontainer/microsoft.visualstudio.language.navigateto.interfaces/17.9.187/microsoft.visualstudio.language.navigateto.interfaces.17.9.187.nupkg
build-and-test	Restore NuGet packages	2026-07-27T07:47:55.6626818Z   GET https://api.nuget.org/v3-flatcontainer/microsoft.visualstudio.language/17.9.187/microsoft.visualstudio.language.17.9.187.nupkg
build-and-test	Restore NuGet packages	2026-07-27T07:47:55.6632749Z   GET https://api.nuget.org/v3-flatcontainer/microsoft.visualstudio.texttemplating.vshost/17.9.37000/microsoft.visualstudio.texttemplating.vshost.17.9.37000.nupkg
build-and-test	Restore NuGet packages	2026-07-27T07:47:55.6643302Z   GET https://api.nuget.org/v3-flatcontainer/microsoft.visualstudio.editor/17.9.187/microsoft.visualstudio.editor.17.9.187.nupkg
build-and-test	Restore NuGet packages	2026-07-27T07:47:55.6732580Z   GET https://api.nuget.org/v3-flatcontainer/microsoft.visualstudio.shell.design/17.9.37000/microsoft.visualstudio.shell.design.17.9.37000.nupkg
build-and-test	Restore NuGet packages	2026-07-27T07:47:55.6745547Z   OK https://api.nuget.org/v3-flatcontainer/microsoft.visualstudio.debugger.interopa/index.json 54ms
build-and-test	Restore NuGet packages	2026-07-27T07:47:55.6750316Z   GET https://api.nuget.org/v3-flatcontainer/microsoft.visualstudio.vcprojectengine/17.9.37000/microsoft.visualstudio.vcprojectengine.17.9.37000.nupkg
build-and-test	Restore NuGet packages	2026-07-27T07:47:55.6761254Z   GET https://api.nuget.org/v3-flatcontainer/microsoft.visualstudio.projectaggregator/17.9.37000/microsoft.visualstudio.projectaggregator.17.9.37000.nupkg
build-and-test	Restore NuGet packages	2026-07-27T07:47:55.6764313Z   OK https://api.nuget.org/v3-flatcontainer/microsoft.visualstudio.language.navigateto.interfaces/17.9.187/microsoft.visualstudio.language.navigateto.interfaces.17.9.187.nupkg 10ms
build-and-test	Restore NuGet packages	2026-07-27T07:47:55.6765844Z   OK https://api.nuget.org/v3-flatcontainer/microsoft.visualstudio.projectaggregator/17.9.37000/microsoft.visualstudio.projectaggregator.17.9.37000.nupkg 6ms
build-and-test	Restore NuGet packages	2026-07-27T07:47:55.6767008Z   GET https://api.nuget.org/v3-flatcontainer/microsoft.visualstudio.debugger.interopa/17.9.37000/microsoft.visualstudio.debugger.interopa.17.9.37000.nupkg
build-and-test	Restore NuGet packages	2026-07-27T07:47:55.6859008Z   OK https://api.nuget.org/v3-flatcontainer/microsoft.visualstudio.debugger.interopa/17.9.37000/microsoft.visualstudio.debugger.interopa.17.9.37000.nupkg 10ms
build-and-test	Restore NuGet packages	2026-07-27T07:47:55.6883563Z   OK https://api.nuget.org/v3-flatcontainer/microsoft.visualstudio.languageserver.client/17.9.46/microsoft.visualstudio.languageserver.client.17.9.46.nupkg 26ms
build-and-test	Restore NuGet packages	2026-07-27T07:47:55.6895659Z   OK https://api.nuget.org/v3-flatcontainer/microsoft.visualstudio.texttemplating.vshost/17.9.37000/microsoft.visualstudio.texttemplating.vshost.17.9.37000.nupkg 23ms
build-and-test	Restore NuGet packages	2026-07-27T07:47:55.6919890Z   OK https://api.nuget.org/v3-flatcontainer/microsoft.visualstudio.language.standardclassification/17.9.187/microsoft.visualstudio.language.standardclassification.17.9.187.nupkg 38ms
build-and-test	Restore NuGet packages	2026-07-27T07:47:55.6998481Z   OK https://api.nuget.org/v3-flatcontainer/microsoft.visualstudio.imaging.interop.14.0.designtime/index.json 96ms
build-and-test	Restore NuGet packages	2026-07-27T07:47:55.9417638Z   OK https://api.nuget.org/v3-flatcontainer/microsoft.visualstudio.taskrunnerexplorer.14.0/14.0.0/microsoft.visualstudio.taskrunnerexplorer.14.0.14.0.0.nupkg 292ms
build-and-test	Restore NuGet packages	2026-07-27T07:47:55.9480250Z   OK https://api.nuget.org/v3-flatcontainer/microsoft.visualstudio.shell.interop.9.0/17.9.37000/microsoft.visualstudio.shell.interop.9.0.17.9.37000.nupkg 300ms
build-and-test	Restore NuGet packages	2026-07-27T07:47:55.9516940Z   OK https://api.nuget.org/v3-flatcontainer/microsoft.visualstudio.textmanager.interop.10.0/17.9.37000/microsoft.visualstudio.textmanager.interop.10.0.17.9.37000.nupkg 303ms
build-and-test	Restore NuGet packages	2026-07-27T07:47:55.9520012Z   OK https://api.nuget.org/v3-flatcontainer/microsoft.visualstudio.textmanager.interop.11.0/17.9.37000/microsoft.visualstudio.textmanager.interop.11.0.17.9.37000.nupkg 304ms
build-and-test	Restore NuGet packages	2026-07-27T07:47:55.9547587Z   OK https://api.nuget.org/v3-flatcontainer/microsoft.visualstudio.componentmodelhost/17.9.187/microsoft.visualstudio.componentmodelhost.17.9.187.nupkg 297ms
build-and-test	Restore NuGet packages	2026-07-27T07:47:55.9615830Z   OK https://api.nuget.org/v3-flatcontainer/microsoft.visualstudio.vshelp/17.9.37000/microsoft.visualstudio.vshelp.17.9.37000.nupkg 327ms
build-and-test	Restore NuGet packages	2026-07-27T07:47:55.9859586Z   GET https://api.nuget.org/v3-flatcontainer/microsoft.visualstudio.imaging.interop.14.0.designtime/17.9.37000/microsoft.visualstudio.imaging.interop.14.0.designtime.17.9.37000.nupkg
build-and-test	Restore NuGet packages	2026-07-27T07:47:55.9941418Z   OK https://api.nuget.org/v3-flatcontainer/microsoft.visualstudio.imaging.interop.14.0.designtime/17.9.37000/microsoft.visualstudio.imaging.interop.14.0.designtime.17.9.37000.nupkg 8ms
build-and-test	Restore NuGet packages	2026-07-27T07:47:56.0373679Z   OK https://api.nuget.org/v3-flatcontainer/microsoft.visualstudio.language.intellisense/17.9.187/microsoft.visualstudio.language.intellisense.17.9.187.nupkg 379ms
build-and-test	Restore NuGet packages	2026-07-27T07:47:56.0667139Z   OK https://api.nuget.org/v3-flatcontainer/microsoft.visualstudio.textmanager.interop.12.0/17.9.37000/microsoft.visualstudio.textmanager.interop.12.0.17.9.37000.nupkg 409ms
build-and-test	Restore NuGet packages	2026-07-27T07:47:56.0669412Z   OK https://api.nuget.org/v3-flatcontainer/microsoft.visualstudio.vcprojectengine/17.9.37000/microsoft.visualstudio.vcprojectengine.17.9.37000.nupkg 392ms
build-and-test	Restore NuGet packages	2026-07-27T07:47:56.0670509Z   OK https://api.nuget.org/v3-flatcontainer/microsoft.visualstudio.shell.design/17.9.37000/microsoft.visualstudio.shell.design.17.9.37000.nupkg 402ms
build-and-test	Restore NuGet packages	2026-07-27T07:47:56.0917915Z   OK https://api.nuget.org/v3-flatcontainer/microsoft.visualstudio.textmanager.interop/17.9.37000/microsoft.visualstudio.textmanager.interop.17.9.37000.nupkg 435ms
build-and-test	Restore NuGet packages	2026-07-27T07:47:56.0921833Z   OK https://api.nuget.org/v3-flatcontainer/microsoft.visualstudio.text.logic/17.9.187/microsoft.visualstudio.text.logic.17.9.187.nupkg 424ms
build-and-test	Restore NuGet packages	2026-07-27T07:47:56.1214106Z   OK https://api.nuget.org/v3-flatcontainer/microsoft.visualstudio.debugger.interop.16.0/index.json 482ms
build-and-test	Restore NuGet packages	2026-07-27T07:47:56.1223898Z   OK https://api.nuget.org/v3-flatcontainer/microsoft.visualstudio.language/17.9.187/microsoft.visualstudio.language.17.9.187.nupkg 461ms
build-and-test	Restore NuGet packages	2026-07-27T07:47:56.1246827Z   GET https://api.nuget.org/v3-flatcontainer/microsoft.visualstudio.debugger.interop.16.0/17.9.37000/microsoft.visualstudio.debugger.interop.16.0.17.9.37000.nupkg
build-and-test	Restore NuGet packages	2026-07-27T07:47:56.1272129Z   OK https://api.nuget.org/v3-flatcontainer/microsoft.visualstudio.textmanager.interop.8.0/17.9.37000/microsoft.visualstudio.textmanager.interop.8.0.17.9.37000.nupkg 486ms
build-and-test	Restore NuGet packages	2026-07-27T07:47:56.1303777Z   OK https://api.nuget.org/v3-flatcontainer/microsoft.visualstudio.coreutility/17.9.187/microsoft.visualstudio.coreutility.17.9.187.nupkg 477ms
build-and-test	Restore NuGet packages	2026-07-27T07:47:56.1306262Z   OK https://api.nuget.org/v3-flatcontainer/microsoft.visualstudio.debugger.interop.16.0/17.9.37000/microsoft.visualstudio.debugger.interop.16.0.17.9.37000.nupkg 5ms
build-and-test	Restore NuGet packages	2026-07-27T07:47:56.1431530Z   OK https://api.nuget.org/v3-flatcontainer/microsoft.visualstudio.shell.interop/17.9.37000/microsoft.visualstudio.shell.interop.17.9.37000.nupkg 495ms
build-and-test	Restore NuGet packages	2026-07-27T07:47:56.2012412Z   GET https://api.nuget.org/v3-flatcontainer/system.collections.immutable/7.0.0/system.collections.immutable.7.0.0.nupkg
build-and-test	Restore NuGet packages	2026-07-27T07:47:56.2015169Z   GET https://api.nuget.org/v3-flatcontainer/system.componentmodel.composition/7.0.0/system.componentmodel.composition.7.0.0.nupkg
build-and-test	Restore NuGet packages	2026-07-27T07:47:56.2058258Z   OK https://api.nuget.org/v3-flatcontainer/system.componentmodel.composition/7.0.0/system.componentmodel.composition.7.0.0.nupkg 4ms
build-and-test	Restore NuGet packages	2026-07-27T07:47:56.2060721Z   OK https://api.nuget.org/v3-flatcontainer/system.collections.immutable/7.0.0/system.collections.immutable.7.0.0.nupkg 4ms
build-and-test	Restore NuGet packages	2026-07-27T07:47:56.2159058Z   OK https://api.nuget.org/v3-flatcontainer/microsoft.visualstudio.editor/17.9.187/microsoft.visualstudio.editor.17.9.187.nupkg 555ms
build-and-test	Restore NuGet packages	2026-07-27T07:47:56.2316498Z   GET https://api.nuget.org/v3-flatcontainer/microsoft.visualstudio.composition/17.7.38/microsoft.visualstudio.composition.17.7.38.nupkg
build-and-test	Restore NuGet packages	2026-07-27T07:47:56.2332902Z   GET https://api.nuget.org/v3-flatcontainer/microsoft.visualstudio.telemetry/17.9.102/microsoft.visualstudio.telemetry.17.9.102.nupkg
build-and-test	Restore NuGet packages	2026-07-27T07:47:56.2356392Z   GET https://api.nuget.org/v3-flatcontainer/microsoft.visualstudio.utilities/17.9.36846/microsoft.visualstudio.utilities.17.9.36846.nupkg
build-and-test	Restore NuGet packages	2026-07-27T07:47:56.2360429Z   OK https://api.nuget.org/v3-flatcontainer/microsoft.visualstudio.composition/17.7.38/microsoft.visualstudio.composition.17.7.38.nupkg 4ms
build-and-test	Restore NuGet packages	2026-07-27T07:47:56.2373649Z   OK https://api.nuget.org/v3-flatcontainer/microsoft.visualstudio.telemetry/17.9.102/microsoft.visualstudio.telemetry.17.9.102.nupkg 4ms
build-and-test	Restore NuGet packages	2026-07-27T07:47:56.2404411Z   OK https://api.nuget.org/v3-flatcontainer/microsoft.visualstudio.utilities/17.9.36846/microsoft.visualstudio.utilities.17.9.36846.nupkg 5ms
build-and-test	Restore NuGet packages	2026-07-27T07:47:56.2418153Z   GET https://api.nuget.org/v3-flatcontainer/system.runtime.compilerservices.unsafe/4.5.3/system.runtime.compilerservices.unsafe.4.5.3.nupkg
build-and-test	Restore NuGet packages	2026-07-27T07:47:56.2426034Z   GET https://api.nuget.org/v3-flatcontainer/system.text.encodings.web/7.0.0/system.text.encodings.web.7.0.0.nupkg
build-and-test	Restore NuGet packages	2026-07-27T07:47:56.2435778Z   GET https://api.nuget.org/v3-flatcontainer/microsoft.visualstudio.threading.analyzers/17.7.35/microsoft.visualstudio.threading.analyzers.17.7.35.nupkg
build-and-test	Restore NuGet packages	2026-07-27T07:47:56.2443456Z   GET https://api.nuget.org/v3-flatcontainer/system.diagnostics.diagnosticsource/7.0.2/system.diagnostics.diagnosticsource.7.0.2.nupkg
build-and-test	Restore NuGet packages	2026-07-27T07:47:56.2451045Z   GET https://api.nuget.org/v3-flatcontainer/microsoft.visualstudio.threading/17.7.35/microsoft.visualstudio.threading.17.7.35.nupkg
build-and-test	Restore NuGet packages	2026-07-27T07:47:56.2458881Z   GET https://api.nuget.org/v3-flatcontainer/system.io.pipelines/7.0.0/system.io.pipelines.7.0.0.nupkg
build-and-test	Restore NuGet packages	2026-07-27T07:47:56.2468102Z   GET https://api.nuget.org/v3-flatcontainer/system.security.accesscontrol/index.json
build-and-test	Restore NuGet packages	2026-07-27T07:47:56.2474593Z   OK https://api.nuget.org/v3-flatcontainer/system.runtime.compilerservices.unsafe/4.5.3/system.runtime.compilerservices.unsafe.4.5.3.nupkg 5ms
build-and-test	Restore NuGet packages	2026-07-27T07:47:56.2480439Z   GET https://api.nuget.org/v3-flatcontainer/microsoft.bcl.asyncinterfaces/7.0.0/microsoft.bcl.asyncinterfaces.7.0.0.nupkg
build-and-test	Restore NuGet packages	2026-07-27T07:47:56.2493858Z   OK https://api.nuget.org/v3-flatcontainer/microsoft.visualstudio.threading.analyzers/17.7.35/microsoft.visualstudio.threading.analyzers.17.7.35.nupkg 5ms
build-and-test	Restore NuGet packages	2026-07-27T07:47:56.2500051Z   OK https://api.nuget.org/v3-flatcontainer/system.io.pipelines/7.0.0/system.io.pipelines.7.0.0.nupkg 4ms
build-and-test	Restore NuGet packages	2026-07-27T07:47:56.2506594Z   OK https://api.nuget.org/v3-flatcontainer/system.text.encodings.web/7.0.0/system.text.encodings.web.7.0.0.nupkg 7ms
build-and-test	Restore NuGet packages	2026-07-27T07:47:56.2510307Z   OK https://api.nuget.org/v3-flatcontainer/microsoft.visualstudio.threading/17.7.35/microsoft.visualstudio.threading.17.7.35.nupkg 5ms
build-and-test	Restore NuGet packages	2026-07-27T07:47:56.2517850Z   OK https://api.nuget.org/v3-flatcontainer/system.security.accesscontrol/index.json 4ms
build-and-test	Restore NuGet packages	2026-07-27T07:47:56.2519162Z   OK https://api.nuget.org/v3-flatcontainer/microsoft.bcl.asyncinterfaces/7.0.0/microsoft.bcl.asyncinterfaces.7.0.0.nupkg 3ms
build-and-test	Restore NuGet packages	2026-07-27T07:47:56.2547353Z   GET https://api.nuget.org/v3-flatcontainer/microsoft.servicehub.framework/4.2.102/microsoft.servicehub.framework.4.2.102.nupkg
build-and-test	Restore NuGet packages	2026-07-27T07:47:56.2556198Z   OK https://api.nuget.org/v3-flatcontainer/system.diagnostics.diagnosticsource/7.0.2/system.diagnostics.diagnosticsource.7.0.2.nupkg 11ms
build-and-test	Restore NuGet packages	2026-07-27T07:47:56.2562134Z   GET https://api.nuget.org/v3-flatcontainer/microsoft.visualstudio.utilities.internal/16.3.42/microsoft.visualstudio.utilities.internal.16.3.42.nupkg
build-and-test	Restore NuGet packages	2026-07-27T07:47:56.2570471Z   GET https://api.nuget.org/v3-flatcontainer/system.composition.attributedmodel/7.0.0/system.composition.attributedmodel.7.0.0.nupkg
build-and-test	Restore NuGet packages	2026-07-27T07:47:56.2597132Z   OK https://api.nuget.org/v3-flatcontainer/microsoft.servicehub.framework/4.2.102/microsoft.servicehub.framework.4.2.102.nupkg 4ms
build-and-test	Restore NuGet packages	2026-07-27T07:47:56.2615223Z   OK https://api.nuget.org/v3-flatcontainer/system.composition.attributedmodel/7.0.0/system.composition.attributedmodel.7.0.0.nupkg 4ms
build-and-test	Restore NuGet packages	2026-07-27T07:47:56.2641980Z   GET https://api.nuget.org/v3-flatcontainer/system.threading.tasks.dataflow/7.0.0/system.threading.tasks.dataflow.7.0.0.nupkg
build-and-test	Restore NuGet packages	2026-07-27T07:47:56.2649252Z   GET https://api.nuget.org/v3-flatcontainer/system.composition/7.0.0/system.composition.7.0.0.nupkg
build-and-test	Restore NuGet packages	2026-07-27T07:47:56.2657471Z   GET https://api.nuget.org/v3-flatcontainer/microsoft.visualstudio.validation/17.6.11/microsoft.visualstudio.validation.17.6.11.nupkg
build-and-test	Restore NuGet packages	2026-07-27T07:47:56.2664998Z   GET https://api.nuget.org/v3-flatcontainer/microsoft.visualstudio.threading/17.6.40/microsoft.visualstudio.threading.17.6.40.nupkg
build-and-test	Restore NuGet packages	2026-07-27T07:47:56.2674458Z   GET https://api.nuget.org/v3-flatcontainer/system.text.json/7.0.3/system.text.json.7.0.3.nupkg
build-and-test	Restore NuGet packages	2026-07-27T07:47:56.2682211Z   GET https://api.nuget.org/v3-flatcontainer/system.private.uri/index.json
build-and-test	Restore NuGet packages	2026-07-27T07:47:56.2687535Z   OK https://api.nuget.org/v3-flatcontainer/system.threading.tasks.dataflow/7.0.0/system.threading.tasks.dataflow.7.0.0.nupkg 4ms
build-and-test	Restore NuGet packages	2026-07-27T07:47:56.2721744Z   GET https://api.nuget.org/v3-flatcontainer/streamjsonrpc/2.17.8/streamjsonrpc.2.17.8.nupkg
build-and-test	Restore NuGet packages	2026-07-27T07:47:56.2737943Z   OK https://api.nuget.org/v3-flatcontainer/system.composition/7.0.0/system.composition.7.0.0.nupkg 4ms
build-and-test	Restore NuGet packages	2026-07-27T07:47:56.2740423Z   OK https://api.nuget.org/v3-flatcontainer/microsoft.visualstudio.utilities.internal/16.3.42/microsoft.visualstudio.utilities.internal.16.3.42.nupkg 13ms
build-and-test	Restore NuGet packages	2026-07-27T07:47:56.2742726Z   GET https://api.nuget.org/v3-flatcontainer/microsoft.visualstudio.composition/17.6.17/microsoft.visualstudio.composition.17.6.17.nupkg
build-and-test	Restore NuGet packages	2026-07-27T07:47:56.2745027Z   OK https://api.nuget.org/v3-flatcontainer/microsoft.visualstudio.validation/17.6.11/microsoft.visualstudio.validation.17.6.11.nupkg 4ms
build-and-test	Restore NuGet packages	2026-07-27T07:47:56.2746853Z   OK https://api.nuget.org/v3-flatcontainer/microsoft.visualstudio.threading/17.6.40/microsoft.visualstudio.threading.17.6.40.nupkg 4ms
build-and-test	Restore NuGet packages	2026-07-27T07:47:56.2748289Z   OK https://api.nuget.org/v3-flatcontainer/system.text.json/7.0.3/system.text.json.7.0.3.nupkg 4ms
build-and-test	Restore NuGet packages	2026-07-27T07:47:56.2749751Z   GET https://api.nuget.org/v3-flatcontainer/system.memory/4.5.4/system.memory.4.5.4.nupkg
build-and-test	Restore NuGet packages	2026-07-27T07:47:56.2750618Z   OK https://api.nuget.org/v3-flatcontainer/streamjsonrpc/2.17.8/streamjsonrpc.2.17.8.nupkg 3ms
build-and-test	Restore NuGet packages	2026-07-27T07:47:56.2792305Z   OK https://api.nuget.org/v3-flatcontainer/system.memory/4.5.4/system.memory.4.5.4.nupkg 5ms
build-and-test	Restore NuGet packages	2026-07-27T07:47:56.2793444Z   OK https://api.nuget.org/v3-flatcontainer/system.private.uri/index.json 10ms
build-and-test	Restore NuGet packages	2026-07-27T07:47:56.2807471Z   OK https://api.nuget.org/v3-flatcontainer/microsoft.visualstudio.composition/17.6.17/microsoft.visualstudio.composition.17.6.17.nupkg 8ms
build-and-test	Restore NuGet packages	2026-07-27T07:47:56.2811874Z   GET https://api.nuget.org/v3-flatcontainer/system.security.accesscontrol/5.0.0/system.security.accesscontrol.5.0.0.nupkg
build-and-test	Restore NuGet packages	2026-07-27T07:47:56.2858681Z   GET https://api.nuget.org/v3-flatcontainer/microsoft.csharp/index.json
build-and-test	Restore NuGet packages	2026-07-27T07:47:56.2874613Z   OK https://api.nuget.org/v3-flatcontainer/system.security.accesscontrol/5.0.0/system.security.accesscontrol.5.0.0.nupkg 3ms
build-and-test	Restore NuGet packages	2026-07-27T07:47:56.2897656Z   GET https://api.nuget.org/v3-flatcontainer/system.private.uri/4.3.2/system.private.uri.4.3.2.nupkg
build-and-test	Restore NuGet packages	2026-07-27T07:47:56.2899321Z   OK https://api.nuget.org/v3-flatcontainer/microsoft.csharp/index.json 5ms
build-and-test	Restore NuGet packages	2026-07-27T07:47:56.2971431Z   OK https://api.nuget.org/v3-flatcontainer/system.private.uri/4.3.2/system.private.uri.4.3.2.nupkg 6ms
build-and-test	Restore NuGet packages	2026-07-27T07:47:56.2977574Z   GET https://api.nuget.org/v3-flatcontainer/microsoft.csharp/4.7.0/microsoft.csharp.4.7.0.nupkg
build-and-test	Restore NuGet packages	2026-07-27T07:47:56.2984924Z   GET https://api.nuget.org/v3-flatcontainer/system.reflection.emit.lightweight/index.json
build-and-test	Restore NuGet packages	2026-07-27T07:47:56.2996030Z   OK https://api.nuget.org/v3-flatcontainer/microsoft.csharp/4.7.0/microsoft.csharp.4.7.0.nupkg 3ms
build-and-test	Restore NuGet packages	2026-07-27T07:47:56.3026165Z   OK https://api.nuget.org/v3-flatcontainer/system.reflection.emit.lightweight/index.json 4ms
build-and-test	Restore NuGet packages	2026-07-27T07:47:56.3062067Z   GET https://api.nuget.org/v3-flatcontainer/system.reflection.emit.lightweight/4.7.0/system.reflection.emit.lightweight.4.7.0.nupkg
build-and-test	Restore NuGet packages	2026-07-27T07:47:56.3099624Z   OK https://api.nuget.org/v3-flatcontainer/system.reflection.emit.lightweight/4.7.0/system.reflection.emit.lightweight.4.7.0.nupkg 3ms
build-and-test	Restore NuGet packages	2026-07-27T07:47:56.3259160Z   GET https://api.nuget.org/v3-flatcontainer/system.collections.immutable/6.0.0/system.collections.immutable.6.0.0.nupkg
build-and-test	Restore NuGet packages	2026-07-27T07:47:56.3280442Z   GET https://api.nuget.org/v3-flatcontainer/microsoft.net.stringtools/17.4.0/microsoft.net.stringtools.17.4.0.nupkg
build-and-test	Restore NuGet packages	2026-07-27T07:47:56.3365036Z   GET https://api.nuget.org/v3-flatcontainer/microsoft.bcl.asyncinterfaces/6.0.0/microsoft.bcl.asyncinterfaces.6.0.0.nupkg
build-and-test	Restore NuGet packages	2026-07-27T07:47:56.3369171Z   OK https://api.nuget.org/v3-flatcontainer/system.collections.immutable/6.0.0/system.collections.immutable.6.0.0.nupkg 3ms
build-and-test	Restore NuGet packages	2026-07-27T07:47:56.3380744Z   GET https://api.nuget.org/v3-flatcontainer/system.reflection.metadata/7.0.0/system.reflection.metadata.7.0.0.nupkg
build-and-test	Restore NuGet packages	2026-07-27T07:47:56.3385035Z   OK https://api.nuget.org/v3-flatcontainer/microsoft.net.stringtools/17.4.0/microsoft.net.stringtools.17.4.0.nupkg 3ms
build-and-test	Restore NuGet packages	2026-07-27T07:47:56.3387931Z   OK https://api.nuget.org/v3-flatcontainer/system.reflection.metadata/7.0.0/system.reflection.metadata.7.0.0.nupkg 3ms
build-and-test	Restore NuGet packages	2026-07-27T07:47:56.3395796Z   OK https://api.nuget.org/v3-flatcontainer/microsoft.bcl.asyncinterfaces/6.0.0/microsoft.bcl.asyncinterfaces.6.0.0.nupkg 8ms
build-and-test	Restore NuGet packages	2026-07-27T07:47:56.4019154Z   GET https://api.nuget.org/v3-flatcontainer/microsoft.netcore.platforms/index.json
build-and-test	Restore NuGet packages	2026-07-27T07:47:56.4071973Z   OK https://api.nuget.org/v3-flatcontainer/microsoft.netcore.platforms/index.json 5ms
build-and-test	Restore NuGet packages	2026-07-27T07:47:56.4089551Z   GET https://api.nuget.org/v3-flatcontainer/microsoft.netcore.platforms/1.1.1/microsoft.netcore.platforms.1.1.1.nupkg
build-and-test	Restore NuGet packages	2026-07-27T07:47:56.4180329Z   OK https://api.nuget.org/v3-flatcontainer/microsoft.netcore.platforms/1.1.1/microsoft.netcore.platforms.1.1.1.nupkg 9ms
build-and-test	Restore NuGet packages	2026-07-27T07:47:56.4450028Z   GET https://api.nuget.org/v3-flatcontainer/microsoft.netcore.targets/index.json
build-and-test	Restore NuGet packages	2026-07-27T07:47:56.4505238Z   OK https://api.nuget.org/v3-flatcontainer/microsoft.netcore.targets/index.json 5ms
build-and-test	Restore NuGet packages	2026-07-27T07:47:56.4523292Z   GET https://api.nuget.org/v3-flatcontainer/microsoft.netcore.targets/1.1.3/microsoft.netcore.targets.1.1.3.nupkg
build-and-test	Restore NuGet packages	2026-07-27T07:47:56.4559158Z   OK https://api.nuget.org/v3-flatcontainer/microsoft.netcore.targets/1.1.3/microsoft.netcore.targets.1.1.3.nupkg 3ms
build-and-test	Restore NuGet packages	2026-07-27T07:47:58.0578928Z Installed Microsoft.VisualStudio.Text.UI.Wpf 17.9.187 from https://api.nuget.org/v3/index.json to C:\Users\runneradmin\.nuget\packages\microsoft.visualstudio.text.ui.wpf\17.9.187 with content hash fnpS1bxmq6ZwwdWtfi9/Dqw/hnEc873LROqhtFPVvq3AsNYtuvXmNqKWDwdKHSVSIfUHSFGWHf9SEycpcYnNeg==.
build-and-test	Restore NuGet packages	2026-07-27T07:47:58.0584761Z Installed Microsoft.VisualStudio.Debugger.InteropA 17.9.37000 from https://api.nuget.org/v3/index.json to C:\Users\runneradmin\.nuget\packages\microsoft.visualstudio.debugger.interopa\17.9.37000 with content hash eZNzPvDyMI6AXMYKoP/Ecwdru0BAELLUkYDzBA1y2V3hrIBfQr2nuB6IJSKq06QoG3WOtCKPLTGZ68c89T1xGw==.
build-and-test	Restore NuGet packages	2026-07-27T07:47:58.0588555Z Installed Microsoft.IO.Redist 6.0.0 from https://api.nuget.org/v3/index.json to C:\Users\runneradmin\.nuget\packages\microsoft.io.redist\6.0.0 with content hash uxXZ8pAcYtIJm8iqu/0e+CkM/VSwfgbHpnCDu7s8+gn/VUD5R6PxH3RGZFPaHgTisrlwD+BIyL5TqG6qwuZtOQ==.
build-and-test	Restore NuGet packages	2026-07-27T07:47:58.0963466Z Installed Microsoft.VisualStudio.Telemetry 17.9.102 from https://api.nuget.org/v3/index.json to C:\Users\runneradmin\.nuget\packages\microsoft.visualstudio.telemetry\17.9.102 with content hash usH8TWsurTMiAeFT649RnMae7nd2g5kGYP7sMagAypZE/XvrvpUHVPMBhaOzCVvfzjiEyIXs40JbW1aavCYuPQ==.
build-and-test	Restore NuGet packages	2026-07-27T07:47:58.5220086Z Installed Microsoft.VisualStudio.OLE.Interop 17.9.37000 from https://api.nuget.org/v3/index.json to C:\Users\runneradmin\.nuget\packages\microsoft.visualstudio.ole.interop\17.9.37000 with content hash OJaeSuDGZvqJaZHiuB12kiJj6aFdJVp1s+OsMcq3kCJ6DBTcUw8tDHXS2MGPH3nYS/k7qMM/1OatlJL9N3uWJQ==.
build-and-test	Restore NuGet packages	2026-07-27T07:47:58.6346568Z Installed VSLangProj110 17.9.37000 from https://api.nuget.org/v3/index.json to C:\Users\runneradmin\.nuget\packages\vslangproj110\17.9.37000 with content hash 81OnibbGrVx3mAmo+ZSt8If5xR3csFyjpUo17HnzqDyHQTJ18dNQD/7mtqfLRYXtTan6TdG+I0Hbw7oY1hyOyA==.
build-and-test	Restore NuGet packages	2026-07-27T07:47:58.6604796Z Installed Microsoft.VisualStudio.Shell.Interop.11.0 17.9.37000 from https://api.nuget.org/v3/index.json to C:\Users\runneradmin\.nuget\packages\microsoft.visualstudio.shell.interop.11.0\17.9.37000 with content hash l/+WiYlmkdF9UvHeg8zlXcMRtmNzYuuQ6s1HRZa4j2qQ98jfKpFdki5HHDKB0QdJG+hIHuLJGSH3YFMTT8t4TQ==.
build-and-test	Restore NuGet packages	2026-07-27T07:47:58.6609350Z Installed Microsoft.VisualStudio.WCFReference.Interop 17.9.37000 from https://api.nuget.org/v3/index.json to C:\Users\runneradmin\.nuget\packages\microsoft.visualstudio.wcfreference.interop\17.9.37000 with content hash YEFmkGNqnNTiLG2JqKyXMbOOrn1cwoPH/q54DanhDdqSmSDq/2ah/MAs8tA0BkqsrQnbexOtnfZPvtZQzwuggg==.
build-and-test	Restore NuGet packages	2026-07-27T07:47:58.6612796Z Installed Microsoft.VisualStudio.TextManager.Interop.11.0 17.9.37000 from https://api.nuget.org/v3/index.json to C:\Users\runneradmin\.nuget\packages\microsoft.visualstudio.textmanager.interop.11.0\17.9.37000 with content hash DO2R1JpSLNit9BV8/up8o3wZrHZAoDL1yA3GiQywvhVq2HCzVLLN5lQJkSXbW1qbqMCujz6Y7xBnBDW5Gk9gtw==.
build-and-test	Restore NuGet packages	2026-07-27T07:47:58.9160222Z Installed Microsoft.VisualStudio.VCProjectEngine 17.9.37000 from https://api.nuget.org/v3/index.json to C:\Users\runneradmin\.nuget\packages\microsoft.visualstudio.vcprojectengine\17.9.37000 with content hash xvnBf3JOY55wM6Gs4jEkRzAy3fySTbXQN+kO4l1QOatjnfz87+CWVH/yemjy7lR9WM6zULMoA6yZBe4fZ7Ydgg==.
build-and-test	Restore NuGet packages	2026-07-27T07:47:58.9972721Z Installed NUnit3TestAdapter 4.4.1 from https://api.nuget.org/v3/index.json to C:\Users\runneradmin\.nuget\packages\nunit3testadapter\4.4.1 with content hash H/3qgQ3ex8fyas6lse0oIAdjdtnRlov7gRTqoMuOB2zpMPo97gi9b7wwbJM//7txAfIk5Mqs+Q+mBpKZIw24DQ==.
build-and-test	Restore NuGet packages	2026-07-27T07:47:59.1058348Z Installed System.Composition.AttributedModel 8.0.0 from https://api.nuget.org/v3/index.json to C:\Users\runneradmin\.nuget\packages\system.composition.attributedmodel\8.0.0 with content hash NyElSuvmBMYdn2iPG0n29i7Igu0bq99izOP3MAtEwskY3OP9jqsavvVmPn9lesVaj/KT/o/QkNjA43dOJTsDQw==.
build-and-test	Restore NuGet packages	2026-07-27T07:47:59.1073362Z Installed System.IO.Pipelines 8.0.0 from https://api.nuget.org/v3/index.json to C:\Users\runneradmin\.nuget\packages\system.io.pipelines\8.0.0 with content hash FHNOatmUq0sqJOkTx+UF/9YK1f180cnW5FVqnQMvYUN0elp6wFzbtPSiqbo1/ru8ICp43JM1i7kKkk6GsNGHlA==.
build-and-test	Restore NuGet packages	2026-07-27T07:47:59.1896763Z Installed System.Runtime.CompilerServices.Unsafe 4.5.3 from https://api.nuget.org/v3/index.json to C:\Users\runneradmin\.nuget\packages\system.runtime.compilerservices.unsafe\4.5.3 with content hash 3TIsJhD1EiiT0w2CcDMN/iSSwnNnsrnbzeVHSKkaEgV85txMprmuO+Yq2AdSbeVGcg28pdNDTPK87tJhX7VFHw==.
build-and-test	Restore NuGet packages	2026-07-27T07:47:59.6144176Z Installed VSLangProj2 17.9.37000 from https://api.nuget.org/v3/index.json to C:\Users\runneradmin\.nuget\packages\vslangproj2\17.9.37000 with content hash zuFpJzVFZxVS9l4ALohA4Z+VRR2TxA46z1hgmns8tRVJxTFz6NnwqRMHbsD29VbpjvRsh62CZOVcUOXrcBBipw==.
build-and-test	Restore NuGet packages	2026-07-27T07:47:59.6351723Z Installed Microsoft.NET.StringTools 17.4.0 from https://api.nuget.org/v3/index.json to C:\Users\runneradmin\.nuget\packages\microsoft.net.stringtools\17.4.0 with content hash 06T6Hqfs3JDIaBvJaBRFFMIdU7oE0OMab5Xl8LKQjWPxBQr3BgVFKMQPTC+GsSEuYREWmK6g5eOd7Xqd9p1YCA==.
build-and-test	Restore NuGet packages	2026-07-27T07:47:59.6499629Z Installed Microsoft.VisualStudio.ProjectAggregator 17.9.37000 from https://api.nuget.org/v3/index.json to C:\Users\runneradmin\.nuget\packages\microsoft.visualstudio.projectaggregator\17.9.37000 with content hash 9OlWeWMGvX0aE2VH4u0nqkDQ6IVEOPJc4OCC5af72QwJe646vs7k0d01xxWPjy6VbSxgzia+ItM91kv31dWB5Q==.
build-and-test	Restore NuGet packages	2026-07-27T07:47:59.6504609Z Installed Microsoft.VisualStudio.Text.Data 17.9.187 from https://api.nuget.org/v3/index.json to C:\Users\runneradmin\.nuget\packages\microsoft.visualstudio.text.data\17.9.187 with content hash 8orDTYO5LCuweuMf8HWdeNRh/Cw7UNC//2l25bxAtbzW8r8nhXfMw2KRYq4Op3RKwjTPFZj0vkBFpoVZjg+slg==.
build-and-test	Restore NuGet packages	2026-07-27T07:47:59.7948347Z Installed Microsoft.NETCore.Targets 1.1.3 from https://api.nuget.org/v3/index.json to C:\Users\runneradmin\.nuget\packages\microsoft.netcore.targets\1.1.3 with content hash 3Wrmi0kJDzClwAC+iBdUBpEKmEle8FQNsCs77fkiOIw/9oYA07bL1EZNX0kQ2OMN3xpwvl0vAtOCYY3ndDNlhQ==.
build-and-test	Restore NuGet packages	2026-07-27T07:48:00.6443691Z Installed Microsoft.VisualStudio.Language.NavigateTo.Interfaces 17.9.187 from https://api.nuget.org/v3/index.json to C:\Users\runneradmin\.nuget\packages\microsoft.visualstudio.language.navigateto.interfaces\17.9.187 with content hash Y5J+/qUEo78+W+7SyER7Axb3VQsKzNCX9FOosOvYcF68XHUMsSygsQ/hl/gNtd1zLh0qT7HdkwZJACg/qBFPYA==.
build-and-test	Restore NuGet packages	2026-07-27T07:48:00.6453372Z Installed System.Composition.Convention 8.0.0 from https://api.nuget.org/v3/index.json to C:\Users\runneradmin\.nuget\packages\system.composition.convention\8.0.0 with content hash UuVkc1B3vQU/LzEbWLMZ1aYVssv4rpShzf8wPEyrUqoGNqdYKREmB8bXR73heOMKkwS6ZnPz3PjGODT2MenukQ==.
build-and-test	Restore NuGet packages	2026-07-27T07:48:00.6646701Z Installed Microsoft.VisualStudio.TextManager.Interop.10.0 17.9.37000 from https://api.nuget.org/v3/index.json to C:\Users\runneradmin\.nuget\packages\microsoft.visualstudio.textmanager.interop.10.0\17.9.37000 with content hash Qypt+Hm2SY1dYxLgfdWQvFIEvhvBHTFxv0bxfbY2VLyKmE7Oox5svoD+MRJkQIbVV1kd3J78rNlBQzmt1pdliw==.
build-and-test	Restore NuGet packages	2026-07-27T07:48:00.7608646Z Installed Microsoft.VisualStudio.TextManager.Interop.8.0 17.9.37000 from https://api.nuget.org/v3/index.json to C:\Users\runneradmin\.nuget\packages\microsoft.visualstudio.textmanager.interop.8.0\17.9.37000 with content hash q1xJmnvx/Akty9jF/gWb8F6l+5Hpo9J/W5EQGMAO2KceT2717tYvjCqewOZ7Ae9dAIom/e9oIpW5rjrLH+k7fg==.
build-and-test	Restore NuGet packages	2026-07-27T07:48:00.7740414Z Installed Microsoft.VisualStudio.Text.Logic 17.9.187 from https://api.nuget.org/v3/index.json to C:\Users\runneradmin\.nuget\packages\microsoft.visualstudio.text.logic\17.9.187 with content hash wU6t9SNyooa5VEKUYkEPo1YyfyRRkWnu7Zdwxzl9lroZLBz4sdHiq5RD2bo9Uq3yLJgnmmfR3o05lVBScFzkpg==.
build-and-test	Restore NuGet packages	2026-07-27T07:48:00.8760809Z Installed Microsoft.ServiceHub.Resources 4.4.4171 from https://api.nuget.org/v3/index.json to C:\Users\runneradmin\.nuget\packages\microsoft.servicehub.resources\4.4.4171 with content hash 0+hr177wzlS6m9IXjG9EW8BzyqfT+mGFL49NHlRKQHRVzSl2NUBI3yrftlFyz6oNgbsyitTkkWcHe2VYN/vpfQ==.
build-and-test	Restore NuGet packages	2026-07-27T07:48:01.1975228Z Installed System.Collections.Immutable 8.0.0 from https://api.nuget.org/v3/index.json to C:\Users\runneradmin\.nuget\packages\system.collections.immutable\8.0.0 with content hash AurL6Y5BA1WotzlEvVaIDpqzpIPvYnnldxru8oXJU2yFxFUy3+pNXjXd1ymO+RA0rq0+590Q8gaz2l3Sr7fmqg==.
build-and-test	Restore NuGet packages	2026-07-27T07:48:01.2179351Z Installed VSLangProj150 17.9.37000 from https://api.nuget.org/v3/index.json to C:\Users\runneradmin\.nuget\packages\vslangproj150\17.9.37000 with content hash rSUieNtE8+mzGgIMw8VnYaPo047zv6i+A2nVwMIHAxFszuuYhEzXjqSZLE9KRYFgSf1xtGpbeNX+ebDRk+uUAQ==.
build-and-test	Restore NuGet packages	2026-07-27T07:48:01.2183964Z Installed StreamJsonRpc 2.17.8 from https://api.nuget.org/v3/index.json to C:\Users\runneradmin\.nuget\packages\streamjsonrpc\2.17.8 with content hash XxxYqGwcaH/3uBel6Ur54ldMIdW2sd80B0nbN4iqMyBXkiBoiVDmtyJv6ow3jaCkRmJLEFrX2/PEWvSsdBldlw==.
build-and-test	Restore NuGet packages	2026-07-27T07:48:01.2187781Z Installed Microsoft.VisualStudio.GraphModel 17.9.37000 from https://api.nuget.org/v3/index.json to C:\Users\runneradmin\.nuget\packages\microsoft.visualstudio.graphmodel\17.9.37000 with content hash 8JLGacPJ57RtKXXPr21jBE54mIwFi7hvWgM/PNGTOSwKMccCrcoayfv7gRb+hbtbhVwqEfTMi+xfMs32uF60SA==.
build-and-test	Restore NuGet packages	2026-07-27T07:48:02.1760876Z Installed System.Reflection.Emit 4.7.0 from C:\Program Files (x86)\Microsoft SDKs\NuGetPackages\ to C:\Users\runneradmin\.nuget\packages\system.reflection.emit\4.7.0 with content hash VR4kk8XLKebQ4MZuKuIni/7oh+QGFmZW3qORd1GvBq/8026OpW501SzT/oypwiQl4TvT8ErnReh/NzY9u+C6wQ==.
build-and-test	Restore NuGet packages	2026-07-27T07:48:02.1966883Z Installed System.Composition 7.0.0 from https://api.nuget.org/v3/index.json to C:\Users\runneradmin\.nuget\packages\system.composition\7.0.0 with content hash tRwgcAkDd85O8Aq6zHDANzQaq380cek9lbMg5Qma46u5BZXq/G+XvIYmu+UI+BIIZ9zssXLYrkTykEqxxvhcmg==.
build-and-test	Restore NuGet packages	2026-07-27T07:48:02.2510250Z Installed Microsoft.VisualStudio.RpcContracts 17.9.7 from https://api.nuget.org/v3/index.json to C:\Users\runneradmin\.nuget\packages\microsoft.visualstudio.rpccontracts\17.9.7 with content hash Vzu2tCqKQxaBc1i5VF6hF6Wg+EhNRA27voQ8XPgQ2MxrzQRheivH92xvkynpE5hWYg+qeH29axH/wOMDZ9MnmQ==.
build-and-test	Restore NuGet packages	2026-07-27T07:48:02.3292453Z Installed Microsoft.Bcl.AsyncInterfaces 8.0.0 from https://api.nuget.org/v3/index.json to C:\Users\runneradmin\.nuget\packages\microsoft.bcl.asyncinterfaces\8.0.0 with content hash 3WA9q9yVqJp222P3x1wYIGDAkpjAku0TMUaaQV22g6L67AI0LdOIrVS7Ht2vJfLHGSPVuqN94vIr15qn+HEkHw==.
build-and-test	Restore NuGet packages	2026-07-27T07:48:02.3294642Z Installed Microsoft.Bcl.AsyncInterfaces 7.0.0 from https://api.nuget.org/v3/index.json to C:\Users\runneradmin\.nuget\packages\microsoft.bcl.asyncinterfaces\7.0.0 with content hash 3aeMZ1N0lJoSyzqiP03hqemtb1BijhsJADdobn/4nsMJ8V1H+CrpuduUe4hlRdx+ikBQju1VGjMD1GJ3Sk05Eg==.
build-and-test	Restore NuGet packages	2026-07-27T07:48:02.5763561Z Installed VSLangProj90 17.9.37000 from https://api.nuget.org/v3/index.json to C:\Users\runneradmin\.nuget\packages\vslangproj90\17.9.37000 with content hash Zq6YLqN1cVNfdpFlrrFmI7Rr2blikVHyyPxmZ6vdO2H+ldjgTjNxMwddnBvwTt3AJazNrvaC/ZXGk+bvn+OPOA==.
build-and-test	Restore NuGet packages	2026-07-27T07:48:02.5767839Z Installed Microsoft.VisualStudio.Threading.Analyzers 17.9.28 from https://api.nuget.org/v3/index.json to C:\Users\runneradmin\.nuget\packages\microsoft.visualstudio.threading.analyzers\17.9.28 with content hash hNfIadilgBXbAOmV7LCdPSmLsUILA3QZhR4Wu9VbFDaHjtU3dCFRfJMbk45galt1pfffz4yI5qT9oUJl+F8mNQ==.
build-and-test	Restore NuGet packages	2026-07-27T07:48:02.7531452Z Installed System.Composition.TypedParts 8.0.0 from https://api.nuget.org/v3/index.json to C:\Users\runneradmin\.nuget\packages\system.composition.typedparts\8.0.0 with content hash DsSklhuA+Dsgo3ZZrar8hjBFvq1wa1grrkNCTt+6SoX3vq0Vy+HXJnVXrU/nNH1BjlGH684A7h4hJQHZd/u5mA==.
build-and-test	Restore NuGet packages	2026-07-27T07:48:03.1520191Z Installed Newtonsoft.Json 13.0.3 from https://api.nuget.org/v3/index.json to C:\Users\runneradmin\.nuget\packages\newtonsoft.json\13.0.3 with content hash HrC5BXdl00IP9zeV+0Z848QWPAoCr9P3bDEZguI+gkLcBKAOxix/tLEAAHC+UvDNPv4a2d18lOReHMOagPa+zQ==.
build-and-test	Restore NuGet packages	2026-07-27T07:48:03.1702476Z Installed Microsoft.VisualStudio.Debugger.Interop.14.0 17.9.37000 from https://api.nuget.org/v3/index.json to C:\Users\runneradmin\.nuget\packages\microsoft.visualstudio.debugger.interop.14.0\17.9.37000 with content hash fdRTWlEhGCQi4Dziz+aQHYhGrYXjUB77N47otApwtlpbI2SMBJirBZuha+awZD81EDuWH4/81nMPnKwLpgyh6Q==.
build-and-test	Restore NuGet packages	2026-07-27T07:48:03.2880624Z Installed Microsoft.VisualStudio.CoreUtility 17.9.187 from https://api.nuget.org/v3/index.json to C:\Users\runneradmin\.nuget\packages\microsoft.visualstudio.coreutility\17.9.187 with content hash J70GXhSyfP4gFdfrYg0Xf79gkSEbk2rvvRpFq9fAQ/AwXIvR2AlmwJgdPSqh9d1X4mWVAIrDjE26JVf/AnS1Sg==.
build-and-test	Restore NuGet packages	2026-07-27T07:48:03.3980802Z Installed Microsoft.Win32.Registry 5.0.0 from https://api.nuget.org/v3/index.json to C:\Users\runneradmin\.nuget\packages\microsoft.win32.registry\5.0.0 with content hash dDoKi0PnDz31yAyETfRntsLArTlVAVzUzCIvvEDsDsucrl33Dl8pIJG06ePTJTI3tGpeyHS9Cq7Foc/s4EeKcg==.
build-and-test	Restore NuGet packages	2026-07-27T07:48:03.4193638Z Installed Microsoft.VisualStudio.Editor 17.9.187 from https://api.nuget.org/v3/index.json to C:\Users\runneradmin\.nuget\packages\microsoft.visualstudio.editor\17.9.187 with content hash 6qrrfeetHtrfZy/Qn26pu/JDlgVON9GzM4yQdh6QajgrjsPR+3lH2hzwvW2gwTgRWbpFJiuHXIC8J+yAjAjyTg==.
build-and-test	Restore NuGet packages	2026-07-27T07:48:03.6842272Z Installed Microsoft.VisualStudio.Imaging.Interop.14.0.DesignTime 17.9.37000 from https://api.nuget.org/v3/index.json to C:\Users\runneradmin\.nuget\packages\microsoft.visualstudio.imaging.interop.14.0.designtime\17.9.37000 with content hash k0OtC0xLjVelFL9HVUNfOWA6qL+F+MDRyWCN1sJ/QzizTNUXWfOVVAv7Vpbz4Bf+0tmOhjS/KL3iS6brg+a8hg==.
build-and-test	Restore NuGet packages	2026-07-27T07:48:03.9218408Z Installed System.Composition 8.0.0 from https://api.nuget.org/v3/index.json to C:\Users\runneradmin\.nuget\packages\system.composition\8.0.0 with content hash E9oO9olNNxA39J8CxQwf7ceIPm+j/B/PhYpyK9M4LhN/OLLRw6u5fNInkhVqaWueMB9iXxYqnwqwgz+W91loIA==.
build-and-test	Restore NuGet packages	2026-07-27T07:48:04.0769100Z Installed Microsoft.VisualStudio.Linux.ConnectionManager.Store 17.9.37000 from https://api.nuget.org/v3/index.json to C:\Users\runneradmin\.nuget\packages\microsoft.visualstudio.linux.connectionmanager.store\17.9.37000 with content hash sM2JEcLzyAakDg/j+mbEdLef2TokW6V4gFJnonReP57sYhbqTyHyEKmfcoXVk2Wav3KvG5Wy1411kp1FnXjIjg==.
build-and-test	Restore NuGet packages	2026-07-27T07:48:04.1234973Z Installed Microsoft.VisualStudio.Imaging 17.9.37000 from https://api.nuget.org/v3/index.json to C:\Users\runneradmin\.nuget\packages\microsoft.visualstudio.imaging\17.9.37000 with content hash u8bSqF0HnfLCWNFa5tqeacYpIwiSbwrXRWAfcmWCNdUvOkIwHf+66WnEmriDB4PErHzfr1xn841TzkVHr4ng8A==.
build-and-test	Restore NuGet packages	2026-07-27T07:48:04.2936507Z Installed Microsoft.VisualStudio.Web.BrowserLink.12.0 12.0.0 from https://api.nuget.org/v3/index.json to C:\Users\runneradmin\.nuget\packages\microsoft.visualstudio.web.browserlink.12.0\12.0.0 with content hash HeuaZh8+wNVdwx7VF8guFGH2Z2zH+FYxWBsRNp+FjjlmrhCfM7GUQV5azaTv/bN5TPaK8ALJoP9UX5o1FB5k1A==.
build-and-test	Restore NuGet packages	2026-07-27T07:48:04.3342980Z Installed Microsoft.VisualStudio.ImageCatalog 17.9.37000 from https://api.nuget.org/v3/index.json to C:\Users\runneradmin\.nuget\packages\microsoft.visualstudio.imagecatalog\17.9.37000 with content hash tO1gj9wEZrsUgAeU08y6ALa8BNTdgkZZJk845WD3XLUR358RBtjfxySGHuZBlkfmInRs48N9fZbFKCZxzimUAA==.
build-and-test	Restore NuGet packages	2026-07-27T07:48:04.3721716Z Installed Microsoft.VisualStudio.Threading.Analyzers 17.7.35 from https://api.nuget.org/v3/index.json to C:\Users\runneradmin\.nuget\packages\microsoft.visualstudio.threading.analyzers\17.7.35 with content hash 4NneyXOKgSVAq6H5CaOXrjq+/MaREl1nVr1O1o2XXSrhWejSmkK7GhzDmoXxL493sOSqYichYii4+AArYEfhww==.
build-and-test	Restore NuGet packages	2026-07-27T07:48:04.4022163Z Installed envdte80 17.9.37000 from https://api.nuget.org/v3/index.json to C:\Users\runneradmin\.nuget\packages\envdte80\17.9.37000 with content hash YzSZuT4yw1qLaafWfWZSuQFiDXDfzlmj947Pk/bEIZTuS+C0UA9mn1LYMZi4y+nU8g0bufNFm6MCZq/jiCw9sw==.
build-and-test	Restore NuGet packages	2026-07-27T07:48:04.4026505Z Installed Microsoft.VisualStudio.Validation 17.8.8 from https://api.nuget.org/v3/index.json to C:\Users\runneradmin\.nuget\packages\microsoft.visualstudio.validation\17.8.8 with content hash rWXThIpyQd4YIXghNkiv2+VLvzS+MCMKVRDR0GAMlflsdo+YcAN2g2r5U1Ah98OFjQMRexTFtXQQ2LkajxZi3g==.
build-and-test	Restore NuGet packages	2026-07-27T07:48:04.8995130Z Installed Microsoft.VisualStudio.Debugger.Interop.10.0 17.9.37000 from https://api.nuget.org/v3/index.json to C:\Users\runneradmin\.nuget\packages\microsoft.visualstudio.debugger.interop.10.0\17.9.37000 with content hash ggD/S0364Y1pUbU83hC2qZGl57WvL/0t9aiHMFnP+uVO9J0GYdOuGByCDztwpgkVq7aKaP138TvJrzKkjJzkCg==.
build-and-test	Restore NuGet packages	2026-07-27T07:48:05.4252308Z Installed Microsoft.VisualStudio.Utilities.Internal 16.3.56 from https://api.nuget.org/v3/index.json to C:\Users\runneradmin\.nuget\packages\microsoft.visualstudio.utilities.internal\16.3.56 with content hash QX5UVVk4+/rPu3Xy3QRAntNBy/3VMl2whwSlt73Ksp6MRf5ersUopgmHbkEnWSTX6e/SZf+mfqTmvdk67URH2Q==.
build-and-test	Restore NuGet packages	2026-07-27T07:48:05.4573197Z Installed Microsoft.VisualStudio.Threading 17.6.40 from https://api.nuget.org/v3/index.json to C:\Users\runneradmin\.nuget\packages\microsoft.visualstudio.threading\17.6.40 with content hash hLa/0xargG7p3bF7aeq2/lRYn/bVnfZXurUWVHx+MNqxxAUjIDMKi4OIOWbYQ/DTkbn9gv8TLvgso+6EtHVQQg==.
build-and-test	Restore NuGet packages	2026-07-27T07:48:05.4887892Z Installed System.Diagnostics.DiagnosticSource 7.0.2 from https://api.nuget.org/v3/index.json to C:\Users\runneradmin\.nuget\packages\system.diagnostics.diagnosticsource\7.0.2 with content hash hYr3I9N9811e0Bjf2WNwAGGyTuAFbbTgX1RPLt/3Wbm68x3IGcX5Cl75CMmgT6WlNwLQ2tCCWfqYPpypjaf2xA==.
build-and-test	Restore NuGet packages	2026-07-27T07:48:05.6154011Z Installed Microsoft.VisualStudio.Language 17.9.187 from https://api.nuget.org/v3/index.json to C:\Users\runneradmin\.nuget\packages\microsoft.visualstudio.language\17.9.187 with content hash 4VDeRwY0BB+Kqj/Us/1ITKLYHm5eOdbQQqcktkSt2JF700tNzLfjb5uzt47YSAcDDPp0k+LJrQSb2VK1daFKhg==.
build-and-test	Restore NuGet packages	2026-07-27T07:48:05.7418644Z Installed Microsoft.VisualStudio.Threading 17.9.28 from https://api.nuget.org/v3/index.json to C:\Users\runneradmin\.nuget\packages\microsoft.visualstudio.threading\17.9.28 with content hash n1bG965yT/7QHChX4x8zJ28LDaNdlJ6AgzthU3XzCsV9fVAMXYJEFi6BbWt8EM+7t0Wz9Oy021VMH2Z/iyz/Qw==.
build-and-test	Restore NuGet packages	2026-07-27T07:48:05.8524630Z Installed NUnit 3.13.3 from https://api.nuget.org/v3/index.json to C:\Users\runneradmin\.nuget\packages\nunit\3.13.3 with content hash KNPDpls6EfHwC3+nnA67fh5wpxeLb3VLFAfLxrug6JMYDLHH6InaQIWR7Sc3y75d/9IKzMksH/gi08W7XWbmnQ==.
build-and-test	Restore NuGet packages	2026-07-27T07:48:05.9257765Z Installed Microsoft.VisualStudio.Shell.Interop 17.9.37000 from https://api.nuget.org/v3/index.json to C:\Users\runneradmin\.nuget\packages\microsoft.visualstudio.shell.interop\17.9.37000 with content hash +FLB9P3CM5Ern1t0Ny/D3ce7Vn2OzMeD07iKl25DWghYaNSiDFaucuXiXzNa/nddxb4tOzg8ZN3rKQ1ZyN595g==.
build-and-test	Restore NuGet packages	2026-07-27T07:48:06.0998975Z Installed Microsoft.VisualStudio.Shell.Interop.9.0 17.9.37000 from https://api.nuget.org/v3/index.json to C:\Users\runneradmin\.nuget\packages\microsoft.visualstudio.shell.interop.9.0\17.9.37000 with content hash g4TsZCWjPC4ufqAosMyUP6I6Dp3F54ru9jzFEvWgYofrwV+OIA7iUK4Bt4g0YCE/mn1VF6qCV0BGpuL7l9lChQ==.
build-and-test	Restore NuGet packages	2026-07-27T07:48:06.1481063Z Installed stdole 17.9.37000 from https://api.nuget.org/v3/index.json to C:\Users\runneradmin\.nuget\packages\stdole\17.9.37000 with content hash Fbut94Js30JtoKQlcNF1+JZJW6UTrWzWa8y3GpPCBUJqGrzkvW6kSJBkyaeY4F3Jdk0rYZrFc6UjF6fjvQ3DJQ==.
build-and-test	Restore NuGet packages	2026-07-27T07:48:06.2409171Z Installed System.Buffers 4.5.1 from https://api.nuget.org/v3/index.json to C:\Users\runneradmin\.nuget\packages\system.buffers\4.5.1 with content hash Rw7ijyl1qqRS0YQD/WycNst8hUUMgrMH4FCn1nNm27M4VxchZ1js3fVjQaANHO5f3sN4isvP4a+Met9Y4YomAg==.
build-and-test	Restore NuGet packages	2026-07-27T07:48:06.4415815Z Installed Microsoft.VisualStudio.VSHelp 17.9.37000 from https://api.nuget.org/v3/index.json to C:\Users\runneradmin\.nuget\packages\microsoft.visualstudio.vshelp\17.9.37000 with content hash nxoXdklX17Ud+rJv4xRcCwmmwF5PBCsq4XjrZ2fYKVNJSMV5kvuM+tiZvl8giThZ9jmN6arhKl/k1158xxP/iA==.
build-and-test	Restore NuGet packages	2026-07-27T07:48:06.5637880Z Installed Microsoft.VisualStudio.Language.StandardClassification 17.9.187 from https://api.nuget.org/v3/index.json to C:\Users\runneradmin\.nuget\packages\microsoft.visualstudio.language.standardclassification\17.9.187 with content hash W29WbwgluniFCnPwwYPcyXXMf2vsCtUCUjUoY7r6+InZM0R48UfVGUB2Vq6ZBor+Wi3gmqiytDlGrv4PeqnMqg==.
build-and-test	Restore NuGet packages	2026-07-27T07:48:06.7078530Z Installed Microsoft.NET.StringTools 17.9.5 from https://api.nuget.org/v3/index.json to C:\Users\runneradmin\.nuget\packages\microsoft.net.stringtools\17.9.5 with content hash C/oPRnjcIZBRzcpl1V06R1eEMCxOGt6mIm+8ioyblELgJEXLM8XjUPuCwljMO52VetsHw54xMcYwU8UEeHEIEg==.
build-and-test	Restore NuGet packages	2026-07-27T07:48:08.2078617Z Installed Microsoft.VisualStudio.Text.UI 17.9.187 from https://api.nuget.org/v3/index.json to C:\Users\runneradmin\.nuget\packages\microsoft.visualstudio.text.ui\17.9.187 with content hash jepyybFierTz+HDx9Z9j0STlt5RA/XSA1aXdlrs+vfHVgdVE6chDyLEjPMDwEyb+bWhKe6Sv1ED/xF/wUPeZxQ==.
build-and-test	Restore NuGet packages	2026-07-27T07:48:08.3522147Z Installed Microsoft.VisualStudio.ComponentModelHost 17.9.187 from https://api.nuget.org/v3/index.json to C:\Users\runneradmin\.nuget\packages\microsoft.visualstudio.componentmodelhost\17.9.187 with content hash QhM8dpfRn71MBTpo+2La7YQKjJMlFuzl5HyUERYOxQjeLI9JOS357UHyp1i1zj1uCCHKK0MyExGKxjixtMgJig==.
build-and-test	Restore NuGet packages	2026-07-27T07:48:08.4992336Z Installed envdte90 17.9.37000 from https://api.nuget.org/v3/index.json to C:\Users\runneradmin\.nuget\packages\envdte90\17.9.37000 with content hash O6GwlG9BC07UlLBLFkVJ5DNNtXsTDnGuFgFDXHHC9BB7oirrNZcGBBVG7gt1vPBn4QKNXVdxgYXlj5mEPbQOaQ==.
build-and-test	Restore NuGet packages	2026-07-27T07:48:08.6207427Z Installed System.IO.Pipelines 7.0.0 from https://api.nuget.org/v3/index.json to C:\Users\runneradmin\.nuget\packages\system.io.pipelines\7.0.0 with content hash jRn6JYnNPW6xgQazROBLSfpdoczRw694vO5kKvMcNnpXuolEixUyw6IBuBs2Y2mlSX/LdLvyyWmfXhaI3ND1Yg==.
build-and-test	Restore NuGet packages	2026-07-27T07:48:08.6490610Z Installed Microsoft.ServiceHub.Analyzers 4.4.22 from https://api.nuget.org/v3/index.json to C:\Users\runneradmin\.nuget\packages\microsoft.servicehub.analyzers\4.4.22 with content hash j1tTGfD977w7eorHfgUS7mARtNufQtig9YqDrLi8CbS4HJU22pBm8Qu+F/9EsnA0XsQWFJo2BcqGWRlWdjXbCw==.
build-and-test	Restore NuGet packages	2026-07-27T07:48:08.6494595Z Installed System.Security.AccessControl 5.0.0 from https://api.nuget.org/v3/index.json to C:\Users\runneradmin\.nuget\packages\system.security.accesscontrol\5.0.0 with content hash dagJ1mHZO3Ani8GH0PHpPEe/oYO+rVdbQjvjJkBRNQkX4t0r1iaeGn8+/ybkSLEan3/slM0t59SVdHzuHf2jmw==.
build-and-test	Restore NuGet packages	2026-07-27T07:48:08.6885595Z Installed VSLangProj80 17.9.37000 from https://api.nuget.org/v3/index.json to C:\Users\runneradmin\.nuget\packages\vslangproj80\17.9.37000 with content hash Q+I1RRsSZH4rLVm9PO7CLiI4Sx8xPznnBDgJ5Cv+L79Y99rIcyd7TZi3PYawQbSt0HEI2IgWZJ9JztiS3ksQpg==.
build-and-test	Restore NuGet packages	2026-07-27T07:48:09.0380447Z Installed Microsoft.VisualStudio.Shell.Design 17.9.37000 from https://api.nuget.org/v3/index.json to C:\Users\runneradmin\.nuget\packages\microsoft.visualstudio.shell.design\17.9.37000 with content hash TpfmizIlCvmbjNdDNG+fhJngAdGI3mWx2HXmZjzVPIFQy1EJaRDUlm8K6TJZ/reqgqCiXJgNpBdx65q3mWOwcQ==.
build-and-test	Restore NuGet packages	2026-07-27T07:48:09.0567271Z Installed Microsoft.VisualStudio.Shell.Framework 17.9.37000 from https://api.nuget.org/v3/index.json to C:\Users\runneradmin\.nuget\packages\microsoft.visualstudio.shell.framework\17.9.37000 with content hash Inem6IWh7sCSkn2Up6w8hCJziHkwnlIwxHbIihDOFLNj70eMmxtYbrK/YK5Wj/3/hlWXyQM0m5GxPZiLVKjOfA==.
build-and-test	Restore NuGet packages	2026-07-27T07:48:09.0868802Z Installed Microsoft.VisualStudio.VSHelp80 17.9.37000 from https://api.nuget.org/v3/index.json to C:\Users\runneradmin\.nuget\packages\microsoft.visualstudio.vshelp80\17.9.37000 with content hash IlH4iEAmQ79ZwBSXr6be1WG+6X9Ga3oDpiBw7IQifztx4ehenJ15+YumPRbeSMt3Jbx0DjvsyIqU3lDifmCfXA==.
build-and-test	Restore NuGet packages	2026-07-27T07:48:09.2322138Z Installed Microsoft.VisualStudio.Utilities.Internal 16.3.42 from https://api.nuget.org/v3/index.json to C:\Users\runneradmin\.nuget\packages\microsoft.visualstudio.utilities.internal\16.3.42 with content hash com/WkhcYqWZi6JFcqHOMGnmEEA1bErS4m2gyLMmTJ5qUDcGcP6bP6XYjMc4WrTmqkutqwLo+Wufyps5qAx6nw==.
build-and-test	Restore NuGet packages	2026-07-27T07:48:09.7466627Z Installed Microsoft.CSharp 4.7.0 from https://api.nuget.org/v3/index.json to C:\Users\runneradmin\.nuget\packages\microsoft.csharp\4.7.0 with content hash pTj+D3uJWyN3My70i2Hqo+OXixq3Os2D1nJ2x92FFo6sk8fYS1m1WLNTs0Dc1uPaViH0YvEEwvzddQ7y4rhXmA==.
build-and-test	Restore NuGet packages	2026-07-27T07:48:09.9291110Z Installed System.Text.Json 8.0.0 from https://api.nuget.org/v3/index.json to C:\Users\runneradmin\.nuget\packages\system.text.json\8.0.0 with content hash OdrZO2WjkiEG6ajEFRABTRCi/wuXQPxeV6g8xvUJqdxMvvuCCEk86zPla8UiIQJz3durtUEbNyY/3lIhS0yZvQ==.
build-and-test	Restore NuGet packages	2026-07-27T07:48:10.0544627Z Installed System.Threading.AccessControl 8.0.0 from https://api.nuget.org/v3/index.json to C:\Users\runneradmin\.nuget\packages\system.threading.accesscontrol\8.0.0 with content hash cIed5+HuYz+eV9yu9TH95zPkqmm1J9Qps9wxjB335sU8tsqc2kGdlTEH9FZzZeCS8a7mNSEsN8ZkyhQp1gfdEw==.
build-and-test	Restore NuGet packages	2026-07-27T07:48:10.1656474Z Installed Microsoft.VsSDK.CompatibilityAnalyzer 17.9.3168 from https://api.nuget.org/v3/index.json to C:\Users\runneradmin\.nuget\packages\microsoft.vssdk.compatibilityanalyzer\17.9.3168 with content hash 9+JkFppsNMFyFLRNk/tkIymiLNbV5Uote9HZye1Lgv9p/h4iCKtYJhqAKDdsv3dfk+uarKjixYIYzYmdUEl6/Q==.
build-and-test	Restore NuGet packages	2026-07-27T07:48:10.3128681Z Installed Microsoft.VisualStudio.TextManager.Interop 17.9.37000 from https://api.nuget.org/v3/index.json to C:\Users\runneradmin\.nuget\packages\microsoft.visualstudio.textmanager.interop\17.9.37000 with content hash 81JWgO2og33CN/SaaubY+2D//fU0v7wcsa88UoQpLi7QM1FLdRtz1TK0VbeHWgLfnvKyxNMShdcsM5SQMtRsrQ==.
build-and-test	Restore NuGet packages	2026-07-27T07:48:10.5762002Z Installed Microsoft.NET.Test.Sdk 17.9.0 from https://api.nuget.org/v3/index.json to C:\Users\runneradmin\.nuget\packages\microsoft.net.test.sdk\17.9.0 with content hash 7GUNAUbJYn644jzwLm5BD3a2p9C1dmP8Hr6fDPDxgItQk9hBs1Svdxzz07KQ/UphMSmgza9AbijBJGmw5D658A==.
build-and-test	Restore NuGet packages	2026-07-27T07:48:10.9503262Z Installed Microsoft.NETCore.Platforms 1.1.1 from https://api.nuget.org/v3/index.json to C:\Users\runneradmin\.nuget\packages\microsoft.netcore.platforms\1.1.1 with content hash TMBuzAHpTenGbGgk0SMTwyEkyijY/Eae4ZGsFNYJvAr/LDn1ku3Etp3FPxChmDp5HHF3kzJuoaa08N0xjqAJfQ==.
build-and-test	Restore NuGet packages	2026-07-27T07:48:11.0453365Z Installed System.ComponentModel.Composition 8.0.0 from https://api.nuget.org/v3/index.json to C:\Users\runneradmin\.nuget\packages\system.componentmodel.composition\8.0.0 with content hash bGhUX5BTivJ9Wax0qnJy7uGq7dn/TQkEpJ2Fpu1etg8dbPwyDkUzNPc1d3I2/jUr9y4wDI3a1dkSmi8X21Pzbw==.
build-and-test	Restore NuGet packages	2026-07-27T07:48:11.2002332Z Installed Microsoft.VisualStudio.Interop 17.9.37000 from https://api.nuget.org/v3/index.json to C:\Users\runneradmin\.nuget\packages\microsoft.visualstudio.interop\17.9.37000 with content hash lIHdpk2g0PpIy2PiYCf6TFXZmS0tHC3shGhTrh1knmQ6M/BpYnuKmdJ5Ysknfm+MVEDUg+uYTcvaLqhF6C+O7w==.
build-and-test	Restore NuGet packages	2026-07-27T07:48:11.3618363Z Installed Microsoft.VisualStudio.Threading 17.7.35 from https://api.nuget.org/v3/index.json to C:\Users\runneradmin\.nuget\packages\microsoft.visualstudio.threading\17.7.35 with content hash VSyFBBEJqb1hMDpILecGl+oVR6ISdRCDcJnMEHz1aUwx9S9/T8m/4XtN80VsS9C/3AcVQAvZ5FqLxnZCjE2KRQ==.
build-and-test	Restore NuGet packages	2026-07-27T07:48:11.9101810Z Installed System.Private.Uri 4.3.2 from https://api.nuget.org/v3/index.json to C:\Users\runneradmin\.nuget\packages\system.private.uri\4.3.2 with content hash o1+7RJnu3Ik3PazR7Z7tJhjPdE000Eq2KGLLWhqJJKXj04wrS8lwb1OFtDF9jzXXADhUuZNJZlPc98uwwqmpFA==.
build-and-test	Restore NuGet packages	2026-07-27T07:48:12.0392479Z Installed Microsoft.VisualStudio.Debugger.Interop.12.0 17.9.37000 from https://api.nuget.org/v3/index.json to C:\Users\runneradmin\.nuget\packages\microsoft.visualstudio.debugger.interop.12.0\17.9.37000 with content hash KfjM7g+6e1WHyPFivw/inhLYYEKsOWSdt26au+gRMCL9BKZpk0quy7fLJwzHIkeDQTtNhcqzeGldd4ZiLowMjA==.
build-and-test	Restore NuGet packages	2026-07-27T07:48:12.1009570Z Installed Microsoft.VisualStudio.SDK.Analyzers 16.10.10 from https://api.nuget.org/v3/index.json to C:\Users\runneradmin\.nuget\packages\microsoft.visualstudio.sdk.analyzers\16.10.10 with content hash LuhBHy7MJJ5SjpS7J2GuHqPyL1VeqXUwYc+mTagaUCzXbNwJmLcSUAioCyQyAzPIn6qtnzuM5Lz6ULOQS3ifUA==.
build-and-test	Restore NuGet packages	2026-07-27T07:48:12.2899675Z Installed Microsoft.VisualStudio.Shell.Interop.10.0 17.9.37000 from https://api.nuget.org/v3/index.json to C:\Users\runneradmin\.nuget\packages\microsoft.visualstudio.shell.interop.10.0\17.9.37000 with content hash onDfw2IMubXGB+wuI0AeTkHAgszzoF62LsOltCYyUvbiwLYAjJknaqNRI28R1fu/TSqwSB8SXaSHWSUx+gi10w==.
build-and-test	Restore NuGet packages	2026-07-27T07:48:12.2950924Z Installed Microsoft.VisualStudio.Composition.Analyzers 17.7.40 from https://api.nuget.org/v3/index.json to C:\Users\runneradmin\.nuget\packages\microsoft.visualstudio.composition.analyzers\17.7.40 with content hash rgFie5cK34I310RrLjjBnfH+bmOM7gUtcx8+PH65f1TeVQkWZzxr1b2/QsH/tHt3bsipvKghhp2VkUtLO5x8wA==.
build-and-test	Restore NuGet packages	2026-07-27T07:48:12.5237531Z Installed Microsoft.VisualStudio.Utilities 17.9.36846 from https://api.nuget.org/v3/index.json to C:\Users\runneradmin\.nuget\packages\microsoft.visualstudio.utilities\17.9.36846 with content hash fNvS7xGrdxZ2uvWlO1JCRjc5LhsBs48FrNqH6EINPp1gR5ehBbR8XbFhr5B23pwU0sEohAhNCwkafOGG938nlA==.
build-and-test	Restore NuGet packages	2026-07-27T07:48:13.1842466Z Installed Microsoft.VisualStudio.SDK 17.9.37000 from https://api.nuget.org/v3/index.json to C:\Users\runneradmin\.nuget\packages\microsoft.visualstudio.sdk\17.9.37000 with content hash XSkWGJiuCKTaONOIHOHqFGPTEF2j9ae2sE2wbDJafHZJe9sUqy83az75yP4j/jzsEsmoJsWLUuhNW2vE3sv8/w==.
build-and-test	Restore NuGet packages	2026-07-27T07:48:13.2304578Z Installed System.Collections.Immutable 6.0.0 from https://api.nuget.org/v3/index.json to C:\Users\runneradmin\.nuget\packages\system.collections.immutable\6.0.0 with content hash l4zZJ1WU2hqpQQHXz1rvC3etVZN+2DLmQMO79FhOTZHMn8tDRr+WU287sbomD0BETlmKDn0ygUgVy9k5xkkJdA==.
build-and-test	Restore NuGet packages	2026-07-27T07:48:13.2309262Z Installed Nerdbank.Streams 2.10.69 from https://api.nuget.org/v3/index.json to C:\Users\runneradmin\.nuget\packages\nerdbank.streams\2.10.69 with content hash YIudzeVyQRJAqytjpo1jdHkh2t+vqQqyusBqb2sFSOAOGEnyOXhcHx/rQqSuCIXUDr50a3XuZnamGRfQVBOf4g==.
build-and-test	Restore NuGet packages	2026-07-27T07:48:13.2752696Z Installed System.Collections.Immutable 7.0.0 from https://api.nuget.org/v3/index.json to C:\Users\runneradmin\.nuget\packages\system.collections.immutable\7.0.0 with content hash dQPcs0U1IKnBdRDBkrCTi1FoajSTBzLcVTpjO4MBCMC7f4pDOIPzgBoX8JjG7X6uZRJ8EBxsi8+DR1JuwjnzOQ==.
build-and-test	Restore NuGet packages	2026-07-27T07:48:13.3210002Z Installed Newtonsoft.Json 13.0.1 from C:\Program Files (x86)\Microsoft SDKs\NuGetPackages\ to C:\Users\runneradmin\.nuget\packages\newtonsoft.json\13.0.1 with content hash ppPFpBcvxdsfUonNcvITKqLl3bqxWbDCZIzDWHzjpdAHRFfZe0Dw9HmA0+za13IdyrgJwpkDTDA9fHaxOrt20A==.
build-and-test	Restore NuGet packages	2026-07-27T07:48:13.4847028Z Installed Microsoft.VisualStudio.Setup.Configuration.Interop 3.9.2164 from https://api.nuget.org/v3/index.json to C:\Users\runneradmin\.nuget\packages\microsoft.visualstudio.setup.configuration.interop\3.9.2164 with content hash KV9Ip+xFw57PKj6YlIC4ZSAj+gCkUqsr67IlNQTRLbYsEvd5gZiqgDb6AjTvPypc5yfI1aiLXTBIs/56r8P0rA==.
build-and-test	Restore NuGet packages	2026-07-27T07:48:13.5920021Z Installed Microsoft.VisualStudio.Composition 17.6.17 from https://api.nuget.org/v3/index.json to C:\Users\runneradmin\.nuget\packages\microsoft.visualstudio.composition\17.6.17 with content hash W78+hH7BG5d/UPUcT2YyrjOC/fGk0+k3CRhYwjeI+QyXZkNjNlrkKSu9Jbf61VI0nZTHfJhrWxz3LLUkk1zf9g==.
build-and-test	Restore NuGet packages	2026-07-27T07:48:13.7536703Z Installed System.Numerics.Vectors 4.5.0 from https://api.nuget.org/v3/index.json to C:\Users\runneradmin\.nuget\packages\system.numerics.vectors\4.5.0 with content hash QQTlPTl06J/iiDbJCiepZ4H//BVraReU4O4EoRw1U02H5TLUIT7xn3GnDp9AXPSlJUDyFs4uWjWafNX6WrAojQ==.
build-and-test	Restore NuGet packages	2026-07-27T07:48:13.8740020Z Installed Microsoft.Bcl.AsyncInterfaces 6.0.0 from https://api.nuget.org/v3/index.json to C:\Users\runneradmin\.nuget\packages\microsoft.bcl.asyncinterfaces\6.0.0 with content hash UcSjPsst+DfAdJGVDsu346FX0ci0ah+lw3WRtn18NUwEqRt70HaOQ7lI72vy3+1LxtqI3T5GWwV39rQSrCzAeg==.
build-and-test	Restore NuGet packages	2026-07-27T07:48:13.9291753Z Installed Microsoft.VisualStudio.LanguageServer.Client 17.9.46 from https://api.nuget.org/v3/index.json to C:\Users\runneradmin\.nuget\packages\microsoft.visualstudio.languageserver.client\17.9.46 with content hash zLsZaRchQs1X+Fk/hfjYg7f1PXMK5G5mGfApM8FoRCWECJPbeSbJtjvTip068ie4BBxsFhRy3vziq0wmg2077A==.
build-and-test	Restore NuGet packages	2026-07-27T07:48:14.0523121Z Installed Microsoft.CodeCoverage 17.9.0 from https://api.nuget.org/v3/index.json to C:\Users\runneradmin\.nuget\packages\microsoft.codecoverage\17.9.0 with content hash RGD37ZSrratfScYXm7M0HjvxMxZyWZL4jm+XgMZbkIY1UPgjUpbNA/t+WTGj/rC/0Hm9A3IrH3ywbKZkOCnoZA==.
build-and-test	Restore NuGet packages	2026-07-27T07:48:14.9299298Z Installed VSLangProj158 17.9.37000 from https://api.nuget.org/v3/index.json to C:\Users\runneradmin\.nuget\packages\vslangproj158\17.9.37000 with content hash AsADOKFAjkf7EamP/6/FZfs8jpsn4C0ChEsd0y/c3e7PBjJoCVa9Nh4WqRVSVjbWM1Oy3T7d+50bGxgQZAZ4KA==.
build-and-test	Restore NuGet packages	2026-07-27T07:48:15.1643140Z Installed Microsoft.VisualStudio.Threading.Analyzers 16.10.56 from https://api.nuget.org/v3/index.json to C:\Users\runneradmin\.nuget\packages\microsoft.visualstudio.threading.analyzers\16.10.56 with content hash uTvu9fbmHTtRFY5xUgG45waU+ARad0JxyG/2btOC9Su6RTo3PrGVXKU2vHDtVELqlJsnKImhMaPH3YR0XCVwDg==.
build-and-test	Restore NuGet packages	2026-07-27T07:48:15.4101629Z Installed System.Memory 4.5.5 from https://api.nuget.org/v3/index.json to C:\Users\runneradmin\.nuget\packages\system.memory\4.5.5 with content hash XIWiDvKPXaTveaB7HVganDlOCRoj03l+jrwNvcge/t8vhGYKvqV+dMv6G4SAX2NoNmN0wZfVPTAlFwZcZvVOUw==.
build-and-test	Restore NuGet packages	2026-07-27T07:48:15.4330207Z Installed VSLangProj 17.9.37000 from https://api.nuget.org/v3/index.json to C:\Users\runneradmin\.nuget\packages\vslangproj\17.9.37000 with content hash 6YNkHtXDmAEBdbajfB6kgve1VKAepxxyrROyJb6P/xSQiIFg4NNnubniEOka8lEQHwom/ZjhiCwDew5sKOK5Fg==.
build-and-test	Restore NuGet packages	2026-07-27T07:48:15.6525218Z Installed System.Security.AccessControl 6.0.0 from C:\Program Files (x86)\Microsoft SDKs\NuGetPackages\ to C:\Users\runneradmin\.nuget\packages\system.security.accesscontrol\6.0.0 with content hash AUADIc0LIEQe7MzC+I0cl0rAT8RrTAKFHl53yHjEUzNVIaUlhFY11vc2ebiVJzVBuOzun6F7FBA+8KAbGTTedQ==.
build-and-test	Restore NuGet packages	2026-07-27T07:48:15.8711321Z Installed Microsoft.VisualStudio.Designer.Interfaces 17.9.37000 from https://api.nuget.org/v3/index.json to C:\Users\runneradmin\.nuget\packages\microsoft.visualstudio.designer.interfaces\17.9.37000 with content hash ha+hywkSXMC+5hTi1oUt7UVgH9it6L0G9k/teOqpHTVn3JDYJKMBHwoQhqtl0tMxuieqImrMe9ayWOLqMtVtCA==.
build-and-test	Restore NuGet packages	2026-07-27T07:48:16.1276326Z Installed Microsoft.VisualStudio.Shell.Interop.8.0 17.9.37000 from https://api.nuget.org/v3/index.json to C:\Users\runneradmin\.nuget\packages\microsoft.visualstudio.shell.interop.8.0\17.9.37000 with content hash n90dAFqYPq0SHxZfcn9b7+sjRYK7J6b5drakIHJ+AGWEGtON8bznpKZW8NWFWjo9odI5xTOEZAZP4It4ghuWQg==.
build-and-test	Restore NuGet packages	2026-07-27T07:48:16.1634268Z Installed Microsoft.VisualStudio.Debugger.Interop.16.0 17.9.37000 from https://api.nuget.org/v3/index.json to C:\Users\runneradmin\.nuget\packages\microsoft.visualstudio.debugger.interop.16.0\17.9.37000 with content hash 8puRQSTqQooKJdfGZzSEtT9ZALTViFXDtJg77L7p8OwQMlvAXMgUhiX8K+c6VVBnd+5DS2XYpJDzmovz30AsVA==.
build-and-test	Restore NuGet packages	2026-07-27T07:48:16.2456282Z Installed Microsoft.VisualStudio.Package.LanguageService.15.0 17.9.37000 from https://api.nuget.org/v3/index.json to C:\Users\runneradmin\.nuget\packages\microsoft.visualstudio.package.languageservice.15.0\17.9.37000 with content hash sTQEH8gPxX4v8cOB4qkbdKQSm4xEax2a2PI5kRMh8nDbYprrUaqleuGs55o29a5eWcFQ1DJHwfba9Q2VHTPzXQ==.
build-and-test	Restore NuGet packages	2026-07-27T07:48:16.2473400Z Installed Microsoft.VisualStudio.TaskRunnerExplorer.14.0 14.0.0 from https://api.nuget.org/v3/index.json to C:\Users\runneradmin\.nuget\packages\microsoft.visualstudio.taskrunnerexplorer.14.0\14.0.0 with content hash iZpAv8bEWjkyxFF1GIcSOfldqP/umopJKnJGKHa0vg8KR7ZY3u3dWtJmwO4w3abIx+176SIkQe78y5A+/Md7FA==.
build-and-test	Restore NuGet packages	2026-07-27T07:48:16.3254101Z Installed System.ValueTuple 4.5.0 from https://api.nuget.org/v3/index.json to C:\Users\runneradmin\.nuget\packages\system.valuetuple\4.5.0 with content hash okurQJO6NRE/apDIP23ajJ0hpiNmJ+f0BwOlB/cSqTLQlw5upkf+5+96+iG2Jw40G1fCVCyPz/FhIABUjMR+RQ==.
build-and-test	Restore NuGet packages	2026-07-27T07:48:16.3537076Z Installed System.Threading.Tasks.Dataflow 8.0.0 from https://api.nuget.org/v3/index.json to C:\Users\runneradmin\.nuget\packages\system.threading.tasks.dataflow\8.0.0 with content hash 7V0I8tPa9V7UxMx/+7DIwkhls5ouaEMQx6l/GwGm1Y8kJQ61On9B/PxCXFLbgu5/C47g0BP2CUYs+nMv1+Oaqw==.
build-and-test	Restore NuGet packages	2026-07-27T07:48:16.3819212Z Installed Microsoft.VisualStudio.Shell.15.0 17.9.37000 from https://api.nuget.org/v3/index.json to C:\Users\runneradmin\.nuget\packages\microsoft.visualstudio.shell.15.0\17.9.37000 with content hash 7ZB6x3UOFkOqdlPTlP5Q5KNL3EDdXNmCIwAJF3XOHVw7luc5gs9y8qBGV0BrKc3OhoGXg8ecj/aGEHRPn3wJVw==.
build-and-test	Restore NuGet packages	2026-07-27T07:48:16.4813278Z Installed System.Reflection.Metadata 7.0.0 from https://api.nuget.org/v3/index.json to C:\Users\runneradmin\.nuget\packages\system.reflection.metadata\7.0.0 with content hash MclTG61lsD9sYdpNz9xsKBzjsmsfCtcMZYXz/IUr2zlhaTaABonlr1ESeompTgM+Xk+IwtGYU7/voh3YWB/fWw==.
build-and-test	Restore NuGet packages	2026-07-27T07:48:16.6056187Z Installed VSLangProj100 17.9.37000 from https://api.nuget.org/v3/index.json to C:\Users\runneradmin\.nuget\packages\vslangproj100\17.9.37000 with content hash kKZ08vauju/TFSS4ODMPj7h64HWbPvYPD2mDdmcAdp4U2DhU857+oZac4c3XXFQ5ebYnoB4QiD6TZVueJXsKVQ==.
build-and-test	Restore NuGet packages	2026-07-27T07:48:16.6985689Z Installed MessagePack.Annotations 2.5.108 from https://api.nuget.org/v3/index.json to C:\Users\runneradmin\.nuget\packages\messagepack.annotations\2.5.108 with content hash 28aNCvfJClgwaKr26gf2S6LT+C1PNyPxiG+ihYpy8uCJsRLJEDoCt2I0Uk5hqOPQ8P8hI0ESy520oMkZkPmsOQ==.
build-and-test	Restore NuGet packages	2026-07-27T07:48:16.9033118Z Installed System.Composition.Hosting 8.0.0 from https://api.nuget.org/v3/index.json to C:\Users\runneradmin\.nuget\packages\system.composition.hosting\8.0.0 with content hash qwbONqoxlazxcbiohvb3t1JWZgKIKcRdXS5uEeLbo5wtuBupIbAvdC3PYTAeBCZrZeERvrtAbhYHuuS43Zr1bQ==.
build-and-test	Restore NuGet packages	2026-07-27T07:48:17.0687779Z Installed VSLangProj165 17.9.37000 from https://api.nuget.org/v3/index.json to C:\Users\runneradmin\.nuget\packages\vslangproj165\17.9.37000 with content hash jkueE+WT5BEiurPCLXUDslmbjuUOpVIVBDNmliDXWY/V3aHxq5tVG4u4VeaPp1LMS4x+O1vjQDU3K+V5ztYDwA==.
build-and-test	Restore NuGet packages	2026-07-27T07:48:17.1732311Z Installed MessagePack 2.5.108 from https://api.nuget.org/v3/index.json to C:\Users\runneradmin\.nuget\packages\messagepack\2.5.108 with content hash kcVRbdWP3xNWLZmmpm4DFO+kuXf6mUR2mHZ27WoZIEFIv9hazuUd80injXhNrZnlq/FklAdCsLOil5M76I4Ndg==.
build-and-test	Restore NuGet packages	2026-07-27T07:48:17.3035519Z Installed Microsoft.VisualStudio.Utilities 17.9.37000 from https://api.nuget.org/v3/index.json to C:\Users\runneradmin\.nuget\packages\microsoft.visualstudio.utilities\17.9.37000 with content hash tiNenrZYKSxC/i0LDcXbENeuJDzxKgYFd+LA4iwI18LMN85ThffoFbvGij5CQ6IBa6FWL8VQGlPuE65iMXWfNQ==.
build-and-test	Restore NuGet packages	2026-07-27T07:48:17.5062815Z Installed Microsoft.VisualStudio.Composition 17.7.38 from https://api.nuget.org/v3/index.json to C:\Users\runneradmin\.nuget\packages\microsoft.visualstudio.composition\17.7.38 with content hash g7PhfGqHsXERDpTXMLqhbPku/9ecEigTr3blHa0b6P0DaGgxWON76GBGq1NtA6VKJzwy26n4uYI85CdRV3j7yQ==.
build-and-test	Restore NuGet packages	2026-07-27T07:48:17.5405135Z Installed Microsoft.Win32.Primitives 4.3.0 from https://api.nuget.org/v3/index.json to C:\Users\runneradmin\.nuget\packages\microsoft.win32.primitives\4.3.0 with content hash 9ZQKCWxH7Ijp9BfahvL2Zyf1cJIk8XYLF6Yjzr2yi0b2cOut/HQ31qf1ThHAgCc3WiZMdnWcfJCgN82/0UunxA==.
build-and-test	Restore NuGet packages	2026-07-27T07:48:17.6675678Z Installed Microsoft.VisualStudio.Telemetry 17.9.305 from https://api.nuget.org/v3/index.json to C:\Users\runneradmin\.nuget\packages\microsoft.visualstudio.telemetry\17.9.305 with content hash dWQlTc3o1zvnr0dFD+ZpC04gZtP3pzAMEQBK2oqPZoMRm4n3cj5sSNSlSugDjWHAnVAKzses/ZTvR2SHTyCQNA==.
build-and-test	Restore NuGet packages	2026-07-27T07:48:17.7613260Z Installed Microsoft.VisualStudio.RemoteControl 16.3.52 from https://api.nuget.org/v3/index.json to C:\Users\runneradmin\.nuget\packages\microsoft.visualstudio.remotecontrol\16.3.52 with content hash +MgP1+Rtt1uJZyqhf7+H6KAQ57wc7v00ixuLhEgFggIbmW2/29YXfPK7gLvXw+vU7vimuM47cqAHrnB7RWYqtg==.
build-and-test	Restore NuGet packages	2026-07-27T07:48:17.8245467Z Installed envdte 17.9.37000 from https://api.nuget.org/v3/index.json to C:\Users\runneradmin\.nuget\packages\envdte\17.9.37000 with content hash rh4sIUpL+rRiXzgjEJ642rtXslE5nABYDV7CTs6thTSND8m549I8rIVEtuoaQf4sRRZ8kfjmZ64QruqYDM810w==.
build-and-test	Restore NuGet packages	2026-07-27T07:48:18.0176798Z Installed VSLangProj157 17.9.37000 from https://api.nuget.org/v3/index.json to C:\Users\runneradmin\.nuget\packages\vslangproj157\17.9.37000 with content hash c2RB7W9jAjsu/BqCR4yHKvSJ42u98RcRQ6Fqjq0ktGxXZaojhNje2wEIr38yYHGH7cN2AE+Ra8fg1vGOmhxSDQ==.
build-and-test	Restore NuGet packages	2026-07-27T07:48:18.1361129Z Installed Microsoft.VisualStudio.TextManager.Interop.12.0 17.9.37000 from https://api.nuget.org/v3/index.json to C:\Users\runneradmin\.nuget\packages\microsoft.visualstudio.textmanager.interop.12.0\17.9.37000 with content hash EW+AFokDrexrevkYrsbPkKypjnt2Ssq9QmTZJXJxzzOs3XidfIdvZckxVuHSvnSn7cnUsOm30pT0F0bXXffPJg==.
build-and-test	Restore NuGet packages	2026-07-27T07:48:18.1720335Z Installed System.Diagnostics.DiagnosticSource 8.0.0 from https://api.nuget.org/v3/index.json to C:\Users\runneradmin\.nuget\packages\system.diagnostics.diagnosticsource\8.0.0 with content hash c9xLpVz6PL9lp/djOWtk5KPDZq3cSYpmXoJQY524EOtuFl5z9ZtsotpsyrDW40U1DRnQSYvcPKEUV0X//u6gkQ==.
build-and-test	Restore NuGet packages	2026-07-27T07:48:18.2726900Z Installed System.Reflection.Emit.Lightweight 4.7.0 from https://api.nuget.org/v3/index.json to C:\Users\runneradmin\.nuget\packages\system.reflection.emit.lightweight\4.7.0 with content hash a4OLB4IITxAXJeV74MDx49Oq2+PsF6Sml54XAFv+2RyWwtDBcabzoxiiJRhdhx+gaohLh4hEGCLQyBozXoQPqA==.
build-and-test	Restore NuGet packages	2026-07-27T07:48:18.7942375Z Installed Microsoft.VisualStudio.TextTemplating.VSHost 17.9.37000 from https://api.nuget.org/v3/index.json to C:\Users\runneradmin\.nuget\packages\microsoft.visualstudio.texttemplating.vshost\17.9.37000 with content hash ItDcrt/mk0oAYrLfHpRV0fd09sNSmHEOcbJJSReOVkpLioqf47b9hPIqJZnfu50eP6C9v/3+bo7jsWV5Abw1bw==.
build-and-test	Restore NuGet packages	2026-07-27T07:48:19.0546624Z Installed Microsoft.VisualStudio.Debugger.Interop.15.0 17.9.37000 from https://api.nuget.org/v3/index.json to C:\Users\runneradmin\.nuget\packages\microsoft.visualstudio.debugger.interop.15.0\17.9.37000 with content hash +vbBLOWIprvoufg/Fcy0N4nY1wRaPQ5qkJ8yrr5aqwzPG0A2HHFk0CPaCwCgzAzZxe7Lwcve3Gwg0NeY+o58ZA==.
build-and-test	Restore NuGet packages	2026-07-27T07:48:19.0575936Z Installed System.Text.Encodings.Web 7.0.0 from https://api.nuget.org/v3/index.json to C:\Users\runneradmin\.nuget\packages\system.text.encodings.web\7.0.0 with content hash OP6umVGxc0Z0MvZQBVigj4/U31Pw72ITihDWP9WiWDm+q5aoe0GaJivsfYGq53o6dxH7DcXWiCTl7+0o2CGdmg==.
build-and-test	Restore NuGet packages	2026-07-27T07:48:19.1377029Z Installed Microsoft.CodeAnalysis.BannedApiAnalyzers 3.3.2 from https://api.nuget.org/v3/index.json to C:\Users\runneradmin\.nuget\packages\microsoft.codeanalysis.bannedapianalyzers\3.3.2 with content hash LlcsDRSYfkJFWOdDpysY/4Ph4llHc8DLOc3roFTz9+216vl+vwVGfbys2rcSmhZCTDv/0kxSs2oOdd9SX2NiVg==.
build-and-test	Restore NuGet packages	2026-07-27T07:48:19.1631044Z Installed envdte90a 17.9.37000 from https://api.nuget.org/v3/index.json to C:\Users\runneradmin\.nuget\packages\envdte90a\17.9.37000 with content hash JhD350Mw6sqhRY6VImid5K8tcfqaIYg28ChsHeHD6epr7dyLCBUhCprJfzA2iqYp+FF9rLRxPmDp3E9kjSVQ9w==.
build-and-test	Restore NuGet packages	2026-07-27T07:48:19.2985391Z Installed Microsoft.Build.Framework 17.9.5 from https://api.nuget.org/v3/index.json to C:\Users\runneradmin\.nuget\packages\microsoft.build.framework\17.9.5 with content hash CjRmqu9Wv2fyC1d7NKOuBDXcNMI8+GiXGM6izygB+skGGu4Vf0cBcoPq7AFqZCcMpn5DtZ+y7RpaLpB2qrzanQ==.
build-and-test	Restore NuGet packages	2026-07-27T07:48:19.8808982Z Installed System.Reflection.Metadata 8.0.0 from https://api.nuget.org/v3/index.json to C:\Users\runneradmin\.nuget\packages\system.reflection.metadata\8.0.0 with content hash ptvgrFh7PvWI8bcVqG5rsA/weWM09EnthFHR5SCnS6IN+P4mj6rE1lBDC4U8HL9/57htKAqy4KQ3bBj84cfYyQ==.
build-and-test	Restore NuGet packages	2026-07-27T07:48:20.1536078Z Installed Microsoft.VisualStudio.Language.Intellisense 17.9.187 from https://api.nuget.org/v3/index.json to C:\Users\runneradmin\.nuget\packages\microsoft.visualstudio.language.intellisense\17.9.187 with content hash QL0JNPJp2IhAfdGhHAhyXXhcg09LtiJP/Ue5BVa6jFMRMoAvvhb68NGjjHs8EyLAxHaaULXmiVtqisL+NVqf1w==.
build-and-test	Restore NuGet packages	2026-07-27T07:48:20.1779306Z Installed Microsoft.VisualStudio.TextManager.Interop.9.0 17.9.37000 from https://api.nuget.org/v3/index.json to C:\Users\runneradmin\.nuget\packages\microsoft.visualstudio.textmanager.interop.9.0\17.9.37000 with content hash y4c5DEyGpFO/HRJsC4wjRS5+bATLdsBw36sAprg8SNrRa9W5bJeJC7nj1s0IXX1H/5mzYH12/q5R8N6enCIplA==.
build-and-test	Restore NuGet packages	2026-07-27T07:48:20.1809337Z Installed Microsoft.VisualStudio.Shell.Interop.12.0 17.9.37000 from https://api.nuget.org/v3/index.json to C:\Users\runneradmin\.nuget\packages\microsoft.visualstudio.shell.interop.12.0\17.9.37000 with content hash 2uMajweo4LggamYDTMyg44UkPi/VBweKi8Yv/PHmMivzxHx5unlo+K2a1rQvbp2JjAEwTd0YSOtmxCTrDMIqcg==.
build-and-test	Restore NuGet packages	2026-07-27T07:48:20.5835969Z Installed System.Runtime.CompilerServices.Unsafe 6.0.0 from https://api.nuget.org/v3/index.json to C:\Users\runneradmin\.nuget\packages\system.runtime.compilerservices.unsafe\6.0.0 with content hash /iUeP3tq1S0XdNNoMz5C9twLSrM/TH+qElHkXWaPvuNOt+99G75NrV0OS2EqHx5wMN7popYjpc8oTjC1y16DLg==.
build-and-test	Restore NuGet packages	2026-07-27T07:48:20.6348463Z Installed System.Text.Encodings.Web 8.0.0 from https://api.nuget.org/v3/index.json to C:\Users\runneradmin\.nuget\packages\system.text.encodings.web\8.0.0 with content hash yev/k9GHAEGx2Rg3/tU6MQh4HGBXJs70y7j1LaM1i/ER9po+6nnQ6RRqTJn1E7Xu0fbIFK80Nh5EoODxrbxwBQ==.
build-and-test	Restore NuGet packages	2026-07-27T07:48:20.6938279Z Installed System.Composition.Runtime 8.0.0 from https://api.nuget.org/v3/index.json to C:\Users\runneradmin\.nuget\packages\system.composition.runtime\8.0.0 with content hash G+kRyB5/6+3ucRRQz+DF4uSHGqpkK8Q4ilVdbt4zvxpmvLVZNmSkyFAQpJLcbOyVF85aomJx0m+TGMDVlwx7ZQ==.
build-and-test	Restore NuGet packages	2026-07-27T07:48:20.8068444Z Installed envdte100 17.9.37000 from https://api.nuget.org/v3/index.json to C:\Users\runneradmin\.nuget\packages\envdte100\17.9.37000 with content hash 4CnUkuy7SzhpdZBqQZDXMQu3DQvQsRFKgEx/19IfNqRBLkRlEGnNN+U3TVXofSRDMqcq7dcyMXQZaq9e+lFNNw==.
build-and-test	Restore NuGet packages	2026-07-27T07:48:20.8433222Z Installed System.Threading.Tasks.Extensions 4.5.4 from https://api.nuget.org/v3/index.json to C:\Users\runneradmin\.nuget\packages\system.threading.tasks.extensions\4.5.4 with content hash zteT+G8xuGu6mS+mzDzYXbzS7rd3K6Fjb9RiZlYlJPam2/hU7JCBZBVEcywNuR+oZ1ncTvc/cq0faRr3P01OVg==.
build-and-test	Restore NuGet packages	2026-07-27T07:48:20.9173426Z Installed VSLangProj140 17.9.37000 from https://api.nuget.org/v3/index.json to C:\Users\runneradmin\.nuget\packages\vslangproj140\17.9.37000 with content hash wtxv09OfpLFF7lKF1Nr9fEZugH7Co9J8VgvH/tzQdDANZzmLr4zFEzBFYGxPw95bAICt3FePtnNQ9CWKP5MwVQ==.
build-and-test	Restore NuGet packages	2026-07-27T07:48:21.2208756Z Installed System.Threading.Tasks.Dataflow 7.0.0 from https://api.nuget.org/v3/index.json to C:\Users\runneradmin\.nuget\packages\system.threading.tasks.dataflow\7.0.0 with content hash BmSJ4b0e2nlplV/RdWVxvH7WECTHACofv06dx/JwOYc0n56eK1jIWdQKNYYsReSO4w8n1QA5stOzSQcfaVBkJg==.
build-and-test	Restore NuGet packages	2026-07-27T07:48:21.2851171Z Installed Microsoft.VisualStudio.Composition 17.7.40 from https://api.nuget.org/v3/index.json to C:\Users\runneradmin\.nuget\packages\microsoft.visualstudio.composition\17.7.40 with content hash BjQMHw97eZFaP+5Ng0iJaHOFGmRowZHfHRHWZGlz3h9eC1bEwNSaBXZT+tha9NhR+jPRnK1xNwCeoPtN8U0yMQ==.
build-and-test	Restore NuGet packages	2026-07-27T07:48:21.4417348Z Installed StreamJsonRpc 2.17.11 from https://api.nuget.org/v3/index.json to C:\Users\runneradmin\.nuget\packages\streamjsonrpc\2.17.11 with content hash fygZJqYer5WPBwDqT0TOsVRTlsCZV3Q8HQMkoja+jhC2KkCbUW038njK29pf8Hqv5/IfxWb72LCR49wq4nz3ow==.
build-and-test	Restore NuGet packages	2026-07-27T07:48:21.6296272Z Installed System.Memory 4.5.4 from https://api.nuget.org/v3/index.json to C:\Users\runneradmin\.nuget\packages\system.memory\4.5.4 with content hash 1MbJTHS1lZ4bS4FmsJjnuGJOu88ZzTT2rLvrhW7Ygic+pC0NWA+3hgAen0HRdsocuQXCkUTdFn9yHJJhsijDXw==.
build-and-test	Restore NuGet packages	2026-07-27T07:48:21.7566151Z Installed System.ComponentModel.Composition 7.0.0 from https://api.nuget.org/v3/index.json to C:\Users\runneradmin\.nuget\packages\system.componentmodel.composition\7.0.0 with content hash orv0h38ZVPCPo/FW0LGv8/TigXwX8cIwXeQcaNYhikkqELDm8sUFLMcof/Sjcq5EvYCm5NA7MV3hG4u75H44UQ==.
build-and-test	Restore NuGet packages	2026-07-27T07:48:21.8668489Z Installed Microsoft.VisualStudio.CommandBars 17.9.37000 from https://api.nuget.org/v3/index.json to C:\Users\runneradmin\.nuget\packages\microsoft.visualstudio.commandbars\17.9.37000 with content hash pec1aD/B8D9v347QCMKTSNf0CCTa0Gej7FL2N1G0scodFN6NtmhTIF2pftAv5Tcba/VoOSU3lZUKTRKxMyL8GA==.
build-and-test	Restore NuGet packages	2026-07-27T07:48:21.9322081Z Installed System.Composition.AttributedModel 7.0.0 from https://api.nuget.org/v3/index.json to C:\Users\runneradmin\.nuget\packages\system.composition.attributedmodel\7.0.0 with content hash 2QzClqjElKxgI1jK1Jztnq44/8DmSuTSGGahXqQ4TdEV0h9s2KikQZIgcEqVzR7OuWDFPGLHIprBJGQEPr8fAQ==.
build-and-test	Restore NuGet packages	2026-07-27T07:48:22.1695118Z Installed System.Security.Principal.Windows 5.0.0 from https://api.nuget.org/v3/index.json to C:\Users\runneradmin\.nuget\packages\system.security.principal.windows\5.0.0 with content hash t0MGLukB5WAVU9bO3MGzvlGnyJPgUlcwerXn1kzBRjwLKixT96XV0Uza41W49gVd8zEMFu9vQEFlv0IOrytICA==.
build-and-test	Restore NuGet packages	2026-07-27T07:48:22.4859192Z Installed Microsoft.VisualStudio.Validation 17.6.11 from https://api.nuget.org/v3/index.json to C:\Users\runneradmin\.nuget\packages\microsoft.visualstudio.validation\17.6.11 with content hash J+9L/iac6c8cwcgVSCMuoIYOlD1Jw4mbZ8XMe1IZVj8p8+3dJ46LnnkIkTRMjK7xs9UtU9MoUp1JGhWoN6fAEw==.
build-and-test	Restore NuGet packages	2026-07-27T07:48:22.5682188Z Installed Microsoft.ServiceHub.Framework 4.2.102 from https://api.nuget.org/v3/index.json to C:\Users\runneradmin\.nuget\packages\microsoft.servicehub.framework\4.2.102 with content hash J1DMsHdwQsvquBtXNssNx6/KATTKmV8MvJpWxuag538fljfzNkV9NtA9AIuucVwWHriLWNOnXXk/nqWhdI9GZw==.
build-and-test	Restore NuGet packages	2026-07-27T07:48:22.7628234Z Installed System.Text.Json 7.0.3 from https://api.nuget.org/v3/index.json to C:\Users\runneradmin\.nuget\packages\system.text.json\7.0.3 with content hash AyjhwXN1zTFeIibHimfJn6eAsZ7rTBib79JQpzg8WAuR/HKDu9JGNHTuu3nbbXQ/bgI+U4z6HtZmCHNXB1QXrQ==.
build-and-test	Restore NuGet packages	2026-07-27T07:48:22.7900741Z Installed Microsoft.ServiceHub.Framework 4.4.22 from https://api.nuget.org/v3/index.json to C:\Users\runneradmin\.nuget\packages\microsoft.servicehub.framework\4.4.22 with content hash fGRLbxg+J2xyoyNxI8x4gcrbc1ouMyob63kFG7xrteOUboyMIfAgIye8d7SnliTMwbcYStVYsELSE0GrHX8Pjw==.
build-and-test	Restore NuGet packages	2026-07-27T07:48:22.8580426Z Installed Microsoft.SqlServer.TransactSql.ScriptDom 180.18.1 from https://api.nuget.org/v3/index.json to C:\Users\runneradmin\.nuget\packages\microsoft.sqlserver.transactsql.scriptdom\180.18.1 with content hash CULNOChk4ia9Z4c7CXlFYJWMJkn0DkyZMMt/xPZPBW184r7+o84IFq5vuI6yVt0WIiL71oWBp5EwzhhHX28jOw==.
build-and-test	Restore NuGet packages	2026-07-27T07:48:22.9389675Z   GET https://api.nuget.org/v3-flatcontainer/runtime.win.microsoft.win32.primitives/index.json
build-and-test	Restore NuGet packages	2026-07-27T07:48:22.9737636Z   OK https://api.nuget.org/v3-flatcontainer/runtime.win.microsoft.win32.primitives/index.json 34ms
build-and-test	Restore NuGet packages	2026-07-27T07:48:22.9905472Z   GET https://api.nuget.org/v3-flatcontainer/runtime.win.microsoft.win32.primitives/4.3.0/runtime.win.microsoft.win32.primitives.4.3.0.nupkg
build-and-test	Restore NuGet packages	2026-07-27T07:48:22.9943363Z   OK https://api.nuget.org/v3-flatcontainer/runtime.win.microsoft.win32.primitives/4.3.0/runtime.win.microsoft.win32.primitives.4.3.0.nupkg 3ms
build-and-test	Restore NuGet packages	2026-07-27T07:48:23.0477825Z Installed runtime.win.Microsoft.Win32.Primitives 4.3.0 from https://api.nuget.org/v3/index.json to C:\Users\runneradmin\.nuget\packages\runtime.win.microsoft.win32.primitives\4.3.0 with content hash NU51SEt/ZaD2MF48sJ17BIqx7rjeNNLXUevfMOjqQIetdndXwYjZfZsT6jD+rSWp/FYxjesdK4xUSl4OTEI0jw==.
build-and-test	Restore NuGet packages	2026-07-27T07:48:23.1045805Z   GET https://api.nuget.org/v3/vulnerabilities/index.json
build-and-test	Restore NuGet packages	2026-07-27T07:48:23.1085618Z   OK https://api.nuget.org/v3/vulnerabilities/index.json 3ms
build-and-test	Restore NuGet packages	2026-07-27T07:48:23.1495132Z   GET https://api.nuget.org/v3-vulnerabilities/2026.07.24.23.40.32/vulnerability.base.json
build-and-test	Restore NuGet packages	2026-07-27T07:48:23.1507230Z   GET https://api.nuget.org/v3-vulnerabilities/2026.07.24.23.40.32/2026.07.24.23.40.32/vulnerability.update.json
build-and-test	Restore NuGet packages	2026-07-27T07:48:23.1537314Z   OK https://api.nuget.org/v3-vulnerabilities/2026.07.24.23.40.32/2026.07.24.23.40.32/vulnerability.update.json 2ms
build-and-test	Restore NuGet packages	2026-07-27T07:48:23.1587910Z   OK https://api.nuget.org/v3-vulnerabilities/2026.07.24.23.40.32/vulnerability.base.json 9ms
build-and-test	Restore NuGet packages	2026-07-27T07:48:24.8511183Z Generating MSBuild file D:\a\SSMSSQLFormatter\SSMSSQLFormatter\src\SsmsSqlFormatter.Tests\obj\SsmsSqlFormatter.Tests.csproj.nuget.g.props.
build-and-test	Restore NuGet packages	2026-07-27T07:48:24.8529217Z Generating MSBuild file D:\a\SSMSSQLFormatter\SSMSSQLFormatter\src\SsmsSqlFormatter.Tests\obj\SsmsSqlFormatter.Tests.csproj.nuget.g.targets.
build-and-test	Restore NuGet packages	2026-07-27T07:48:24.8533788Z Writing assets file to disk. Path: D:\a\SSMSSQLFormatter\SSMSSQLFormatter\src\SsmsSqlFormatter.Tests\obj\project.assets.json
build-and-test	Restore NuGet packages	2026-07-27T07:48:24.9158459Z Restored D:\a\SSMSSQLFormatter\SSMSSQLFormatter\src\SsmsSqlFormatter.Tests\SsmsSqlFormatter.Tests.csproj (in 30.77 sec).
build-and-test	Restore NuGet packages	2026-07-27T07:48:24.9957242Z Installed Microsoft.VSSDK.BuildTools 17.9.3168 from https://api.nuget.org/v3/index.json to C:\Users\runneradmin\.nuget\packages\microsoft.vssdk.buildtools\17.9.3168 with content hash V6IEXVCt1W/jMnbGg9AYfUDSmaim6FauWzeyRsXk8UFVPYFxYDXc+a4Q8OQY0Lh5LQOWdkzYfeuXIzp37CcLHQ==.
build-and-test	Restore NuGet packages	2026-07-27T07:48:25.0923600Z Generating MSBuild file D:\a\SSMSSQLFormatter\SSMSSQLFormatter\src\SsmsSqlFormatter\obj\SsmsSqlFormatter.csproj.nuget.g.props.
build-and-test	Restore NuGet packages	2026-07-27T07:48:25.0928571Z Generating MSBuild file D:\a\SSMSSQLFormatter\SSMSSQLFormatter\src\SsmsSqlFormatter\obj\SsmsSqlFormatter.csproj.nuget.g.targets.
build-and-test	Restore NuGet packages	2026-07-27T07:48:25.0931845Z Writing assets file to disk. Path: D:\a\SSMSSQLFormatter\SSMSSQLFormatter\src\SsmsSqlFormatter\obj\project.assets.json
build-and-test	Restore NuGet packages	2026-07-27T07:48:25.1015194Z Restored D:\a\SSMSSQLFormatter\SSMSSQLFormatter\src\SsmsSqlFormatter\SsmsSqlFormatter.csproj (in 31.02 sec).
build-and-test	Restore NuGet packages	2026-07-27T07:48:25.1058234Z 
build-and-test	Restore NuGet packages	2026-07-27T07:48:25.1059427Z NuGet Config files used:
build-and-test	Restore NuGet packages	2026-07-27T07:48:25.1060012Z     C:\Users\runneradmin\AppData\Roaming\NuGet\NuGet.Config
build-and-test	Restore NuGet packages	2026-07-27T07:48:25.1060997Z     C:\Program Files (x86)\NuGet\Config\Microsoft.VisualStudio.FallbackLocation.config
build-and-test	Restore NuGet packages	2026-07-27T07:48:25.1062178Z     C:\Program Files (x86)\NuGet\Config\Microsoft.VisualStudio.Offline.config
build-and-test	Restore NuGet packages	2026-07-27T07:48:25.1062861Z 
build-and-test	Restore NuGet packages	2026-07-27T07:48:25.1063031Z Feeds used:
build-and-test	Restore NuGet packages	2026-07-27T07:48:25.1063550Z     C:\Program Files (x86)\Microsoft SDKs\NuGetPackages\
build-and-test	Restore NuGet packages	2026-07-27T07:48:25.1063963Z     https://api.nuget.org/v3/index.json
build-and-test	Restore NuGet packages	2026-07-27T07:48:25.1069783Z 
build-and-test	Restore NuGet packages	2026-07-27T07:48:25.1070838Z Installed:
build-and-test	Restore NuGet packages	2026-07-27T07:48:25.1092900Z     161 package(s) to D:\a\SSMSSQLFormatter\SSMSSQLFormatter\src\SsmsSqlFormatter.Tests\SsmsSqlFormatter.Tests.csproj
build-and-test	Restore NuGet packages	2026-07-27T07:48:25.1094379Z     158 package(s) to D:\a\SSMSSQLFormatter\SSMSSQLFormatter\src\SsmsSqlFormatter\SsmsSqlFormatter.csproj
build-and-test	Build solution (Release)	﻿2026-07-27T07:48:25.4184876Z ##[group]Run msbuild SsmsSqlFormatter.sln /p:Configuration=Release /m
build-and-test	Build solution (Release)	2026-07-27T07:48:25.4185482Z ^[[36;1mmsbuild SsmsSqlFormatter.sln /p:Configuration=Release /m^[[0m
build-and-test	Build solution (Release)	2026-07-27T07:48:25.4248541Z shell: C:\Program Files\PowerShell\7\pwsh.EXE -command ". '{0}'"
build-and-test	Build solution (Release)	2026-07-27T07:48:25.4248914Z ##[endgroup]
build-and-test	Build solution (Release)	2026-07-27T07:48:25.8205738Z MSBuild version 18.7.8+1ac568fee for .NET Framework
build-and-test	Build solution (Release)	2026-07-27T07:48:25.8659288Z Build started 7/27/2026 7:48:25 AM.
build-and-test	Build solution (Release)	2026-07-27T07:48:25.8668116Z 
build-and-test	Build solution (Release)	2026-07-27T07:48:26.0174160Z      1>Project "D:\a\SSMSSQLFormatter\SSMSSQLFormatter\SsmsSqlFormatter.sln" on node 1 (default targets).
build-and-test	Build solution (Release)	2026-07-27T07:48:26.0175156Z      1>ValidateSolutionConfiguration:
build-and-test	Build solution (Release)	2026-07-27T07:48:26.0175707Z          Building solution configuration "Release|Any CPU".
build-and-test	Build solution (Release)	2026-07-27T07:48:26.1925011Z      1>Project "D:\a\SSMSSQLFormatter\SSMSSQLFormatter\SsmsSqlFormatter.sln" (1) is building "D:\a\SSMSSQLFormatter\SSMSSQLFormatter\src\SsmsSqlFormatter\SsmsSqlFormatter.csproj" (2) on node 1 (default targets).
build-and-test	Build solution (Release)	2026-07-27T07:48:26.1927532Z      2>PrepareForBuild:
build-and-test	Build solution (Release)	2026-07-27T07:48:26.1928654Z          Creating directory "bin\Release\".
build-and-test	Build solution (Release)	2026-07-27T07:48:26.1929558Z          Creating directory "obj\Release\".
build-and-test	Build solution (Release)	2026-07-27T07:48:26.3991141Z      1>Project "D:\a\SSMSSQLFormatter\SSMSSQLFormatter\SsmsSqlFormatter.sln" (1) is building "D:\a\SSMSSQLFormatter\SSMSSQLFormatter\tools\FormatterBench\FormatterBench.csproj" (3) on node 2 (default targets).
build-and-test	Build solution (Release)	2026-07-27T07:48:26.3993067Z      3>PrepareForBuild:
build-and-test	Build solution (Release)	2026-07-27T07:48:26.3993762Z          Creating directory "bin\Release\".
build-and-test	Build solution (Release)	2026-07-27T07:48:26.3994251Z          Creating directory "obj\Release\".
build-and-test	Build solution (Release)	2026-07-27T07:48:26.4077684Z      1>Project "D:\a\SSMSSQLFormatter\SSMSSQLFormatter\SsmsSqlFormatter.sln" (1) is building "D:\a\SSMSSQLFormatter\SSMSSQLFormatter\src\SsmsSqlFormatter.Tests\SsmsSqlFormatter.Tests.csproj" (4) on node 3 (default targets).
build-and-test	Build solution (Release)	2026-07-27T07:48:26.4079913Z      4>PrepareForBuild:
build-and-test	Build solution (Release)	2026-07-27T07:48:26.4080569Z          Creating directory "bin\Release\".
build-and-test	Build solution (Release)	2026-07-27T07:48:26.4083956Z          Creating directory "obj\Release\".
build-and-test	Build solution (Release)	2026-07-27T07:48:30.1763530Z      2>CoreResGen:
build-and-test	Build solution (Release)	2026-07-27T07:48:30.1764810Z          Processing resource file "C:\Users\runneradmin\.nuget\packages\microsoft.vssdk.buildtools\17.9.3168\tools\VSSDK\\Empty.resx" into "obj\Release\_EmptyResource.resources".
build-and-test	Build solution (Release)	2026-07-27T07:48:34.8033365Z        VSCTCompile:
build-and-test	Build solution (Release)	2026-07-27T07:48:34.8035115Z          C:\Users\runneradmin\.nuget\packages\microsoft.vssdk.buildtools\17.9.3168\tools\VSSDK\bin\vsct.exe D:\a\SSMSSQLFormatter\SSMSSQLFormatter\src\SsmsSqlFormatter\SsmsSqlFormatter.vsct
build-and-test	Build solution (Release)	2026-07-27T07:48:34.8036526Z          SsmsSqlFormatter.cto
build-and-test	Build solution (Release)	2026-07-27T07:48:34.8036941Z          -Xobj\Release\
build-and-test	Build solution (Release)	2026-07-27T07:48:34.8037388Z          -depends
build-and-test	Build solution (Release)	2026-07-27T07:48:34.8037702Z          -nologo
build-and-test	Build solution (Release)	2026-07-27T07:48:34.8037981Z          -Len-US
build-and-test	Build solution (Release)	2026-07-27T07:48:34.8038655Z          -IC:\Users\runneradmin\.nuget\packages\microsoft.vssdk.buildtools\17.9.3168\build\..\\tools\VSSDK\inc
build-and-test	Build solution (Release)	2026-07-27T07:48:34.8040005Z          -IC:\Users\runneradmin\.nuget\packages\microsoft.vssdk.buildtools\17.9.3168\build\..\\tools\VSSDK\inc\office10
build-and-test	Build solution (Release)	2026-07-27T07:48:34.8040895Z          -D__CTC__
build-and-test	Build solution (Release)	2026-07-27T07:48:34.8041205Z          -D_CTC_GUIDS_
build-and-test	Build solution (Release)	2026-07-27T07:48:34.8041511Z          
build-and-test	Build solution (Release)	2026-07-27T07:48:35.0070805Z          
build-and-test	Build solution (Release)	2026-07-27T07:48:35.0315437Z          VSCT: errors   = 0
build-and-test	Build solution (Release)	2026-07-27T07:48:35.0316720Z          VSCT: warnings = 0
build-and-test	Build solution (Release)	2026-07-27T07:48:35.0324936Z        CreateMenuPkgDef:
build-and-test	Build solution (Release)	2026-07-27T07:48:35.0325468Z        Skipping target "CreateMenuPkgDef" because it has no outputs.
build-and-test	Build solution (Release)	2026-07-27T07:48:35.3731439Z        MergeCtoResource:
build-and-test	Build solution (Release)	2026-07-27T07:48:35.3732820Z          C:\Users\runneradmin\.nuget\packages\microsoft.vssdk.buildtools\17.9.3168\tools\VSSDK\bin\VsixUtil.exe mergeCto -resourceManifest "obj\Release\\resources.json" -ctoFileManifest "obj\Release\\ctoFiles.json" 
build-and-test	Build solution (Release)	2026-07-27T07:48:35.6565474Z        CoreCompile:
build-and-test	Build solution (Release)	2026-07-27T07:48:35.6565964Z          Setting DOTNET_TieredCompilation to '0'
build-and-test	Build solution (Release)	2026-07-27T07:48:35.6847107Z          C:\Program Files\Microsoft Visual Studio\18\Enterprise\MSBuild\Current\Bin\Roslyn\csc.exe /noconfig /nowarn:1701,1702 /fullpaths /nostdlib+ /errorreport:prompt /warn:4 /define:TRACE /highentropyva+ /reference:C:\Users\runneradmin\.nuget\packages\envdte\17.9.37000\lib\net472\envdte.dll /reference:C:\Users\runneradmin\.nuget\packages\envdte100\17.9.37000\lib\net472\envdte100.dll /reference:C:\Users\runneradmin\.nuget\packages\envdte80\17.9.37000\lib\net472\envdte80.dll /reference:C:\Users\runneradmin\.nuget\packages\envdte90\17.9.37000\lib\net472\envdte90.dll /reference:C:\Users\runneradmin\.nuget\packages\envdte90a\17.9.37000\lib\net472\envdte90a.dll /reference:C:\Users\runneradmin\.nuget\packages\messagepack.annotations\2.5.108\lib\netstandard2.0\MessagePack.Annotations.dll /reference:C:\Users\runneradmin\.nuget\packages\messagepack\2.5.108\lib\netstandard2.0\MessagePack.dll /reference:C:\Users\runneradmin\.nuget\packages\microsoft.bcl.asyncinterfaces\8.0.0\lib\net462\Microsoft.Bcl.AsyncInterfaces.dll /reference:C:\Users\runneradmin\.nuget\packages\microsoft.build.framework\17.9.5\ref\net472\Microsoft.Build.Framework.dll /reference:C:\Users\runneradmin\.nuget\packages\microsoft.io.redist\6.0.0\lib\net472\Microsoft.IO.Redist.dll /reference:C:\Users\runneradmin\.nuget\packages\microsoft.servicehub.framework\4.4.22\lib\net472\Microsoft.ServiceHub.Framework.dll /reference:C:\Users\runneradmin\.nuget\packages\microsoft.servicehub.resources\4.4.4171\lib\net472\Microsoft.ServiceHub.Resources.dll /reference:C:\Users\runneradmin\.nuget\packages\microsoft.sqlserver.transactsql.scriptdom\180.18.1\lib\net472\Microsoft.SqlServer.TransactSql.ScriptDom.dll /reference:C:\Users\runneradmin\.nuget\packages\microsoft.visualstudio.commandbars\17.9.37000\lib\net472\Microsoft.VisualStudio.CommandBars.dll /reference:C:\Users\runneradmin\.nuget\packages\microsoft.visualstudio.componentmodelhost\17.9.187\lib\net472\Microsoft.VisualStudio.ComponentModelHost.dll /reference:C:\Users\runneradmin\.nuget\packages\microsoft.visualstudio.composition\17.7.40\lib\net472\Microsoft.VisualStudio.Composition.dll /reference:C:\Users\runneradmin\.nuget\packages\microsoft.visualstudio.coreutility\17.9.187\lib\net472\Microsoft.VisualStudio.CoreUtility.dll /reference:C:\Users\runneradmin\.nuget\packages\microsoft.visualstudio.debugger.interop.10.0\17.9.37000\lib\net472\Microsoft.VisualStudio.Debugger.Interop.10.0.dll /reference:C:\Users\runneradmin\.nuget\packages\microsoft.visualstudio.debugger.interop.12.0\17.9.37000\lib\net472\Microsoft.VisualStudio.Debugger.Interop.12.0.dll /reference:C:\Users\runneradmin\.nuget\packages\microsoft.visualstudio.debugger.interop.14.0\17.9.37000\lib\net472\Microsoft.VisualStudio.Debugger.Interop.14.0.dll /reference:C:\Users\runneradmin\.nuget\packages\microsoft.visualstudio.debugger.interop.15.0\17.9.37000\lib\net472\Microsoft.VisualStudio.Debugger.Interop.15.0.dll /reference:C:\Users\runneradmin\.nuget\packages\microsoft.visualstudio.debugger.interop.16.0\17.9.37000\lib\net472\Microsoft.VisualStudio.Debugger.Interop.16.0.dll /reference:C:\Users\runneradmin\.nuget\packages\microsoft.visualstudio.debugger.interopa\17.9.37000\lib\net472\Microsoft.VisualStudio.Debugger.InteropA.dll /reference:C:\Users\runneradmin\.nuget\packages\microsoft.visualstudio.designer.interfaces\17.9.37000\lib\net472\Microsoft.VisualStudio.Designer.Interfaces.dll /reference:C:\Users\runneradmin\.nuget\packages\microsoft.visualstudio.editor\17.9.187\lib\net472\Microsoft.VisualStudio.Editor.dll /reference:C:\Users\runneradmin\.nuget\packages\microsoft.visualstudio.graphmodel\17.9.37000\lib\net472\Microsoft.VisualStudio.GraphModel.dll /reference:C:\Users\runneradmin\.nuget\packages\microsoft.visualstudio.imagecatalog\17.9.37000\lib\net472\Microsoft.VisualStudio.ImageCatalog.dll /reference:C:\Users\runneradmin\.nuget\packages\microsoft.visualstudio.imaging\17.9.37000\lib\net472\Microsoft.VisualStudio.Imaging.dll /reference:C:\Users\runneradmin\.nuget\packages\microsoft.visualstudio.imaging.interop.14.0.designtime\17.9.37000\lib\net472\Microsoft.VisualStudio.Imaging.Interop.14.0.DesignTime.dll /reference:C:\Users\runneradmin\.nuget\packages\microsoft.visualstudio.interop\17.9.37000\lib\net472\Microsoft.VisualStudio.Interop.dll /reference:C:\Users\runneradmin\.nuget\packages\microsoft.visualstudio.language\17.9.187\lib\net472\Microsoft.VisualStudio.Language.dll /reference:C:\Users\runneradmin\.nuget\packages\microsoft.visualstudio.language.intellisense\17.9.187\lib\net472\Microsoft.VisualStudio.Language.Intellisense.dll /reference:C:\Users\runneradmin\.nuget\packages\microsoft.visualstudio.language.navigateto.interfaces\17.9.187\lib\net472\Microsoft.VisualStudio.Language.NavigateTo.Interfaces.dll /reference:C:\Users\runneradmin\.nuget\packages\microsoft.visualstudio.language.standardclassification\17.9.187\lib\net472\Microsoft.VisualStudio.Language.StandardClassification.dll /reference:C:\Users\runneradmin\.nuget\packages\microsoft.visualstudio.languageserver.client\17.9.46\lib\net472\Microsoft.VisualStudio.LanguageServer.Client.dll /reference:C:\Users\runneradmin\.nuget\packages\microsoft.visualstudio.linux.connectionmanager.store\17.9.37000\lib\net472\Microsoft.VisualStudio.Linux.ConnectionManager.Store.dll /reference:C:\Users\runneradmin\.nuget\packages\microsoft.visualstudio.ole.interop\17.9.37000\lib\net472\Microsoft.VisualStudio.OLE.Interop.dll /reference:C:\Users\runneradmin\.nuget\packages\microsoft.visualstudio.package.languageservice.15.0\17.9.37000\lib\net472\Microsoft.VisualStudio.Package.LanguageService.15.0.dll /reference:C:\Users\runneradmin\.nuget\packages\microsoft.visualstudio.projectaggregator\17.9.37000\lib\net472\Microsoft.VisualStudio.ProjectAggregator.dll /reference:C:\Users\runneradmin\.nuget\packages\microsoft.visualstudio.remotecontrol\16.3.52\lib\net45\Microsoft.VisualStudio.RemoteControl.dll /reference:C:\Users\runneradmin\.nuget\packages\microsoft.visualstudio.rpccontracts\17.9.7\lib\netstandard2.0\Microsoft.VisualStudio.RpcContracts.dll /link:C:\Users\runneradmin\.nuget\packages\microsoft.visualstudio.setup.configuration.interop\3.9.2164\lib\net35\Microsoft.VisualStudio.Setup.Configuration.Interop.dll /reference:C:\Users\runneradmin\.nuget\packages\microsoft.visualstudio.shell.15.0\17.9.37000\lib\net472\Microsoft.VisualStudio.Shell.15.0.dll /reference:C:\Users\runneradmin\.nuget\packages\microsoft.visualstudio.shell.design\17.9.37000\lib\net472\Microsoft.VisualStudio.Shell.Design.dll /reference:C:\Users\runneradmin\.nuget\packages\microsoft.visualstudio.shell.framework\17.9.37000\lib\net472\Microsoft.VisualStudio.Shell.Framework.dll /reference:C:\Users\runneradmin\.nuget\packages\microsoft.visualstudio.shell.interop.10.0\17.9.37000\lib\net472\Microsoft.VisualStudio.Shell.Interop.10.0.dll /reference:C:\Users\runneradmin\.nuget\packages\microsoft.visualstudio.shell.interop.11.0\17.9.37000\lib\net472\Microsoft.VisualStudio.Shell.Interop.11.0.dll /reference:C:\Users\runneradmin\.nuget\packages\microsoft.visualstudio.shell.interop.12.0\17.9.37000\lib\net472\Microsoft.VisualStudio.Shell.Interop.12.0.dll /reference:C:\Users\runneradmin\.nuget\packages\microsoft.visualstudio.shell.interop.8.0\17.9.37000\lib\net472\Microsoft.VisualStudio.Shell.Interop.8.0.dll /reference:C:\Users\runneradmin\.nuget\packages\microsoft.visualstudio.shell.interop.9.0\17.9.37000\lib\net472\Microsoft.VisualStudio.Shell.Interop.9.0.dll /reference:C:\Users\runneradmin\.nuget\packages\microsoft.visualstudio.shell.interop\17.9.37000\lib\net472\Microsoft.VisualStudio.Shell.Interop.dll /reference:C:\Users\runneradmin\.nuget\packages\microsoft.visualstudio.taskrunnerexplorer.14.0\14.0.0\lib\net40\Microsoft.VisualStudio.TaskRunnerExplorer.14.0.dll /reference:C:\Users\runneradmin\.nuget\packages\microsoft.visualstudio.telemetry\17.9.305\lib\net45\Microsoft.VisualStudio.Telemetry.dll /reference:C:\Users\runneradmin\.nuget\packages\microsoft.visualstudio.text.data\17.9.187\lib\net472\Microsoft.VisualStudio.Text.Data.dll /reference:C:\Users\runneradmin\.nuget\packages\microsoft.visualstudio.text.logic\17.9.187\lib\net472\Microsoft.VisualStudio.Text.Logic.dll /reference:C:\Users\runneradmin\.nuget\packages\microsoft.visualstudio.text.ui\17.9.187\lib\net472\Microsoft.VisualStudio.Text.UI.dll /reference:C:\Users\runneradmin\.nuget\packages\microsoft.visualstudio.text.ui.wpf\17.9.187\lib\net472\Microsoft.VisualStudio.Text.UI.Wpf.dll /reference:C:\Users\runneradmin\.nuget\packages\microsoft.visualstudio.textmanager.interop.10.0\17.9.37000\lib\net472\Microsoft.VisualStudio.TextManager.Interop.10.0.dll /reference:C:\Users\runneradmin\.nuget\packages\microsoft.visualstudio.textmanager.interop.11.0\17.9.37000\lib\net472\Microsoft.VisualStudio.TextManager.Interop.11.0.dll /reference:C:\Users\runneradmin\.nuget\packages\microsoft.visualstudio.textmanager.interop.12.0\17.9.37000\lib\net472\Microsoft.VisualStudio.TextManager.Interop.12.0.dll /reference:C:\Users\runneradmin\.nuget\packages\microsoft.visualstudio.textmanager.interop.8.0\17.9.37000\lib\net472\Microsoft.VisualStudio.TextManager.Interop.8.0.dll /reference:C:\Users\runneradmin\.nuget\packages\microsoft.visualstudio.textmanager.interop.9.0\17.9.37000\lib\net472\Microsoft.VisualStudio.TextManager.Interop.9.0.dll /reference:C:\Users\runneradmin\.nuget\packages\microsoft.visualstudio.textmanager.interop\17.9.37000\lib\net472\Microsoft.VisualStudio.TextManager.Interop.dll /reference:C:\Users\runneradmin\.nuget\packages\microsoft.visualstudio.texttemplating.vshost\17.9.37000\lib\net472\Microsoft.VisualStudio.TextTemplating.VSHost.dll /reference:C:\Users\runneradmin\.nuget\packages\microsoft.visualstudio.threading\17.9.28\lib\net472\Microsoft.VisualStudio.Threading.dll /reference:C:\Users\runneradmin\.nuget\packages\microsoft.visualstudio.utilities\17.9.37000\lib\net472\Microsoft.VisualStudio.Utilities.dll /reference:C:\Users\runneradmin\.nuget\packages\microsoft.visualstudio.validation\17.8.8\lib\netstandard2.0\Microsoft.VisualStudio.Validation.dll /reference:C:\Users\runneradmin\.nuget\packages\microsoft.visualstudio.vcprojectengine\17.9.37000\lib\net472\Microsoft.VisualStudio.VCProjectEngine.dll /reference:C:\Users\runneradmin\.nuget\packages\microsoft.visualstudio.vshelp\17.9.37000\lib\net472\Microsoft.VisualStudio.VSHelp.dll /reference:C:\Users\runneradmin\.nuget\packages\microsoft.visualstudio.vshelp80\17.9.37000\lib\net472\Microsoft.VisualStudio.VSHelp80.dll /reference:C:\Users\runneradmin\.nuget\packages\microsoft.visualstudio.wcfreference.interop\17.9.37000\lib\net472\Microsoft.VisualStudio.WCFReference.Interop.dll /reference:C:\Users\runneradmin\.nuget\packages\microsoft.visualstudio.web.browserlink.12.0\12.0.0\lib\net40\Microsoft.VisualStudio.Web.BrowserLink.12.0.dll /reference:"C:\Program Files (x86)\Reference Assemblies\Microsoft\Framework\.NETFramework\v4.8\Facades\Microsoft.Win32.Primitives.dll" /reference:C:\Users\runneradmin\.nuget\packages\microsoft.win32.registry\5.0.0\ref\net461\Microsoft.Win32.Registry.dll /reference:"C:\Program Files (x86)\Reference Assemblies\Microsoft\Framework\.NETFramework\v4.8\mscorlib.dll" /reference:C:\Users\runneradmin\.nuget\packages\nerdbank.streams\2.10.69\lib\netstandard2.0\Nerdbank.Streams.dll /reference:C:\Users\runneradmin\.nuget\packages\newtonsoft.json\13.0.3\lib\net45\Newtonsoft.Json.dll /reference:"C:\Program Files (x86)\Reference Assemblies\Microsoft\Framework\.NETFramework\v4.8\PresentationCore.dll" /reference:"C:\Program Files (x86)\Reference Assemblies\Microsoft\Framework\.NETFramework\v4.8\PresentationFramework.dll" /reference:C:\Users\runneradmin\.nuget\packages\stdole\17.9.37000\lib\net472\stdole.dll /reference:C:\Users\runneradmin\.nuget\packages\streamjsonrpc\2.17.11\lib\netstandard2.0\StreamJsonRpc.dll /reference:C:\Users\runneradmin\.nuget\packages\system.buffers\4.5.1\ref\net45\System.Buffers.dll /reference:C:\Users\runneradmin\.nuget\packages\system.collections.immutable\8.0.0\lib\net462\System.Collections.Immutable.dll /reference:C:\Users\runneradmin\.nuget\packages\system.composition.attributedmodel\8.0.0\lib\net462\System.Composition.AttributedModel.dll /reference:C:\Users\runneradmin\.nuget\packages\system.composition.convention\8.0.0\lib\net462\System.Composition.Convention.dll /reference:C:\Users\runneradmin\.nuget\packages\system.composition.hosting\8.0.0\lib\net462\System.Composition.Hosting.dll /reference:C:\Users\runneradmin\.nuget\packages\system.composition.runtime\8.0.0\lib\net462\System.Composition.Runtime.dll /reference:C:\Users\runneradmin\.nuget\packages\system.composition.typedparts\8.0.0\lib\net462\System.Composition.TypedParts.dll /reference:"C:\Program Files (x86)\Reference Assemblies\Microsoft\Framework\.NETFramework\v4.8\System.Core.dll" /reference:"C:\Program Files (x86)\Reference Assemblies\Microsoft\Framework\.NETFramework\v4.8\System.Design.dll" /reference:C:\Users\runneradmin\.nuget\packages\system.diagnostics.diagnosticsource\8.0.0\lib\net462\System.Diagnostics.DiagnosticSource.dll /reference:"C:\Program Files (x86)\Reference Assemblies\Microsoft\Framework\.NETFramework\v4.8\System.dll" /reference:"C:\Program Files (x86)\Reference Assemblies\Microsoft\Framework\.NETFramework\v4.8\System.Drawing.dll" /reference:"C:\Program Files (x86)\Reference Assemblies\Microsoft\Framework\.NETFramework\v4.8\System.IO.Compression.dll" /reference:"C:\Program Files (x86)\Reference Assemblies\Microsoft\Framework\.NETFramework\v4.8\System.IO.Compression.FileSystem.dll" /reference:C:\Users\runneradmin\.nuget\packages\system.io.pipelines\8.0.0\lib\net462\System.IO.Pipelines.dll /reference:C:\Users\runneradmin\.nuget\packages\system.memory\4.5.5\lib\net461\System.Memory.dll /reference:"C:\Program Files (x86)\Reference Assemblies\Microsoft\Framework\.NETFramework\v4.8\System.Net.Http.dll" /reference:C:\Users\runneradmin\.nuget\packages\system.numerics.vectors\4.5.0\ref\net46\System.Numerics.Vectors.dll /reference:C:\Users\runneradmin\.nuget\packages\system.reflection.metadata\8.0.0\lib\net462\System.Reflection.Metadata.dll /reference:"C:\Program Files (x86)\Reference Assemblies\Microsoft\Framework\.NETFramework\v4.8\System.Runtime.Caching.dll" /reference:C:\Users\runneradmin\.nuget\packages\system.runtime.compilerservices.unsafe\6.0.0\lib\net461\System.Runtime.CompilerServices.Unsafe.dll /reference:C:\Users\runneradmin\.nuget\packages\system.security.accesscontrol\6.0.0\lib\net461\System.Security.AccessControl.dll /reference:C:\Users\runneradmin\.nuget\packages\system.security.principal.windows\5.0.0\ref\net461\System.Security.Principal.Windows.dll /reference:C:\Users\runneradmin\.nuget\packages\system.text.encodings.web\8.0.0\lib\net462\System.Text.Encodings.Web.dll /reference:C:\Users\runneradmin\.nuget\packages\system.text.json\8.0.0\lib\net462\System.Text.Json.dll /reference:C:\Users\runneradmin\.nuget\packages\system.threading.accesscontrol\8.0.0\lib\net462\System.Threading.AccessControl.dll /reference:C:\Users\runneradmin\.nuget\packages\system.threading.tasks.dataflow\8.0.0\lib\net462\System.Threading.Tasks.Dataflow.dll /reference:C:\Users\runneradmin\.nuget\packages\system.threading.tasks.extensions\4.5.4\lib\net461\System.Threading.Tasks.Extensions.dll /reference:C:\Users\runneradmin\.nuget\packages\system.valuetuple\4.5.0\ref\net47\System.ValueTuple.dll /reference:"C:\Program Files (x86)\Reference Assemblies\Microsoft\Framework\.NETFramework\v4.8\System.Windows.Forms.dll" /reference:"C:\Program Files (x86)\Reference Assemblies\Microsoft\Framework\.NETFramework\v4.8\System.Xaml.dll" /reference:"C:\Program Files (x86)\Reference Assemblies\Microsoft\Framework\.NETFramework\v4.8\System.Xml.dll" /reference:"C:\Program Files (x86)\Reference Assemblies\Microsoft\Framework\.NETFramework\v4.8\System.Xml.Linq.dll" /reference:C:\Users\runneradmin\.nuget\packages\vslangproj\17.9.37000\lib\net472\VSLangProj.dll /reference:C:\Users\runneradmin\.nuget\packages\vslangproj100\17.9.37000\lib\net472\VSLangProj100.dll /reference:C:\Users\runneradmin\.nuget\packages\vslangproj110\17.9.37000\lib\net472\VSLangProj110.dll /reference:C:\Users\runneradmin\.nuget\packages\vslangproj140\17.9.37000\lib\net472\VSLangProj140.dll /reference:C:\Users\runneradmin\.nuget\packages\vslangproj150\17.9.37000\lib\net472\VSLangProj150.dll /reference:C:\Users\runneradmin\.nuget\packages\vslangproj157\17.9.37000\lib\net472\VSLangProj157.dll /reference:C:\Users\runneradmin\.nuget\packages\vslangproj158\17.9.37000\lib\net472\VSLangProj158.dll /reference:C:\Users\runneradmin\.nuget\packages\vslangproj165\17.9.37000\lib\net472\VSLangProj165.dll /reference:C:\Users\runneradmin\.nuget\packages\vslangproj2\17.9.37000\lib\net472\VSLangProj2.dll /reference:C:\Users\runneradmin\.nuget\packages\vslangproj80\17.9.37000\lib\net472\VSLangProj80.dll /reference:C:\Users\runneradmin\.nuget\packages\vslangproj90\17.9.37000\lib\net472\VSLangProj90.dll /reference:"C:\Program Files (x86)\Reference Assemblies\Microsoft\Framework\.NETFramework\v4.8\WindowsBase.dll" /reference:"C:\Program Files (x86)\Reference Assemblies\Microsoft\Framework\.NETFramework\v4.8\Facades\netstandard.dll" /debug:pdbonly /optimize+ /out:obj\Release\SsmsSqlFormatter.dll /subsystemversion:6.00 /resource:obj\Release\SsmsSqlFormatter.g.resources /resource:obj\Release\_EmptyResource.resources /target:library /utf8output /langversion:latest /analyzerconfig:obj\Release\SsmsSqlFormatter.GeneratedMSBuildEditorConfig.editorconfig /analyzer:C:\Users\runneradmin\.nuget\packages\microsoft.codeanalysis.bannedapianalyzers\3.3.2\analyzers\dotnet\cs\Microsoft.CodeAnalysis.BannedApiAnalyzers.dll /analyzer:C:\Users\runneradmin\.nuget\packages\microsoft.codeanalysis.bannedapianalyzers\3.3.2\analyzers\dotnet\cs\Microsoft.CodeAnalysis.CSharp.BannedApiAnalyzers.dll /analyzer:C:\Users\runneradmin\.nuget\packages\microsoft.codeanalysis.bannedapianalyzers\3.3.2\analyzers\dotnet\cs\cs\Microsoft.CodeAnalysis.BannedApiAnalyzers.resources.dll /analyzer:C:\Users\runneradmin\.nuget\packages\microsoft.codeanalysis.bannedapianalyzers\3.3.2\analyzers\dotnet\cs\de\Microsoft.CodeAnalysis.BannedApiAnalyzers.resources.dll /analyzer:C:\Users\runneradmin\.nuget\packages\microsoft.codeanalysis.bannedapianalyzers\3.3.2\analyzers\dotnet\cs\es\Microsoft.CodeAnalysis.BannedApiAnalyzers.resources.dll /analyzer:C:\Users\runneradmin\.nuget\packages\microsoft.codeanalysis.bannedapianalyzers\3.3.2\analyzers\dotnet\cs\fr\Microsoft.CodeAnalysis.BannedApiAnalyzers.resources.dll /analyzer:C:\Users\runneradmin\.nuget\packages\microsoft.codeanalysis.bannedapianalyzers\3.3.2\analyzers\dotnet\cs\it\Microsoft.CodeAnalysis.BannedApiAnalyzers.resources.dll /analyzer:C:\Users\runneradmin\.nuget\packages\microsoft.codeanalysis.bannedapianalyzers\3.3.2\analyzers\dotnet\cs\ja\Microsoft.CodeAnalysis.BannedApiAnalyzers.resources.dll /analyzer:C:\Users\runneradmin\.nuget\packages\microsoft.codeanalysis.bannedapianalyzers\3.3.2\analyzers\dotnet\cs\ko\Microsoft.CodeAnalysis.BannedApiAnalyzers.resources.dll /analyzer:C:\Users\runneradmin\.nuget\packages\microsoft.codeanalysis.bannedapianalyzers\3.3.2\analyzers\dotnet\cs\pl\Microsoft.CodeAnalysis.BannedApiAnalyzers.resources.dll /analyzer:C:\Users\runneradmin\.nuget\packages\microsoft.codeanalysis.bannedapianalyzers\3.3.2\analyzers\dotnet\cs\pt-BR\Microsoft.CodeAnalysis.BannedApiAnalyzers.resources.dll /analyzer:C:\Users\runneradmin\.nuget\packages\microsoft.codeanalysis.bannedapianalyzers\3.3.2\analyzers\dotnet\cs\ru\Microsoft.CodeAnalysis.BannedApiAnalyzers.resources.dll /analyzer:C:\Users\runneradmin\.nuget\packages\microsoft.codeanalysis.bannedapianalyzers\3.3.2\analyzers\dotnet\cs\tr\Microsoft.CodeAnalysis.BannedApiAnalyzers.resources.dll /analyzer:C:\Users\runneradmin\.nuget\packages\microsoft.codeanalysis.bannedapianalyzers\3.3.2\analyzers\dotnet\cs\zh-Hans\Microsoft.CodeAnalysis.BannedApiAnalyzers.resources.dll /analyzer:C:\Users\runneradmin\.nuget\packages\microsoft.codeanalysis.bannedapianalyzers\3.3.2\analyzers\dotnet\cs\zh-Hant\Microsoft.CodeAnalysis.BannedApiAnalyzers.resources.dll /analyzer:C:\Users\runneradmin\.nuget\packages\microsoft.servicehub.analyzers\4.4.22\analyzers\Microsoft.ServiceHub.Analyzers.dll /analyzer:C:\Users\runneradmin\.nuget\packages\microsoft.servicehub.analyzers\4.4.22\analyzers\cs\Microsoft.ServiceHub.Analyzers.resources.dll /analyzer:C:\Users\runneradmin\.nuget\packages\microsoft.servicehub.analyzers\4.4.22\analyzers\de\Microsoft.ServiceHub.Analyzers.resources.dll /analyzer:C:\Users\runneradmin\.nuget\packages\microsoft.servicehub.analyzers\4.4.22\analyzers\es\Microsoft.ServiceHub.Analyzers.resources.dll /analyzer:C:\Users\runneradmin\.nuget\packages\microsoft.servicehub.analyzers\4.4.22\analyzers\fr\Microsoft.ServiceHub.Analyzers.resources.dll /analyzer:C:\Users\runneradmin\.nuget\packages\microsoft.servicehub.analyzers\4.4.22\analyzers\it\Microsoft.ServiceHub.Analyzers.resources.dll /analyzer:C:\Users\runneradmin\.nuget\packages\microsoft.servicehub.analyzers\4.4.22\analyzers\ja\Microsoft.ServiceHub.Analyzers.resources.dll /analyzer:C:\Users\runneradmin\.nuget\packages\microsoft.servicehub.analyzers\4.4.22\analyzers\ko\Microsoft.ServiceHub.Analyzers.resources.dll /analyzer:C:\Users\runneradmin\.nuget\packages\microsoft.servicehub.analyzers\4.4.22\analyzers\pl\Microsoft.ServiceHub.Analyzers.resources.dll /analyzer:C:\Users\runneradmin\.nuget\packages\microsoft.servicehub.analyzers\4.4.22\analyzers\pt-BR\Microsoft.ServiceHub.Analyzers.resources.dll /analyzer:C:\Users\runneradmin\.nuget\packages\microsoft.servicehub.analyzers\4.4.22\analyzers\ru\Microsoft.ServiceHub.Analyzers.resources.dll /analyzer:C:\Users\runneradmin\.nuget\packages\microsoft.servicehub.analyzers\4.4.22\analyzers\tr\Microsoft.ServiceHub.Analyzers.resources.dll /analyzer:C:\Users\runneradmin\.nuget\packages\microsoft.servicehub.analyzers\4.4.22\analyzers\zh-Hans\Microsoft.ServiceHub.Analyzers.resources.dll /analyzer:C:\Users\runneradmin\.nuget\packages\microsoft.servicehub.analyzers\4.4.22\analyzers\zh-Hant\Microsoft.ServiceHub.Analyzers.resources.dll /analyzer:C:\Users\runneradmin\.nuget\packages\microsoft.visualstudio.composition.analyzers\17.7.40\analyzers\dotnet\Microsoft.VisualStudio.Composition.Analyzers.dll /analyzer:C:\Users\runneradmin\.nuget\packages\microsoft.visualstudio.composition.analyzers\17.7.40\analyzers\dotnet\cs\Microsoft.VisualStudio.Composition.Analyzers.resources.dll /analyzer:C:\Users\runneradmin\.nuget\packages\microsoft.visualstudio.composition.analyzers\17.7.40\analyzers\dotnet\de\Microsoft.VisualStudio.Composition.Analyzers.resources.dll /analyzer:C:\Users\runneradmin\.nuget\packages\microsoft.visualstudio.composition.analyzers\17.7.40\analyzers\dotnet\es\Microsoft.VisualStudio.Composition.Analyzers.resources.dll /analyzer:C:\Users\runneradmin\.nuget\packages\microsoft.visualstudio.composition.analyzers\17.7.40\analyzers\dotnet\fr\Microsoft.VisualStudio.Composition.Analyzers.resources.dll /analyzer:C:\Users\runneradmin\.nuget\packages\microsoft.visualstudio.composition.analyzers\17.7.40\analyzers\dotnet\it\Microsoft.VisualStudio.Composition.Analyzers.resources.dll /analyzer:C:\Users\runneradmin\.nuget\packages\microsoft.visualstudio.composition.analyzers\17.7.40\analyzers\dotnet\ja\Microsoft.VisualStudio.Composition.Analyzers.resources.dll /analyzer:C:\Users\runneradmin\.nuget\packages\microsoft.visualstudio.composition.analyzers\17.7.40\analyzers\dotnet\ko\Microsoft.VisualStudio.Composition.Analyzers.resources.dll /analyzer:C:\Users\runneradmin\.nuget\packages\microsoft.visualstudio.composition.analyzers\17.7.40\analyzers\dotnet\pl\Microsoft.VisualStudio.Composition.Analyzers.resources.dll /analyzer:C:\Users\runneradmin\.nuget\packages\microsoft.visualstudio.composition.analyzers\17.7.40\analyzers\dotnet\pt-BR\Microsoft.VisualStudio.Composition.Analyzers.resources.dll /analyzer:C:\Users\runneradmin\.nuget\packages\microsoft.visualstudio.composition.analyzers\17.7.40\analyzers\dotnet\ru\Microsoft.VisualStudio.Composition.Analyzers.resources.dll /analyzer:C:\Users\runneradmin\.nuget\packages\microsoft.visualstudio.composition.analyzers\17.7.40\analyzers\dotnet\tr\Microsoft.VisualStudio.Composition.Analyzers.resources.dll /analyzer:C:\Users\runneradmin\.nuget\packages\microsoft.visualstudio.composition.analyzers\17.7.40\analyzers\dotnet\zh-Hans\Microsoft.VisualStudio.Composition.Analyzers.resources.dll /analyzer:C:\Users\runneradmin\.nuget\packages\microsoft.visualstudio.composition.analyzers\17.7.40\analyzers\dotnet\zh-Hant\Microsoft.VisualStudio.Composition.Analyzers.resources.dll /analyzer:C:\Users\runneradmin\.nuget\packages\microsoft.visualstudio.sdk.analyzers\16.10.10\analyzers\cs\Microsoft.VisualStudio.SDK.Analyzers.CodeFixes.dll /analyzer:C:\Users\runneradmin\.nuget\packages\microsoft.visualstudio.sdk.analyzers\16.10.10\analyzers\cs\Microsoft.VisualStudio.SDK.Analyzers.dll /analyzer:C:\Users\runneradmin\.nuget\packages\microsoft.visualstudio.threading.analyzers\17.9.28\analyzers\cs\Microsoft.VisualStudio.Threading.Analyzers.CSharp.dll /analyzer:C:\Users\runneradmin\.nuget\packages\microsoft.visualstudio.threading.analyzers\17.9.28\analyzers\cs\Microsoft.VisualStudio.Threading.Analyzers.CodeFixes.dll /analyzer:C:\Users\runneradmin\.nuget\packages\microsoft.visualstudio.threading.analyzers\17.9.28\analyzers\cs\Microsoft.VisualStudio.Threading.Analyzers.dll /analyzer:C:\Users\runneradmin\.nuget\packages\microsoft.visualstudio.threading.analyzers\17.9.28\analyzers\cs\cs\Microsoft.VisualStudio.Threading.Analyzers.CodeFixes.resources.dll /analyzer:C:\Users\runneradmin\.nuget\packages\microsoft.visualstudio.threading.analyzers\17.9.28\analyzers\cs\de\Microsoft.VisualStudio.Threading.Analyzers.CodeFixes.resources.dll /analyzer:C:\Users\runneradmin\.nuget\packages\microsoft.visualstudio.threading.analyzers\17.9.28\analyzers\cs\es\Microsoft.VisualStudio.Threading.Analyzers.CodeFixes.resources.dll /analyzer:C:\Users\runneradmin\.nuget\packages\microsoft.visualstudio.threading.analyzers\17.9.28\analyzers\cs\fr\Microsoft.VisualStudio.Threading.Analyzers.CodeFixes.resources.dll /analyzer:C:\Users\runneradmin\.nuget\packages\microsoft.visualstudio.threading.analyzers\17.9.28\analyzers\cs\it\Microsoft.VisualStudio.Threading.Analyzers.CodeFixes.resources.dll /analyzer:C:\Users\runneradmin\.nuget\packages\microsoft.visualstudio.threading.analyzers\17.9.28\analyzers\cs\ja\Microsoft.VisualStudio.Threading.Analyzers.CodeFixes.resources.dll /analyzer:C:\Users\runneradmin\.nuget\packages\microsoft.visualstudio.threading.analyzers\17.9.28\analyzers\cs\ko\Microsoft.VisualStudio.Threading.Analyzers.CodeFixes.resources.dll /analyzer:C:\Users\runneradmin\.nuget\packages\microsoft.visualstudio.threading.analyzers\17.9.28\analyzers\cs\pl\Microsoft.VisualStudio.Threading.Analyzers.CodeFixes.resources.dll /analyzer:C:\Users\runneradmin\.nuget\packages\microsoft.visualstudio.threading.analyzers\17.9.28\analyzers\cs\pt-BR\Microsoft.VisualStudio.Threading.Analyzers.CodeFixes.resources.dll /analyzer:C:\Users\runneradmin\.nuget\packages\microsoft.visualstudio.threading.analyzers\17.9.28\analyzers\cs\ru\Microsoft.VisualStudio.Threading.Analyzers.CodeFixes.resources.dll /analyzer:C:\Users\runneradmin\.nuget\packages\microsoft.visualstudio.threading.analyzers\17.9.28\analyzers\cs\tr\Microsoft.VisualStudio.Threading.Analyzers.CodeFixes.resources.dll /analyzer:C:\Users\runneradmin\.nuget\packages\microsoft.visualstudio.threading.analyzers\17.9.28\analyzers\cs\zh-Hans\Microsoft.VisualStudio.Threading.Analyzers.CodeFixes.resources.dll /analyzer:C:\Users\runneradmin\.nuget\packages\microsoft.visualstudio.threading.analyzers\17.9.28\analyzers\cs\zh-Hant\Microsoft.VisualStudio.Threading.Analyzers.CodeFixes.resources.dll /analyzer:C:\Users\runneradmin\.nuget\packages\system.text.json\8.0.0\analyzers\dotnet\roslyn3.11\cs\System.Text.Json.SourceGeneration.dll /analyzer:C:\Users\runneradmin\.nuget\packages\system.text.json\8.0.0\analyzers\dotnet\roslyn3.11\cs\cs\System.Text.Json.SourceGeneration.resources.dll /analyzer:C:\Users\runneradmin\.nuget\packages\system.text.json\8.0.0\analyzers\dotnet\roslyn3.11\cs\de\System.Text.Json.SourceGeneration.resources.dll /analyzer:C:\Users\runneradmin\.nuget\packages\system.text.json\8.0.0\analyzers\dotnet\roslyn3.11\cs\es\System.Text.Json.SourceGeneration.resources.dll /analyzer:C:\Users\runneradmin\.nuget\packages\system.text.json\8.0.0\analyzers\dotnet\roslyn3.11\cs\fr\System.Text.Json.SourceGeneration.resources.dll /analyzer:C:\Users\runneradmin\.nuget\packages\system.text.json\8.0.0\analyzers\dotnet\roslyn3.11\cs\it\System.Text.Json.SourceGeneration.resources.dll /analyzer:C:\Users\runneradmin\.nuget\packages\system.text.json\8.0.0\analyzers\dotnet\roslyn3.11\cs\ja\System.Text.Json.SourceGeneration.resources.dll /analyzer:C:\Users\runneradmin\.nuget\packages\system.text.json\8.0.0\analyzers\dotnet\roslyn3.11\cs\ko\System.Text.Json.SourceGeneration.resources.dll /analyzer:C:\Users\runneradmin\.nuget\packages\system.text.json\8.0.0\analyzers\dotnet\roslyn3.11\cs\pl\System.Text.Json.SourceGeneration.resources.dll /analyzer:C:\Users\runneradmin\.nuget\packages\system.text.json\8.0.0\analyzers\dotnet\roslyn3.11\cs\pt-BR\System.Text.Json.SourceGeneration.resources.dll /analyzer:C:\Users\runneradmin\.nuget\packages\system.text.json\8.0.0\analyzers\dotnet\roslyn3.11\cs\ru\System.Text.Json.SourceGeneration.resources.dll /analyzer:C:\Users\runneradmin\.nuget\packages\system.text.json\8.0.0\analyzers\dotnet\roslyn3.11\cs\tr\System.Text.Json.SourceGeneration.resources.dll /analyzer:C:\Users\runneradmin\.nuget\packages\system.text.json\8.0.0\analyzers\dotnet\roslyn3.11\cs\zh-Hans\System.Text.Json.SourceGeneration.resources.dll /analyzer:C:\Users\runneradmin\.nuget\packages\system.text.json\8.0.0\analyzers\dotnet\roslyn3.11\cs\zh-Hant\System.Text.Json.SourceGeneration.resources.dll /additionalfile:C:\Users\runneradmin\.nuget\packages\microsoft.visualstudio.threading.analyzers\17.9.28\build\AdditionalFiles\vs-threading.LegacyThreadSwitchingMembers.txt /additionalfile:C:\Users\runneradmin\.nuget\packages\microsoft.visualstudio.threading.analyzers\17.9.28\build\AdditionalFiles\vs-threading.MainThreadAssertingMethods.txt /additionalfile:C:\Users\runneradmin\.nuget\packages\microsoft.visualstudio.threading.analyzers\17.9.28\build\AdditionalFiles\vs-threading.MainThreadSwitchingMethods.txt /additionalfile:C:\Users\runneradmin\.nuget\packages\microsoft.visualstudio.threading.analyzers\17.9.28\build\AdditionalFiles\vs-threading.MembersRequiringMainThread.txt /additionalfile:C:\Users\runneradmin\.nuget\packages\microsoft.visualstudio.sdk.analyzers\16.10.10\build\AdditionalFiles\BannedSymbols.txt /additionalfile:C:\Users\runneradmin\.nuget\packages\microsoft.visualstudio.sdk.analyzers\16.10.10\build\AdditionalFiles\vs-threading.LegacyThreadSwitchingMembers.txt /additionalfile:C:\Users\runneradmin\.nuget\packages\microsoft.visualstudio.sdk.analyzers\16.10.10\build\AdditionalFiles\vs-threading.MainThreadAssertingMethods.txt /additionalfile:C:\Users\runneradmin\.nuget\packages\microsoft.visualstudio.sdk.analyzers\16.10.10\build\AdditionalFiles\vs-threading.MainThreadSwitchingMethods.txt /additionalfile:C:\Users\runneradmin\.nuget\packages\microsoft.visualstudio.sdk.analyzers\16.10.10\build\AdditionalFiles\vs-threading.MembersRequiringMainThread.txt FormatSqlCommand.cs Formatting\AiFormatter.cs Formatting\CsvWriter.cs Formatting\ExcelClipboard.cs Formatting\XlsxWriter.cs Formatting\ScriptDomFormatter.cs Options\AiOptions.cs Options\FontConverters.cs Options\GeneralOptions.cs Options\HelpOptions.cs Properties\AssemblyInfo.cs PreviewWindow.xaml.cs SsmsSqlFormatterPackage.cs D:\a\SSMSSQLFormatter\SSMSSQLFormatter\src\SsmsSqlFormatter\obj\Release\PreviewWindow.g.cs "obj\Release\.NETFramework,Version=v4.8.AssemblyAttributes.cs"
build-and-test	Build solution (Release)	2026-07-27T07:48:35.6967596Z          Compilation request SsmsSqlFormatter, PathToTool=C:\Program Files\Microsoft Visual Studio\18\Enterprise\MSBuild\Current\Bin\Roslyn\csc.exe
build-and-test	Build solution (Release)	2026-07-27T07:48:35.6968259Z          CommandLine = ' /noconfig'
build-and-test	Build solution (Release)	2026-07-27T07:48:35.7086151Z          BuildResponseFile = '/nowarn:1701,1702 /fullpaths /nostdlib+ /errorreport:prompt /warn:4 /define:TRACE /highentropyva+ /reference:C:\Users\runneradmin\.nuget\packages\envdte\17.9.37000\lib\net472\envdte.dll /reference:C:\Users\runneradmin\.nuget\packages\envdte100\17.9.37000\lib\net472\envdte100.dll /reference:C:\Users\runneradmin\.nuget\packages\envdte80\17.9.37000\lib\net472\envdte80.dll /reference:C:\Users\runneradmin\.nuget\packages\envdte90\17.9.37000\lib\net472\envdte90.dll /reference:C:\Users\runneradmin\.nuget\packages\envdte90a\17.9.37000\lib\net472\envdte90a.dll /reference:C:\Users\runneradmin\.nuget\packages\messagepack.annotations\2.5.108\lib\netstandard2.0\MessagePack.Annotations.dll /reference:C:\Users\runneradmin\.nuget\packages\messagepack\2.5.108\lib\netstandard2.0\MessagePack.dll /reference:C:\Users\runneradmin\.nuget\packages\microsoft.bcl.asyncinterfaces\8.0.0\lib\net462\Microsoft.Bcl.AsyncInterfaces.dll /reference:C:\Users\runneradmin\.nuget\packages\microsoft.build.framework\17.9.5\ref\net472\Microsoft.Build.Framework.dll /reference:C:\Users\runneradmin\.nuget\packages\microsoft.io.redist\6.0.0\lib\net472\Microsoft.IO.Redist.dll /reference:C:\Users\runneradmin\.nuget\packages\microsoft.servicehub.framework\4.4.22\lib\net472\Microsoft.ServiceHub.Framework.dll /reference:C:\Users\runneradmin\.nuget\packages\microsoft.servicehub.resources\4.4.4171\lib\net472\Microsoft.ServiceHub.Resources.dll /reference:C:\Users\runneradmin\.nuget\packages\microsoft.sqlserver.transactsql.scriptdom\180.18.1\lib\net472\Microsoft.SqlServer.TransactSql.ScriptDom.dll /reference:C:\Users\runneradmin\.nuget\packages\microsoft.visualstudio.commandbars\17.9.37000\lib\net472\Microsoft.VisualStudio.CommandBars.dll /reference:C:\Users\runneradmin\.nuget\packages\microsoft.visualstudio.componentmodelhost\17.9.187\lib\net472\Microsoft.VisualStudio.ComponentModelHost.dll /reference:C:\Users\runneradmin\.nuget\packages\microsoft.visualstudio.composition\17.7.40\lib\net472\Microsoft.VisualStudio.Composition.dll /reference:C:\Users\runneradmin\.nuget\packages\microsoft.visualstudio.coreutility\17.9.187\lib\net472\Microsoft.VisualStudio.CoreUtility.dll /reference:C:\Users\runneradmin\.nuget\packages\microsoft.visualstudio.debugger.interop.10.0\17.9.37000\lib\net472\Microsoft.VisualStudio.Debugger.Interop.10.0.dll /reference:C:\Users\runneradmin\.nuget\packages\microsoft.visualstudio.debugger.interop.12.0\17.9.37000\lib\net472\Microsoft.VisualStudio.Debugger.Interop.12.0.dll /reference:C:\Users\runneradmin\.nuget\packages\microsoft.visualstudio.debugger.interop.14.0\17.9.37000\lib\net472\Microsoft.VisualStudio.Debugger.Interop.14.0.dll /reference:C:\Users\runneradmin\.nuget\packages\microsoft.visualstudio.debugger.interop.15.0\17.9.37000\lib\net472\Microsoft.VisualStudio.Debugger.Interop.15.0.dll /reference:C:\Users\runneradmin\.nuget\packages\microsoft.visualstudio.debugger.interop.16.0\17.9.37000\lib\net472\Microsoft.VisualStudio.Debugger.Interop.16.0.dll /reference:C:\Users\runneradmin\.nuget\packages\microsoft.visualstudio.debugger.interopa\17.9.37000\lib\net472\Microsoft.VisualStudio.Debugger.InteropA.dll /reference:C:\Users\runneradmin\.nuget\packages\microsoft.visualstudio.designer.interfaces\17.9.37000\lib\net472\Microsoft.VisualStudio.Designer.Interfaces.dll /reference:C:\Users\runneradmin\.nuget\packages\microsoft.visualstudio.editor\17.9.187\lib\net472\Microsoft.VisualStudio.Editor.dll /reference:C:\Users\runneradmin\.nuget\packages\microsoft.visualstudio.graphmodel\17.9.37000\lib\net472\Microsoft.VisualStudio.GraphModel.dll /reference:C:\Users\runneradmin\.nuget\packages\microsoft.visualstudio.imagecatalog\17.9.37000\lib\net472\Microsoft.VisualStudio.ImageCatalog.dll /reference:C:\Users\runneradmin\.nuget\packages\microsoft.visualstudio.imaging\17.9.37000\lib\net472\Microsoft.VisualStudio.Imaging.dll /reference:C:\Users\runneradmin\.nuget\packages\microsoft.visualstudio.imaging.interop.14.0.designtime\17.9.37000\lib\net472\Microsoft.VisualStudio.Imaging.Interop.14.0.DesignTime.dll /reference:C:\Users\runneradmin\.nuget\packages\microsoft.visualstudio.interop\17.9.37000\lib\net472\Microsoft.VisualStudio.Interop.dll /reference:C:\Users\runneradmin\.nuget\packages\microsoft.visualstudio.language\17.9.187\lib\net472\Microsoft.VisualStudio.Language.dll /reference:C:\Users\runneradmin\.nuget\packages\microsoft.visualstudio.language.intellisense\17.9.187\lib\net472\Microsoft.VisualStudio.Language.Intellisense.dll /reference:C:\Users\runneradmin\.nuget\packages\microsoft.visualstudio.language.navigateto.interfaces\17.9.187\lib\net472\Microsoft.VisualStudio.Language.NavigateTo.Interfaces.dll /reference:C:\Users\runneradmin\.nuget\packages\microsoft.visualstudio.language.standardclassification\17.9.187\lib\net472\Microsoft.VisualStudio.Language.StandardClassification.dll /reference:C:\Users\runneradmin\.nuget\packages\microsoft.visualstudio.languageserver.client\17.9.46\lib\net472\Microsoft.VisualStudio.LanguageServer.Client.dll /reference:C:\Users\runneradmin\.nuget\packages\microsoft.visualstudio.linux.connectionmanager.store\17.9.37000\lib\net472\Microsoft.VisualStudio.Linux.ConnectionManager.Store.dll /reference:C:\Users\runneradmin\.nuget\packages\microsoft.visualstudio.ole.interop\17.9.37000\lib\net472\Microsoft.VisualStudio.OLE.Interop.dll /reference:C:\Users\runneradmin\.nuget\packages\microsoft.visualstudio.package.languageservice.15.0\17.9.37000\lib\net472\Microsoft.VisualStudio.Package.LanguageService.15.0.dll /reference:C:\Users\runneradmin\.nuget\packages\microsoft.visualstudio.projectaggregator\17.9.37000\lib\net472\Microsoft.VisualStudio.ProjectAggregator.dll /reference:C:\Users\runneradmin\.nuget\packages\microsoft.visualstudio.remotecontrol\16.3.52\lib\net45\Microsoft.VisualStudio.RemoteControl.dll /reference:C:\Users\runneradmin\.nuget\packages\microsoft.visualstudio.rpccontracts\17.9.7\lib\netstandard2.0\Microsoft.VisualStudio.RpcContracts.dll /link:C:\Users\runneradmin\.nuget\packages\microsoft.visualstudio.setup.configuration.interop\3.9.2164\lib\net35\Microsoft.VisualStudio.Setup.Configuration.Interop.dll /reference:C:\Users\runneradmin\.nuget\packages\microsoft.visualstudio.shell.15.0\17.9.37000\lib\net472\Microsoft.VisualStudio.Shell.15.0.dll /reference:C:\Users\runneradmin\.nuget\packages\microsoft.visualstudio.shell.design\17.9.37000\lib\net472\Microsoft.VisualStudio.Shell.Design.dll /reference:C:\Users\runneradmin\.nuget\packages\microsoft.visualstudio.shell.framework\17.9.37000\lib\net472\Microsoft.VisualStudio.Shell.Framework.dll /reference:C:\Users\runneradmin\.nuget\packages\microsoft.visualstudio.shell.interop.10.0\17.9.37000\lib\net472\Microsoft.VisualStudio.Shell.Interop.10.0.dll /reference:C:\Users\runneradmin\.nuget\packages\microsoft.visualstudio.shell.interop.11.0\17.9.37000\lib\net472\Microsoft.VisualStudio.Shell.Interop.11.0.dll /reference:C:\Users\runneradmin\.nuget\packages\microsoft.visualstudio.shell.interop.12.0\17.9.37000\lib\net472\Microsoft.VisualStudio.Shell.Interop.12.0.dll /reference:C:\Users\runneradmin\.nuget\packages\microsoft.visualstudio.shell.interop.8.0\17.9.37000\lib\net472\Microsoft.VisualStudio.Shell.Interop.8.0.dll /reference:C:\Users\runneradmin\.nuget\packages\microsoft.visualstudio.shell.interop.9.0\17.9.37000\lib\net472\Microsoft.VisualStudio.Shell.Interop.9.0.dll /reference:C:\Users\runneradmin\.nuget\packages\microsoft.visualstudio.shell.interop\17.9.37000\lib\net472\Microsoft.VisualStudio.Shell.Interop.dll /reference:C:\Users\runneradmin\.nuget\packages\microsoft.visualstudio.taskrunnerexplorer.14.0\14.0.0\lib\net40\Microsoft.VisualStudio.TaskRunnerExplorer.14.0.dll /reference:C:\Users\runneradmin\.nuget\packages\microsoft.visualstudio.telemetry\17.9.305\lib\net45\Microsoft.VisualStudio.Telemetry.dll /reference:C:\Users\runneradmin\.nuget\packages\microsoft.visualstudio.text.data\17.9.187\lib\net472\Microsoft.VisualStudio.Text.Data.dll /reference:C:\Users\runneradmin\.nuget\packages\microsoft.visualstudio.text.logic\17.9.187\lib\net472\Microsoft.VisualStudio.Text.Logic.dll /reference:C:\Users\runneradmin\.nuget\packages\microsoft.visualstudio.text.ui\17.9.187\lib\net472\Microsoft.VisualStudio.Text.UI.dll /reference:C:\Users\runneradmin\.nuget\packages\microsoft.visualstudio.text.ui.wpf\17.9.187\lib\net472\Microsoft.VisualStudio.Text.UI.Wpf.dll /reference:C:\Users\runneradmin\.nuget\packages\microsoft.visualstudio.textmanager.interop.10.0\17.9.37000\lib\net472\Microsoft.VisualStudio.TextManager.Interop.10.0.dll /reference:C:\Users\runneradmin\.nuget\packages\microsoft.visualstudio.textmanager.interop.11.0\17.9.37000\lib\net472\Microsoft.VisualStudio.TextManager.Interop.11.0.dll /reference:C:\Users\runneradmin\.nuget\packages\microsoft.visualstudio.textmanager.interop.12.0\17.9.37000\lib\net472\Microsoft.VisualStudio.TextManager.Interop.12.0.dll /reference:C:\Users\runneradmin\.nuget\packages\microsoft.visualstudio.textmanager.interop.8.0\17.9.37000\lib\net472\Microsoft.VisualStudio.TextManager.Interop.8.0.dll /reference:C:\Users\runneradmin\.nuget\packages\microsoft.visualstudio.textmanager.interop.9.0\17.9.37000\lib\net472\Microsoft.VisualStudio.TextManager.Interop.9.0.dll /reference:C:\Users\runneradmin\.nuget\packages\microsoft.visualstudio.textmanager.interop\17.9.37000\lib\net472\Microsoft.VisualStudio.TextManager.Interop.dll /reference:C:\Users\runneradmin\.nuget\packages\microsoft.visualstudio.texttemplating.vshost\17.9.37000\lib\net472\Microsoft.VisualStudio.TextTemplating.VSHost.dll /reference:C:\Users\runneradmin\.nuget\packages\microsoft.visualstudio.threading\17.9.28\lib\net472\Microsoft.VisualStudio.Threading.dll /reference:C:\Users\runneradmin\.nuget\packages\microsoft.visualstudio.utilities\17.9.37000\lib\net472\Microsoft.VisualStudio.Utilities.dll /reference:C:\Users\runneradmin\.nuget\packages\microsoft.visualstudio.validation\17.8.8\lib\netstandard2.0\Microsoft.VisualStudio.Validation.dll /reference:C:\Users\runneradmin\.nuget\packages\microsoft.visualstudio.vcprojectengine\17.9.37000\lib\net472\Microsoft.VisualStudio.VCProjectEngine.dll /reference:C:\Users\runneradmin\.nuget\packages\microsoft.visualstudio.vshelp\17.9.37000\lib\net472\Microsoft.VisualStudio.VSHelp.dll /reference:C:\Users\runneradmin\.nuget\packages\microsoft.visualstudio.vshelp80\17.9.37000\lib\net472\Microsoft.VisualStudio.VSHelp80.dll /reference:C:\Users\runneradmin\.nuget\packages\microsoft.visualstudio.wcfreference.interop\17.9.37000\lib\net472\Microsoft.VisualStudio.WCFReference.Interop.dll /reference:C:\Users\runneradmin\.nuget\packages\microsoft.visualstudio.web.browserlink.12.0\12.0.0\lib\net40\Microsoft.VisualStudio.Web.BrowserLink.12.0.dll /reference:"C:\Program Files (x86)\Reference Assemblies\Microsoft\Framework\.NETFramework\v4.8\Facades\Microsoft.Win32.Primitives.dll" /reference:C:\Users\runneradmin\.nuget\packages\microsoft.win32.registry\5.0.0\ref\net461\Microsoft.Win32.Registry.dll /reference:"C:\Program Files (x86)\Reference Assemblies\Microsoft\Framework\.NETFramework\v4.8\mscorlib.dll" /reference:C:\Users\runneradmin\.nuget\packages\nerdbank.streams\2.10.69\lib\netstandard2.0\Nerdbank.Streams.dll /reference:C:\Users\runneradmin\.nuget\packages\newtonsoft.json\13.0.3\lib\net45\Newtonsoft.Json.dll /reference:"C:\Program Files (x86)\Reference Assemblies\Microsoft\Framework\.NETFramework\v4.8\PresentationCore.dll" /reference:"C:\Program Files (x86)\Reference Assemblies\Microsoft\Framework\.NETFramework\v4.8\PresentationFramework.dll" /reference:C:\Users\runneradmin\.nuget\packages\stdole\17.9.37000\lib\net472\stdole.dll /reference:C:\Users\runneradmin\.nuget\packages\streamjsonrpc\2.17.11\lib\netstandard2.0\StreamJsonRpc.dll /reference:C:\Users\runneradmin\.nuget\packages\system.buffers\4.5.1\ref\net45\System.Buffers.dll /reference:C:\Users\runneradmin\.nuget\packages\system.collections.immutable\8.0.0\lib\net462\System.Collections.Immutable.dll /reference:C:\Users\runneradmin\.nuget\packages\system.composition.attributedmodel\8.0.0\lib\net462\System.Composition.AttributedModel.dll /reference:C:\Users\runneradmin\.nuget\packages\system.composition.convention\8.0.0\lib\net462\System.Composition.Convention.dll /reference:C:\Users\runneradmin\.nuget\packages\system.composition.hosting\8.0.0\lib\net462\System.Composition.Hosting.dll /reference:C:\Users\runneradmin\.nuget\packages\system.composition.runtime\8.0.0\lib\net462\System.Composition.Runtime.dll /reference:C:\Users\runneradmin\.nuget\packages\system.composition.typedparts\8.0.0\lib\net462\System.Composition.TypedParts.dll /reference:"C:\Program Files (x86)\Reference Assemblies\Microsoft\Framework\.NETFramework\v4.8\System.Core.dll" /reference:"C:\Program Files (x86)\Reference Assemblies\Microsoft\Framework\.NETFramework\v4.8\System.Design.dll" /reference:C:\Users\runneradmin\.nuget\packages\system.diagnostics.diagnosticsource\8.0.0\lib\net462\System.Diagnostics.DiagnosticSource.dll /reference:"C:\Program Files (x86)\Reference Assemblies\Microsoft\Framework\.NETFramework\v4.8\System.dll" /reference:"C:\Program Files (x86)\Reference Assemblies\Microsoft\Framework\.NETFramework\v4.8\System.Drawing.dll" /reference:"C:\Program Files (x86)\Reference Assemblies\Microsoft\Framework\.NETFramework\v4.8\System.IO.Compression.dll" /reference:"C:\Program Files (x86)\Reference Assemblies\Microsoft\Framework\.NETFramework\v4.8\System.IO.Compression.FileSystem.dll" /reference:C:\Users\runneradmin\.nuget\packages\system.io.pipelines\8.0.0\lib\net462\System.IO.Pipelines.dll /reference:C:\Users\runneradmin\.nuget\packages\system.memory\4.5.5\lib\net461\System.Memory.dll /reference:"C:\Program Files (x86)\Reference Assemblies\Microsoft\Framework\.NETFramework\v4.8\System.Net.Http.dll" /reference:C:\Users\runneradmin\.nuget\packages\system.numerics.vectors\4.5.0\ref\net46\System.Numerics.Vectors.dll /reference:C:\Users\runneradmin\.nuget\packages\system.reflection.metadata\8.0.0\lib\net462\System.Reflection.Metadata.dll /reference:"C:\Program Files (x86)\Reference Assemblies\Microsoft\Framework\.NETFramework\v4.8\System.Runtime.Caching.dll" /reference:C:\Users\runneradmin\.nuget\packages\system.runtime.compilerservices.unsafe\6.0.0\lib\net461\System.Runtime.CompilerServices.Unsafe.dll /reference:C:\Users\runneradmin\.nuget\packages\system.security.accesscontrol\6.0.0\lib\net461\System.Security.AccessControl.dll /reference:C:\Users\runneradmin\.nuget\packages\system.security.principal.windows\5.0.0\ref\net461\System.Security.Principal.Windows.dll /reference:C:\Users\runneradmin\.nuget\packages\system.text.encodings.web\8.0.0\lib\net462\System.Text.Encodings.Web.dll /reference:C:\Users\runneradmin\.nuget\packages\system.text.json\8.0.0\lib\net462\System.Text.Json.dll /reference:C:\Users\runneradmin\.nuget\packages\system.threading.accesscontrol\8.0.0\lib\net462\System.Threading.AccessControl.dll /reference:C:\Users\runneradmin\.nuget\packages\system.threading.tasks.dataflow\8.0.0\lib\net462\System.Threading.Tasks.Dataflow.dll /reference:C:\Users\runneradmin\.nuget\packages\system.threading.tasks.extensions\4.5.4\lib\net461\System.Threading.Tasks.Extensions.dll /reference:C:\Users\runneradmin\.nuget\packages\system.valuetuple\4.5.0\ref\net47\System.ValueTuple.dll /reference:"C:\Program Files (x86)\Reference Assemblies\Microsoft\Framework\.NETFramework\v4.8\System.Windows.Forms.dll" /reference:"C:\Program Files (x86)\Reference Assemblies\Microsoft\Framework\.NETFramework\v4.8\System.Xaml.dll" /reference:"C:\Program Files (x86)\Reference Assemblies\Microsoft\Framework\.NETFramework\v4.8\System.Xml.dll" /reference:"C:\Program Files (x86)\Reference Assemblies\Microsoft\Framework\.NETFramework\v4.8\System.Xml.Linq.dll" /reference:C:\Users\runneradmin\.nuget\packages\vslangproj\17.9.37000\lib\net472\VSLangProj.dll /reference:C:\Users\runneradmin\.nuget\packages\vslangproj100\17.9.37000\lib\net472\VSLangProj100.dll /reference:C:\Users\runneradmin\.nuget\packages\vslangproj110\17.9.37000\lib\net472\VSLangProj110.dll /reference:C:\Users\runneradmin\.nuget\packages\vslangproj140\17.9.37000\lib\net472\VSLangProj140.dll /reference:C:\Users\runneradmin\.nuget\packages\vslangproj150\17.9.37000\lib\net472\VSLangProj150.dll /reference:C:\Users\runneradmin\.nuget\packages\vslangproj157\17.9.37000\lib\net472\VSLangProj157.dll /reference:C:\Users\runneradmin\.nuget\packages\vslangproj158\17.9.37000\lib\net472\VSLangProj158.dll /reference:C:\Users\runneradmin\.nuget\packages\vslangproj165\17.9.37000\lib\net472\VSLangProj165.dll /reference:C:\Users\runneradmin\.nuget\packages\vslangproj2\17.9.37000\lib\net472\VSLangProj2.dll /reference:C:\Users\runneradmin\.nuget\packages\vslangproj80\17.9.37000\lib\net472\VSLangProj80.dll /reference:C:\Users\runneradmin\.nuget\packages\vslangproj90\17.9.37000\lib\net472\VSLangProj90.dll /reference:"C:\Program Files (x86)\Reference Assemblies\Microsoft\Framework\.NETFramework\v4.8\WindowsBase.dll" /reference:"C:\Program Files (x86)\Reference Assemblies\Microsoft\Framework\.NETFramework\v4.8\Facades\netstandard.dll" /debug:pdbonly /optimize+ /out:obj\Release\SsmsSqlFormatter.dll /subsystemversion:6.00 /resource:obj\Release\SsmsSqlFormatter.g.resources /resource:obj\Release\_EmptyResource.resources /target:library /utf8output /langversion:latest /analyzerconfig:obj\Release\SsmsSqlFormatter.GeneratedMSBuildEditorConfig.editorconfig /analyzer:C:\Users\runneradmin\.nuget\packages\microsoft.codeanalysis.bannedapianalyzers\3.3.2\analyzers\dotnet\cs\Microsoft.CodeAnalysis.BannedApiAnalyzers.dll /analyzer:C:\Users\runneradmin\.nuget\packages\microsoft.codeanalysis.bannedapianalyzers\3.3.2\analyzers\dotnet\cs\Microsoft.CodeAnalysis.CSharp.BannedApiAnalyzers.dll /analyzer:C:\Users\runneradmin\.nuget\packages\microsoft.codeanalysis.bannedapianalyzers\3.3.2\analyzers\dotnet\cs\cs\Microsoft.CodeAnalysis.BannedApiAnalyzers.resources.dll /analyzer:C:\Users\runneradmin\.nuget\packages\microsoft.codeanalysis.bannedapianalyzers\3.3.2\analyzers\dotnet\cs\de\Microsoft.CodeAnalysis.BannedApiAnalyzers.resources.dll /analyzer:C:\Users\runneradmin\.nuget\packages\microsoft.codeanalysis.bannedapianalyzers\3.3.2\analyzers\dotnet\cs\es\Microsoft.CodeAnalysis.BannedApiAnalyzers.resources.dll /analyzer:C:\Users\runneradmin\.nuget\packages\microsoft.codeanalysis.bannedapianalyzers\3.3.2\analyzers\dotnet\cs\fr\Microsoft.CodeAnalysis.BannedApiAnalyzers.resources.dll /analyzer:C:\Users\runneradmin\.nuget\packages\microsoft.codeanalysis.bannedapianalyzers\3.3.2\analyzers\dotnet\cs\it\Microsoft.CodeAnalysis.BannedApiAnalyzers.resources.dll /analyzer:C:\Users\runneradmin\.nuget\packages\microsoft.codeanalysis.bannedapianalyzers\3.3.2\analyzers\dotnet\cs\ja\Microsoft.CodeAnalysis.BannedApiAnalyzers.resources.dll /analyzer:C:\Users\runneradmin\.nuget\packages\microsoft.codeanalysis.bannedapianalyzers\3.3.2\analyzers\dotnet\cs\ko\Microsoft.CodeAnalysis.BannedApiAnalyzers.resources.dll /analyzer:C:\Users\runneradmin\.nuget\packages\microsoft.codeanalysis.bannedapianalyzers\3.3.2\analyzers\dotnet\cs\pl\Microsoft.CodeAnalysis.BannedApiAnalyzers.resources.dll /analyzer:C:\Users\runneradmin\.nuget\packages\microsoft.codeanalysis.bannedapianalyzers\3.3.2\analyzers\dotnet\cs\pt-BR\Microsoft.CodeAnalysis.BannedApiAnalyzers.resources.dll /analyzer:C:\Users\runneradmin\.nuget\packages\microsoft.codeanalysis.bannedapianalyzers\3.3.2\analyzers\dotnet\cs\ru\Microsoft.CodeAnalysis.BannedApiAnalyzers.resources.dll /analyzer:C:\Users\runneradmin\.nuget\packages\microsoft.codeanalysis.bannedapianalyzers\3.3.2\analyzers\dotnet\cs\tr\Microsoft.CodeAnalysis.BannedApiAnalyzers.resources.dll /analyzer:C:\Users\runneradmin\.nuget\packages\microsoft.codeanalysis.bannedapianalyzers\3.3.2\analyzers\dotnet\cs\zh-Hans\Microsoft.CodeAnalysis.BannedApiAnalyzers.resources.dll /analyzer:C:\Users\runneradmin\.nuget\packages\microsoft.codeanalysis.bannedapianalyzers\3.3.2\analyzers\dotnet\cs\zh-Hant\Microsoft.CodeAnalysis.BannedApiAnalyzers.resources.dll /analyzer:C:\Users\runneradmin\.nuget\packages\microsoft.servicehub.analyzers\4.4.22\analyzers\Microsoft.ServiceHub.Analyzers.dll /analyzer:C:\Users\runneradmin\.nuget\packages\microsoft.servicehub.analyzers\4.4.22\analyzers\cs\Microsoft.ServiceHub.Analyzers.resources.dll /analyzer:C:\Users\runneradmin\.nuget\packages\microsoft.servicehub.analyzers\4.4.22\analyzers\de\Microsoft.ServiceHub.Analyzers.resources.dll /analyzer:C:\Users\runneradmin\.nuget\packages\microsoft.servicehub.analyzers\4.4.22\analyzers\es\Microsoft.ServiceHub.Analyzers.resources.dll /analyzer:C:\Users\runneradmin\.nuget\packages\microsoft.servicehub.analyzers\4.4.22\analyzers\fr\Microsoft.ServiceHub.Analyzers.resources.dll /analyzer:C:\Users\runneradmin\.nuget\packages\microsoft.servicehub.analyzers\4.4.22\analyzers\it\Microsoft.ServiceHub.Analyzers.resources.dll /analyzer:C:\Users\runneradmin\.nuget\packages\microsoft.servicehub.analyzers\4.4.22\analyzers\ja\Microsoft.ServiceHub.Analyzers.resources.dll /analyzer:C:\Users\runneradmin\.nuget\packages\microsoft.servicehub.analyzers\4.4.22\analyzers\ko\Microsoft.ServiceHub.Analyzers.resources.dll /analyzer:C:\Users\runneradmin\.nuget\packages\microsoft.servicehub.analyzers\4.4.22\analyzers\pl\Microsoft.ServiceHub.Analyzers.resources.dll /analyzer:C:\Users\runneradmin\.nuget\packages\microsoft.servicehub.analyzers\4.4.22\analyzers\pt-BR\Microsoft.ServiceHub.Analyzers.resources.dll /analyzer:C:\Users\runneradmin\.nuget\packages\microsoft.servicehub.analyzers\4.4.22\analyzers\ru\Microsoft.ServiceHub.Analyzers.resources.dll /analyzer:C:\Users\runneradmin\.nuget\packages\microsoft.servicehub.analyzers\4.4.22\analyzers\tr\Microsoft.ServiceHub.Analyzers.resources.dll /analyzer:C:\Users\runneradmin\.nuget\packages\microsoft.servicehub.analyzers\4.4.22\analyzers\zh-Hans\Microsoft.ServiceHub.Analyzers.resources.dll /analyzer:C:\Users\runneradmin\.nuget\packages\microsoft.servicehub.analyzers\4.4.22\analyzers\zh-Hant\Microsoft.ServiceHub.Analyzers.resources.dll /analyzer:C:\Users\runneradmin\.nuget\packages\microsoft.visualstudio.composition.analyzers\17.7.40\analyzers\dotnet\Microsoft.VisualStudio.Composition.Analyzers.dll /analyzer:C:\Users\runneradmin\.nuget\packages\microsoft.visualstudio.composition.analyzers\17.7.40\analyzers\dotnet\cs\Microsoft.VisualStudio.Composition.Analyzers.resources.dll /analyzer:C:\Users\runneradmin\.nuget\packages\microsoft.visualstudio.composition.analyzers\17.7.40\analyzers\dotnet\de\Microsoft.VisualStudio.Composition.Analyzers.resources.dll /analyzer:C:\Users\runneradmin\.nuget\packages\microsoft.visualstudio.composition.analyzers\17.7.40\analyzers\dotnet\es\Microsoft.VisualStudio.Composition.Analyzers.resources.dll /analyzer:C:\Users\runneradmin\.nuget\packages\microsoft.visualstudio.composition.analyzers\17.7.40\analyzers\dotnet\fr\Microsoft.VisualStudio.Composition.Analyzers.resources.dll /analyzer:C:\Users\runneradmin\.nuget\packages\microsoft.visualstudio.composition.analyzers\17.7.40\analyzers\dotnet\it\Microsoft.VisualStudio.Composition.Analyzers.resources.dll /analyzer:C:\Users\runneradmin\.nuget\packages\microsoft.visualstudio.composition.analyzers\17.7.40\analyzers\dotnet\ja\Microsoft.VisualStudio.Composition.Analyzers.resources.dll /analyzer:C:\Users\runneradmin\.nuget\packages\microsoft.visualstudio.composition.analyzers\17.7.40\analyzers\dotnet\ko\Microsoft.VisualStudio.Composition.Analyzers.resources.dll /analyzer:C:\Users\runneradmin\.nuget\packages\microsoft.visualstudio.composition.analyzers\17.7.40\analyzers\dotnet\pl\Microsoft.VisualStudio.Composition.Analyzers.resources.dll /analyzer:C:\Users\runneradmin\.nuget\packages\microsoft.visualstudio.composition.analyzers\17.7.40\analyzers\dotnet\pt-BR\Microsoft.VisualStudio.Composition.Analyzers.resources.dll /analyzer:C:\Users\runneradmin\.nuget\packages\microsoft.visualstudio.composition.analyzers\17.7.40\analyzers\dotnet\ru\Microsoft.VisualStudio.Composition.Analyzers.resources.dll /analyzer:C:\Users\runneradmin\.nuget\packages\microsoft.visualstudio.composition.analyzers\17.7.40\analyzers\dotnet\tr\Microsoft.VisualStudio.Composition.Analyzers.resources.dll /analyzer:C:\Users\runneradmin\.nuget\packages\microsoft.visualstudio.composition.analyzers\17.7.40\analyzers\dotnet\zh-Hans\Microsoft.VisualStudio.Composition.Analyzers.resources.dll /analyzer:C:\Users\runneradmin\.nuget\packages\microsoft.visualstudio.composition.analyzers\17.7.40\analyzers\dotnet\zh-Hant\Microsoft.VisualStudio.Composition.Analyzers.resources.dll /analyzer:C:\Users\runneradmin\.nuget\packages\microsoft.visualstudio.sdk.analyzers\16.10.10\analyzers\cs\Microsoft.VisualStudio.SDK.Analyzers.CodeFixes.dll /analyzer:C:\Users\runneradmin\.nuget\packages\microsoft.visualstudio.sdk.analyzers\16.10.10\analyzers\cs\Microsoft.VisualStudio.SDK.Analyzers.dll /analyzer:C:\Users\runneradmin\.nuget\packages\microsoft.visualstudio.threading.analyzers\17.9.28\analyzers\cs\Microsoft.VisualStudio.Threading.Analyzers.CSharp.dll /analyzer:C:\Users\runneradmin\.nuget\packages\microsoft.visualstudio.threading.analyzers\17.9.28\analyzers\cs\Microsoft.VisualStudio.Threading.Analyzers.CodeFixes.dll /analyzer:C:\Users\runneradmin\.nuget\packages\microsoft.visualstudio.threading.analyzers\17.9.28\analyzers\cs\Microsoft.VisualStudio.Threading.Analyzers.dll /analyzer:C:\Users\runneradmin\.nuget\packages\microsoft.visualstudio.threading.analyzers\17.9.28\analyzers\cs\cs\Microsoft.VisualStudio.Threading.Analyzers.CodeFixes.resources.dll /analyzer:C:\Users\runneradmin\.nuget\packages\microsoft.visualstudio.threading.analyzers\17.9.28\analyzers\cs\de\Microsoft.VisualStudio.Threading.Analyzers.CodeFixes.resources.dll /analyzer:C:\Users\runneradmin\.nuget\packages\microsoft.visualstudio.threading.analyzers\17.9.28\analyzers\cs\es\Microsoft.VisualStudio.Threading.Analyzers.CodeFixes.resources.dll /analyzer:C:\Users\runneradmin\.nuget\packages\microsoft.visualstudio.threading.analyzers\17.9.28\analyzers\cs\fr\Microsoft.VisualStudio.Threading.Analyzers.CodeFixes.resources.dll /analyzer:C:\Users\runneradmin\.nuget\packages\microsoft.visualstudio.threading.analyzers\17.9.28\analyzers\cs\it\Microsoft.VisualStudio.Threading.Analyzers.CodeFixes.resources.dll /analyzer:C:\Users\runneradmin\.nuget\packages\microsoft.visualstudio.threading.analyzers\17.9.28\analyzers\cs\ja\Microsoft.VisualStudio.Threading.Analyzers.CodeFixes.resources.dll /analyzer:C:\Users\runneradmin\.nuget\packages\microsoft.visualstudio.threading.analyzers\17.9.28\analyzers\cs\ko\Microsoft.VisualStudio.Threading.Analyzers.CodeFixes.resources.dll /analyzer:C:\Users\runneradmin\.nuget\packages\microsoft.visualstudio.threading.analyzers\17.9.28\analyzers\cs\pl\Microsoft.VisualStudio.Threading.Analyzers.CodeFixes.resources.dll /analyzer:C:\Users\runneradmin\.nuget\packages\microsoft.visualstudio.threading.analyzers\17.9.28\analyzers\cs\pt-BR\Microsoft.VisualStudio.Threading.Analyzers.CodeFixes.resources.dll /analyzer:C:\Users\runneradmin\.nuget\packages\microsoft.visualstudio.threading.analyzers\17.9.28\analyzers\cs\ru\Microsoft.VisualStudio.Threading.Analyzers.CodeFixes.resources.dll /analyzer:C:\Users\runneradmin\.nuget\packages\microsoft.visualstudio.threading.analyzers\17.9.28\analyzers\cs\tr\Microsoft.VisualStudio.Threading.Analyzers.CodeFixes.resources.dll /analyzer:C:\Users\runneradmin\.nuget\packages\microsoft.visualstudio.threading.analyzers\17.9.28\analyzers\cs\zh-Hans\Microsoft.VisualStudio.Threading.Analyzers.CodeFixes.resources.dll /analyzer:C:\Users\runneradmin\.nuget\packages\microsoft.visualstudio.threading.analyzers\17.9.28\analyzers\cs\zh-Hant\Microsoft.VisualStudio.Threading.Analyzers.CodeFixes.resources.dll /analyzer:C:\Users\runneradmin\.nuget\packages\system.text.json\8.0.0\analyzers\dotnet\roslyn3.11\cs\System.Text.Json.SourceGeneration.dll /analyzer:C:\Users\runneradmin\.nuget\packages\system.text.json\8.0.0\analyzers\dotnet\roslyn3.11\cs\cs\System.Text.Json.SourceGeneration.resources.dll /analyzer:C:\Users\runneradmin\.nuget\packages\system.text.json\8.0.0\analyzers\dotnet\roslyn3.11\cs\de\System.Text.Json.SourceGeneration.resources.dll /analyzer:C:\Users\runneradmin\.nuget\packages\system.text.json\8.0.0\analyzers\dotnet\roslyn3.11\cs\es\System.Text.Json.SourceGeneration.resources.dll /analyzer:C:\Users\runneradmin\.nuget\packages\system.text.json\8.0.0\analyzers\dotnet\roslyn3.11\cs\fr\System.Text.Json.SourceGeneration.resources.dll /analyzer:C:\Users\runneradmin\.nuget\packages\system.text.json\8.0.0\analyzers\dotnet\roslyn3.11\cs\it\System.Text.Json.SourceGeneration.resources.dll /analyzer:C:\Users\runneradmin\.nuget\packages\system.text.json\8.0.0\analyzers\dotnet\roslyn3.11\cs\ja\System.Text.Json.SourceGeneration.resources.dll /analyzer:C:\Users\runneradmin\.nuget\packages\system.text.json\8.0.0\analyzers\dotnet\roslyn3.11\cs\ko\System.Text.Json.SourceGeneration.resources.dll /analyzer:C:\Users\runneradmin\.nuget\packages\system.text.json\8.0.0\analyzers\dotnet\roslyn3.11\cs\pl\System.Text.Json.SourceGeneration.resources.dll /analyzer:C:\Users\runneradmin\.nuget\packages\system.text.json\8.0.0\analyzers\dotnet\roslyn3.11\cs\pt-BR\System.Text.Json.SourceGeneration.resources.dll /analyzer:C:\Users\runneradmin\.nuget\packages\system.text.json\8.0.0\analyzers\dotnet\roslyn3.11\cs\ru\System.Text.Json.SourceGeneration.resources.dll /analyzer:C:\Users\runneradmin\.nuget\packages\system.text.json\8.0.0\analyzers\dotnet\roslyn3.11\cs\tr\System.Text.Json.SourceGeneration.resources.dll /analyzer:C:\Users\runneradmin\.nuget\packages\system.text.json\8.0.0\analyzers\dotnet\roslyn3.11\cs\zh-Hans\System.Text.Json.SourceGeneration.resources.dll /analyzer:C:\Users\runneradmin\.nuget\packages\system.text.json\8.0.0\analyzers\dotnet\roslyn3.11\cs\zh-Hant\System.Text.Json.SourceGeneration.resources.dll /additionalfile:C:\Users\runneradmin\.nuget\packages\microsoft.visualstudio.threading.analyzers\17.9.28\build\AdditionalFiles\vs-threading.LegacyThreadSwitchingMembers.txt /additionalfile:C:\Users\runneradmin\.nuget\packages\microsoft.visualstudio.threading.analyzers\17.9.28\build\AdditionalFiles\vs-threading.MainThreadAssertingMethods.txt /additionalfile:C:\Users\runneradmin\.nuget\packages\microsoft.visualstudio.threading.analyzers\17.9.28\build\AdditionalFiles\vs-threading.MainThreadSwitchingMethods.txt /additionalfile:C:\Users\runneradmin\.nuget\packages\microsoft.visualstudio.threading.analyzers\17.9.28\build\AdditionalFiles\vs-threading.MembersRequiringMainThread.txt /additionalfile:C:\Users\runneradmin\.nuget\packages\microsoft.visualstudio.sdk.analyzers\16.10.10\build\AdditionalFiles\BannedSymbols.txt /additionalfile:C:\Users\runneradmin\.nuget\packages\microsoft.visualstudio.sdk.analyzers\16.10.10\build\AdditionalFiles\vs-threading.LegacyThreadSwitchingMembers.txt /additionalfile:C:\Users\runneradmin\.nuget\packages\microsoft.visualstudio.sdk.analyzers\16.10.10\build\AdditionalFiles\vs-threading.MainThreadAssertingMethods.txt /additionalfile:C:\Users\runneradmin\.nuget\packages\microsoft.visualstudio.sdk.analyzers\16.10.10\build\AdditionalFiles\vs-threading.MainThreadSwitchingMethods.txt /additionalfile:C:\Users\runneradmin\.nuget\packages\microsoft.visualstudio.sdk.analyzers\16.10.10\build\AdditionalFiles\vs-threading.MembersRequiringMainThread.txt FormatSqlCommand.cs Formatting\AiFormatter.cs Formatting\CsvWriter.cs Formatting\ExcelClipboard.cs Formatting\XlsxWriter.cs Formatting\ScriptDomFormatter.cs Options\AiOptions.cs Options\FontConverters.cs Options\GeneralOptions.cs Options\HelpOptions.cs Properties\AssemblyInfo.cs PreviewWindow.xaml.cs SsmsSqlFormatterPackage.cs D:\a\SSMSSQLFormatter\SSMSSQLFormatter\src\SsmsSqlFormatter\obj\Release\PreviewWindow.g.cs "obj\Release\.NETFramework,Version=v4.8.AssemblyAttributes.cs"'
build-and-test	Build solution (Release)	2026-07-27T07:48:35.7241305Z          Attempting to create process 'C:\Program Files\Microsoft Visual Studio\18\Enterprise\MSBuild\Current\Bin\Roslyn\VBCSCompiler.exe' "-pipename:lk3GEFz8Fq7L5CzBTij4YT+Po32XgtYut3dBs3ahqvk"
build-and-test	Build solution (Release)	2026-07-27T07:48:35.7242174Z          Setting DOTNET_TieredCompilation to '0'
build-and-test	Build solution (Release)	2026-07-27T07:48:35.7242528Z          Successfully created process with process id 9372
build-and-test	Build solution (Release)	2026-07-27T07:48:35.7242977Z          Attempt to open named pipe 'lk3GEFz8Fq7L5CzBTij4YT+Po32XgtYut3dBs3ahqvk'
build-and-test	Build solution (Release)	2026-07-27T07:48:35.7243497Z          Attempt to connect named pipe 'lk3GEFz8Fq7L5CzBTij4YT+Po32XgtYut3dBs3ahqvk'
build-and-test	Build solution (Release)	2026-07-27T07:48:35.8859338Z          Named pipe 'lk3GEFz8Fq7L5CzBTij4YT+Po32XgtYut3dBs3ahqvk' connected
build-and-test	Build solution (Release)	2026-07-27T07:48:35.8884816Z          Begin writing request for SsmsSqlFormatter
build-and-test	Build solution (Release)	2026-07-27T07:48:35.9135621Z          End writing request for SsmsSqlFormatter
build-and-test	Build solution (Release)	2026-07-27T07:48:35.9136325Z          Begin reading response for SsmsSqlFormatter
build-and-test	Build solution (Release)	2026-07-27T07:48:39.9681384Z          End reading response for SsmsSqlFormatter
build-and-test	Build solution (Release)	2026-07-27T07:48:39.9746845Z      2>D:\a\SSMSSQLFormatter\SSMSSQLFormatter\src\SsmsSqlFormatter\FormatSqlCommand.cs(739,17): warning VSSDK006: Check whether the result of GetService calls is null. (https://github.com/Microsoft/VSSDK-Analyzers/blob/main/doc/VSSDK006.md) [D:\a\SSMSSQLFormatter\SSMSSQLFormatter\src\SsmsSqlFormatter\SsmsSqlFormatter.csproj]
build-and-test	Build solution (Release)	2026-07-27T07:48:39.9752167Z      2>D:\a\SSMSSQLFormatter\SSMSSQLFormatter\src\SsmsSqlFormatter\FormatSqlCommand.cs(654,17): warning VSSDK006: Check whether the result of GetService calls is null. (https://github.com/Microsoft/VSSDK-Analyzers/blob/main/doc/VSSDK006.md) [D:\a\SSMSSQLFormatter\SSMSSQLFormatter\src\SsmsSqlFormatter\SsmsSqlFormatter.csproj]
build-and-test	Build solution (Release)	2026-07-27T07:48:39.9756953Z      2>D:\a\SSMSSQLFormatter\SSMSSQLFormatter\src\SsmsSqlFormatter\FormatSqlCommand.cs(493,40): warning VSTHRD010: Accessing "SsmsSqlFormatter.FormatSqlCommand.GetActiveQueryText" should only be done on the main thread. Call Microsoft.VisualStudio.Shell.ThreadHelper.ThrowIfNotOnUIThread() first. (https://github.com/Microsoft/vs-threading/blob/main/doc/analyzers/VSTHRD010.md) [D:\a\SSMSSQLFormatter\SSMSSQLFormatter\src\SsmsSqlFormatter\SsmsSqlFormatter.csproj]
build-and-test	Build solution (Release)	2026-07-27T07:48:39.9760311Z      2>D:\a\SSMSSQLFormatter\SSMSSQLFormatter\src\SsmsSqlFormatter\FormatSqlCommand.cs(215,37): warning VSTHRD010: Accessing "SsmsSqlFormatter.FormatSqlCommand.AcquireResultsAsync" should only be done on the main thread. Await JoinableTaskFactory.SwitchToMainThreadAsync() first. (https://github.com/Microsoft/vs-threading/blob/main/doc/analyzers/VSTHRD010.md) [D:\a\SSMSSQLFormatter\SSMSSQLFormatter\src\SsmsSqlFormatter\SsmsSqlFormatter.csproj]
build-and-test	Build solution (Release)	2026-07-27T07:48:39.9763585Z      2>D:\a\SSMSSQLFormatter\SSMSSQLFormatter\src\SsmsSqlFormatter\FormatSqlCommand.cs(222,17): warning VSTHRD010: Accessing "SsmsSqlFormatter.FormatSqlCommand.ExportResults" should only be done on the main thread. Await JoinableTaskFactory.SwitchToMainThreadAsync() first. (https://github.com/Microsoft/vs-threading/blob/main/doc/analyzers/VSTHRD010.md) [D:\a\SSMSSQLFormatter\SSMSSQLFormatter\src\SsmsSqlFormatter\SsmsSqlFormatter.csproj]
build-and-test	Build solution (Release)	2026-07-27T07:48:39.9767496Z      2>D:\a\SSMSSQLFormatter\SSMSSQLFormatter\src\SsmsSqlFormatter\FormatSqlCommand.cs(224,17): warning VSTHRD010: Accessing "SsmsSqlFormatter.FormatSqlCommand.SetStatus" should only be done on the main thread. Await JoinableTaskFactory.SwitchToMainThreadAsync() first. (https://github.com/Microsoft/vs-threading/blob/main/doc/analyzers/VSTHRD010.md) [D:\a\SSMSSQLFormatter\SSMSSQLFormatter\src\SsmsSqlFormatter\SsmsSqlFormatter.csproj]
build-and-test	Build solution (Release)	2026-07-27T07:48:39.9770867Z      2>D:\a\SSMSSQLFormatter\SSMSSQLFormatter\src\SsmsSqlFormatter\FormatSqlCommand.cs(301,37): warning VSTHRD010: Accessing "SsmsSqlFormatter.FormatSqlCommand.AcquireResultsAsync" should only be done on the main thread. Await JoinableTaskFactory.SwitchToMainThreadAsync() first. (https://github.com/Microsoft/vs-threading/blob/main/doc/analyzers/VSTHRD010.md) [D:\a\SSMSSQLFormatter\SSMSSQLFormatter\src\SsmsSqlFormatter\SsmsSqlFormatter.csproj]
build-and-test	Build solution (Release)	2026-07-27T07:48:39.9774037Z      2>D:\a\SSMSSQLFormatter\SSMSSQLFormatter\src\SsmsSqlFormatter\FormatSqlCommand.cs(308,17): warning VSTHRD010: Accessing "SsmsSqlFormatter.FormatSqlCommand.ExportResults" should only be done on the main thread. Await JoinableTaskFactory.SwitchToMainThreadAsync() first. (https://github.com/Microsoft/vs-threading/blob/main/doc/analyzers/VSTHRD010.md) [D:\a\SSMSSQLFormatter\SSMSSQLFormatter\src\SsmsSqlFormatter\SsmsSqlFormatter.csproj]
build-and-test	Build solution (Release)	2026-07-27T07:48:39.9777120Z      2>D:\a\SSMSSQLFormatter\SSMSSQLFormatter\src\SsmsSqlFormatter\FormatSqlCommand.cs(310,17): warning VSTHRD010: Accessing "SsmsSqlFormatter.FormatSqlCommand.SetStatus" should only be done on the main thread. Await JoinableTaskFactory.SwitchToMainThreadAsync() first. (https://github.com/Microsoft/vs-threading/blob/main/doc/analyzers/VSTHRD010.md) [D:\a\SSMSSQLFormatter\SSMSSQLFormatter\src\SsmsSqlFormatter\SsmsSqlFormatter.csproj]
build-and-test	Build solution (Release)	2026-07-27T07:48:39.9780215Z      2>D:\a\SSMSSQLFormatter\SSMSSQLFormatter\src\SsmsSqlFormatter\FormatSqlCommand.cs(184,37): warning VSTHRD010: Accessing "SsmsSqlFormatter.FormatSqlCommand.AcquireResultsAsync" should only be done on the main thread. Await JoinableTaskFactory.SwitchToMainThreadAsync() first. (https://github.com/Microsoft/vs-threading/blob/main/doc/analyzers/VSTHRD010.md) [D:\a\SSMSSQLFormatter\SSMSSQLFormatter\src\SsmsSqlFormatter\SsmsSqlFormatter.csproj]
build-and-test	Build solution (Release)	2026-07-27T07:48:39.9783329Z      2>D:\a\SSMSSQLFormatter\SSMSSQLFormatter\src\SsmsSqlFormatter\FormatSqlCommand.cs(196,17): warning VSTHRD010: Accessing "SsmsSqlFormatter.FormatSqlCommand.SetStatus" should only be done on the main thread. Await JoinableTaskFactory.SwitchToMainThreadAsync() first. (https://github.com/Microsoft/vs-threading/blob/main/doc/analyzers/VSTHRD010.md) [D:\a\SSMSSQLFormatter\SSMSSQLFormatter\src\SsmsSqlFormatter\SsmsSqlFormatter.csproj]
build-and-test	Build solution (Release)	2026-07-27T07:48:39.9785581Z          CompilerServer: server - server processed compilation - SsmsSqlFormatter
build-and-test	Build solution (Release)	2026-07-27T07:48:39.9786431Z        ZipProjects:
build-and-test	Build solution (Release)	2026-07-27T07:48:39.9786736Z          Zipping ProjectTemplates
build-and-test	Build solution (Release)	2026-07-27T07:48:39.9787038Z          SsmsSqlFormatter -> 
build-and-test	Build solution (Release)	2026-07-27T07:48:39.9788043Z        ZipItems:
build-and-test	Build solution (Release)	2026-07-27T07:48:39.9788379Z          Zipping ItemTemplates
build-and-test	Build solution (Release)	2026-07-27T07:48:39.9793326Z          SsmsSqlFormatter -> 
build-and-test	Build solution (Release)	2026-07-27T07:48:40.0080912Z        _CopyFilesMarkedCopyLocal:
build-and-test	Build solution (Release)	2026-07-27T07:48:40.0083140Z          Copying file from "C:\Users\runneradmin\.nuget\packages\microsoft.sqlserver.transactsql.scriptdom\180.18.1\lib\net472\Microsoft.SqlServer.TransactSql.ScriptDom.pdb" to "D:\a\SSMSSQLFormatter\SSMSSQLFormatter\src\SsmsSqlFormatter\bin\Release\Microsoft.SqlServer.TransactSql.ScriptDom.pdb".
build-and-test	Build solution (Release)	2026-07-27T07:48:40.0087222Z          Copying file from "C:\Users\runneradmin\.nuget\packages\microsoft.sqlserver.transactsql.scriptdom\180.18.1\lib\net472\Microsoft.SqlServer.TransactSql.ScriptDom.dll" to "D:\a\SSMSSQLFormatter\SSMSSQLFormatter\src\SsmsSqlFormatter\bin\Release\Microsoft.SqlServer.TransactSql.ScriptDom.dll".
build-and-test	Build solution (Release)	2026-07-27T07:48:40.0090908Z          Creating directory "bin\Release\cs".
build-and-test	Build solution (Release)	2026-07-27T07:48:40.0094850Z          Copying file from "C:\Users\runneradmin\.nuget\packages\microsoft.sqlserver.transactsql.scriptdom\180.18.1\lib\net472\cs\Microsoft.SqlServer.TransactSql.ScriptDom.resources.dll" to "D:\a\SSMSSQLFormatter\SSMSSQLFormatter\src\SsmsSqlFormatter\bin\Release\cs\Microsoft.SqlServer.TransactSql.ScriptDom.resources.dll".
build-and-test	Build solution (Release)	2026-07-27T07:48:40.0096801Z          Creating directory "bin\Release\de".
build-and-test	Build solution (Release)	2026-07-27T07:48:40.0098142Z          Copying file from "C:\Users\runneradmin\.nuget\packages\microsoft.sqlserver.transactsql.scriptdom\180.18.1\lib\net472\de\Microsoft.SqlServer.TransactSql.ScriptDom.resources.dll" to "D:\a\SSMSSQLFormatter\SSMSSQLFormatter\src\SsmsSqlFormatter\bin\Release\de\Microsoft.SqlServer.TransactSql.ScriptDom.resources.dll".
build-and-test	Build solution (Release)	2026-07-27T07:48:40.0152456Z          Creating directory "bin\Release\fr".
build-and-test	Build solution (Release)	2026-07-27T07:48:40.0155860Z          Creating directory "bin\Release\es".
build-and-test	Build solution (Release)	2026-07-27T07:48:40.0162065Z          Copying file from "C:\Users\runneradmin\.nuget\packages\microsoft.sqlserver.transactsql.scriptdom\180.18.1\lib\net472\fr\Microsoft.SqlServer.TransactSql.ScriptDom.resources.dll" to "D:\a\SSMSSQLFormatter\SSMSSQLFormatter\src\SsmsSqlFormatter\bin\Release\fr\Microsoft.SqlServer.TransactSql.ScriptDom.resources.dll".
build-and-test	Build solution (Release)	2026-07-27T07:48:40.0180191Z          Copying file from "C:\Users\runneradmin\.nuget\packages\microsoft.sqlserver.transactsql.scriptdom\180.18.1\lib\net472\es\Microsoft.SqlServer.TransactSql.ScriptDom.resources.dll" to "D:\a\SSMSSQLFormatter\SSMSSQLFormatter\src\SsmsSqlFormatter\bin\Release\es\Microsoft.SqlServer.TransactSql.ScriptDom.resources.dll".
build-and-test	Build solution (Release)	2026-07-27T07:48:40.0183630Z          Creating directory "bin\Release\it".
build-and-test	Build solution (Release)	2026-07-27T07:48:40.0194043Z          Copying file from "C:\Users\runneradmin\.nuget\packages\microsoft.sqlserver.transactsql.scriptdom\180.18.1\lib\net472\it\Microsoft.SqlServer.TransactSql.ScriptDom.resources.dll" to "D:\a\SSMSSQLFormatter\SSMSSQLFormatter\src\SsmsSqlFormatter\bin\Release\it\Microsoft.SqlServer.TransactSql.ScriptDom.resources.dll".
build-and-test	Build solution (Release)	2026-07-27T07:48:40.0196747Z          Creating directory "bin\Release\ja".
build-and-test	Build solution (Release)	2026-07-27T07:48:40.0197112Z          Creating directory "bin\Release\ko".
build-and-test	Build solution (Release)	2026-07-27T07:48:40.0197401Z          Creating directory "bin\Release\pl".
build-and-test	Build solution (Release)	2026-07-27T07:48:40.0198754Z          Copying file from "C:\Users\runneradmin\.nuget\packages\microsoft.sqlserver.transactsql.scriptdom\180.18.1\lib\net472\ja\Microsoft.SqlServer.TransactSql.ScriptDom.resources.dll" to "D:\a\SSMSSQLFormatter\SSMSSQLFormatter\src\SsmsSqlFormatter\bin\Release\ja\Microsoft.SqlServer.TransactSql.ScriptDom.resources.dll".
build-and-test	Build solution (Release)	2026-07-27T07:48:40.0201336Z          Copying file from "C:\Users\runneradmin\.nuget\packages\microsoft.sqlserver.transactsql.scriptdom\180.18.1\lib\net472\ko\Microsoft.SqlServer.TransactSql.ScriptDom.resources.dll" to "D:\a\SSMSSQLFormatter\SSMSSQLFormatter\src\SsmsSqlFormatter\bin\Release\ko\Microsoft.SqlServer.TransactSql.ScriptDom.resources.dll".
build-and-test	Build solution (Release)	2026-07-27T07:48:40.0203633Z          Copying file from "C:\Users\runneradmin\.nuget\packages\microsoft.sqlserver.transactsql.scriptdom\180.18.1\lib\net472\pl\Microsoft.SqlServer.TransactSql.ScriptDom.resources.dll" to "D:\a\SSMSSQLFormatter\SSMSSQLFormatter\src\SsmsSqlFormatter\bin\Release\pl\Microsoft.SqlServer.TransactSql.ScriptDom.resources.dll".
build-and-test	Build solution (Release)	2026-07-27T07:48:40.0205309Z          Creating directory "bin\Release\pt-BR".
build-and-test	Build solution (Release)	2026-07-27T07:48:40.0206642Z          Copying file from "C:\Users\runneradmin\.nuget\packages\microsoft.sqlserver.transactsql.scriptdom\180.18.1\lib\net472\pt-BR\Microsoft.SqlServer.TransactSql.ScriptDom.resources.dll" to "D:\a\SSMSSQLFormatter\SSMSSQLFormatter\src\SsmsSqlFormatter\bin\Release\pt-BR\Microsoft.SqlServer.TransactSql.ScriptDom.resources.dll".
build-and-test	Build solution (Release)	2026-07-27T07:48:40.0207981Z          Creating directory "bin\Release\ru".
build-and-test	Build solution (Release)	2026-07-27T07:48:40.0208257Z          Creating directory "bin\Release\tr".
build-and-test	Build solution (Release)	2026-07-27T07:48:40.0208533Z          Creating directory "bin\Release\zh-Hans".
build-and-test	Build solution (Release)	2026-07-27T07:48:40.0208817Z          Creating directory "bin\Release\zh-Hant".
build-and-test	Build solution (Release)	2026-07-27T07:48:40.0210104Z          Copying file from "C:\Users\runneradmin\.nuget\packages\microsoft.sqlserver.transactsql.scriptdom\180.18.1\lib\net472\ru\Microsoft.SqlServer.TransactSql.ScriptDom.resources.dll" to "D:\a\SSMSSQLFormatter\SSMSSQLFormatter\src\SsmsSqlFormatter\bin\Release\ru\Microsoft.SqlServer.TransactSql.ScriptDom.resources.dll".
build-and-test	Build solution (Release)	2026-07-27T07:48:40.0213023Z          Copying file from "C:\Users\runneradmin\.nuget\packages\microsoft.sqlserver.transactsql.scriptdom\180.18.1\lib\net472\tr\Microsoft.SqlServer.TransactSql.ScriptDom.resources.dll" to "D:\a\SSMSSQLFormatter\SSMSSQLFormatter\src\SsmsSqlFormatter\bin\Release\tr\Microsoft.SqlServer.TransactSql.ScriptDom.resources.dll".
build-and-test	Build solution (Release)	2026-07-27T07:48:40.0215530Z          Copying file from "C:\Users\runneradmin\.nuget\packages\microsoft.sqlserver.transactsql.scriptdom\180.18.1\lib\net472\zh-Hans\Microsoft.SqlServer.TransactSql.ScriptDom.resources.dll" to "D:\a\SSMSSQLFormatter\SSMSSQLFormatter\src\SsmsSqlFormatter\bin\Release\zh-Hans\Microsoft.SqlServer.TransactSql.ScriptDom.resources.dll".
build-and-test	Build solution (Release)	2026-07-27T07:48:40.0217874Z          Copying file from "C:\Users\runneradmin\.nuget\packages\microsoft.sqlserver.transactsql.scriptdom\180.18.1\lib\net472\zh-Hant\Microsoft.SqlServer.TransactSql.ScriptDom.resources.dll" to "D:\a\SSMSSQLFormatter\SSMSSQLFormatter\src\SsmsSqlFormatter\bin\Release\zh-Hant\Microsoft.SqlServer.TransactSql.ScriptDom.resources.dll".
build-and-test	Build solution (Release)	2026-07-27T07:48:40.0219741Z          Copying file from "C:\Users\runneradmin\.nuget\packages\newtonsoft.json\13.0.3\lib\net45\Newtonsoft.Json.dll" to "D:\a\SSMSSQLFormatter\SSMSSQLFormatter\src\SsmsSqlFormatter\bin\Release\Newtonsoft.Json.dll".
build-and-test	Build solution (Release)	2026-07-27T07:48:40.0220967Z          Creating "D:\a\SSMSSQLFormatter\SSMSSQLFormatter\src\SsmsSqlFormatter\obj\Release\SsmsSqlF.0FFF34DD.Up2Date" because "AlwaysCreate" was specified.
build-and-test	Build solution (Release)	2026-07-27T07:48:40.0221859Z          Touching "D:\a\SSMSSQLFormatter\SSMSSQLFormatter\src\SsmsSqlFormatter\obj\Release\SsmsSqlF.0FFF34DD.Up2Date".
build-and-test	Build solution (Release)	2026-07-27T07:48:40.0239524Z        CopyFilesToOutputDirectory:
build-and-test	Build solution (Release)	2026-07-27T07:48:40.0241217Z          Copying file from "D:\a\SSMSSQLFormatter\SSMSSQLFormatter\src\SsmsSqlFormatter\obj\Release\SsmsSqlFormatter.dll" to "D:\a\SSMSSQLFormatter\SSMSSQLFormatter\src\SsmsSqlFormatter\bin\Release\SsmsSqlFormatter.dll".
build-and-test	Build solution (Release)	2026-07-27T07:48:40.0246934Z          SsmsSqlFormatter -> D:\a\SSMSSQLFormatter\SSMSSQLFormatter\src\SsmsSqlFormatter\bin\Release\SsmsSqlFormatter.dll
build-and-test	Build solution (Release)	2026-07-27T07:48:40.0251343Z          Copying file from "D:\a\SSMSSQLFormatter\SSMSSQLFormatter\src\SsmsSqlFormatter\obj\Release\SsmsSqlFormatter.pdb" to "D:\a\SSMSSQLFormatter\SSMSSQLFormatter\src\SsmsSqlFormatter\bin\Release\SsmsSqlFormatter.pdb".
build-and-test	Build solution (Release)	2026-07-27T07:48:40.0257654Z        GeneratePkgDef:
build-and-test	Build solution (Release)	2026-07-27T07:48:40.0258056Z          Creating intermediate PkgDef file.
build-and-test	Build solution (Release)	2026-07-27T07:48:40.0305596Z          C:\Users\runneradmin\.nuget\packages\microsoft.vssdk.buildtools\17.9.3168\tools\VSSDK\bin\CreatePkgDef.exe /out=obj\Release\SsmsSqlFormatter.latest.pkgdef
build-and-test	Build solution (Release)	2026-07-27T07:48:40.0306925Z          /viaBuildTask
build-and-test	Build solution (Release)	2026-07-27T07:48:40.0307223Z          /codebase
build-and-test	Build solution (Release)	2026-07-27T07:48:40.0415889Z          /i=C:\Users\runneradmin\.nuget\packages\microsoft.sqlserver.transactsql.scriptdom\180.18.1\lib\net472\Microsoft.SqlServer.TransactSql.ScriptDom.dll;C:\Users\runneradmin\.nuget\packages\microsoft.sqlserver.transactsql.scriptdom\180.18.1\lib\net472\Microsoft.SqlServer.TransactSql.ScriptDom.pdb;C:\Users\runneradmin\.nuget\packages\microsoft.sqlserver.transactsql.scriptdom\180.18.1\lib\net472\cs\Microsoft.SqlServer.TransactSql.ScriptDom.resources.dll;C:\Users\runneradmin\.nuget\packages\microsoft.sqlserver.transactsql.scriptdom\180.18.1\lib\net472\de\Microsoft.SqlServer.TransactSql.ScriptDom.resources.dll;C:\Users\runneradmin\.nuget\packages\microsoft.sqlserver.transactsql.scriptdom\180.18.1\lib\net472\es\Microsoft.SqlServer.TransactSql.ScriptDom.resources.dll;C:\Users\runneradmin\.nuget\packages\microsoft.sqlserver.transactsql.scriptdom\180.18.1\lib\net472\fr\Microsoft.SqlServer.TransactSql.ScriptDom.resources.dll;C:\Users\runneradmin\.nuget\packages\microsoft.sqlserver.transactsql.scriptdom\180.18.1\lib\net472\it\Microsoft.SqlServer.TransactSql.ScriptDom.resources.dll;C:\Users\runneradmin\.nuget\packages\microsoft.sqlserver.transactsql.scriptdom\180.18.1\lib\net472\ja\Microsoft.SqlServer.TransactSql.ScriptDom.resources.dll;C:\Users\runneradmin\.nuget\packages\microsoft.sqlserver.transactsql.scriptdom\180.18.1\lib\net472\ko\Microsoft.SqlServer.TransactSql.ScriptDom.resources.dll;C:\Users\runneradmin\.nuget\packages\microsoft.sqlserver.transactsql.scriptdom\180.18.1\lib\net472\pl\Microsoft.SqlServer.TransactSql.ScriptDom.resources.dll;C:\Users\runneradmin\.nuget\packages\microsoft.sqlserver.transactsql.scriptdom\180.18.1\lib\net472\pt-BR\Microsoft.SqlServer.TransactSql.ScriptDom.resources.dll;C:\Users\runneradmin\.nuget\packages\microsoft.sqlserver.transactsql.scriptdom\180.18.1\lib\net472\ru\Microsoft.SqlServer.TransactSql.ScriptDom.resources.dll;C:\Users\runneradmin\.nuget\packages\microsoft.sqlserver.transactsql.scriptdom\180.18.1\lib\net472\tr\Microsoft.SqlServer.TransactSql.ScriptDom.resources.dll;C:\Users\runneradmin\.nuget\packages\microsoft.sqlserver.transactsql.scriptdom\180.18.1\lib\net472\zh-Hans\Microsoft.SqlServer.TransactSql.ScriptDom.resources.dll;C:\Users\runneradmin\.nuget\packages\microsoft.sqlserver.transactsql.scriptdom\180.18.1\lib\net472\zh-Hant\Microsoft.SqlServer.TransactSql.ScriptDom.resources.dll;C:\Users\runneradmin\.nuget\packages\newtonsoft.json\13.0.3\lib\net45\Newtonsoft.Json.dll;C:\Users\runneradmin\.nuget\packages\envdte\17.9.37000\lib\net472\envdte.dll;C:\Users\runneradmin\.nuget\packages\envdte100\17.9.37000\lib\net472\envdte100.dll;C:\Users\runneradmin\.nuget\packages\envdte80\17.9.37000\lib\net472\envdte80.dll;C:\Users\runneradmin\.nuget\packages\envdte90\17.9.37000\lib\net472\envdte90.dll;C:\Users\runneradmin\.nuget\packages\envdte90a\17.9.37000\lib\net472\envdte90a.dll;C:\Users\runneradmin\.nuget\packages\messagepack.annotations\2.5.108\lib\netstandard2.0\MessagePack.Annotations.dll;C:\Users\runneradmin\.nuget\packages\messagepack\2.5.108\lib\netstandard2.0\MessagePack.dll;C:\Users\runneradmin\.nuget\packages\microsoft.bcl.asyncinterfaces\8.0.0\lib\net462\Microsoft.Bcl.AsyncInterfaces.dll;C:\Users\runneradmin\.nuget\packages\microsoft.build.framework\17.9.5\ref\net472\Microsoft.Build.Framework.dll;C:\Users\runneradmin\.nuget\packages\microsoft.io.redist\6.0.0\lib\net472\Microsoft.IO.Redist.dll;C:\Users\runneradmin\.nuget\packages\microsoft.servicehub.framework\4.4.22\lib\net472\Microsoft.ServiceHub.Framework.dll;C:\Users\runneradmin\.nuget\packages\microsoft.servicehub.resources\4.4.4171\lib\net472\Microsoft.ServiceHub.Resources.dll;C:\Users\runneradmin\.nuget\packages\microsoft.sqlserver.transactsql.scriptdom\180.18.1\lib\net472\Microsoft.SqlServer.TransactSql.ScriptDom.dll;C:\Users\runneradmin\.nuget\packages\microsoft.visualstudio.commandbars\17.9.37000\lib\net472\Microsoft.VisualStudio.CommandBars.dll;C:\Users\runneradmin\.nuget\packages\microsoft.visualstudio.componentmodelhost\17.9.187\lib\net472\Microsoft.VisualStudio.ComponentModelHost.dll;C:\Users\runneradmin\.nuget\packages\microsoft.visualstudio.composition\17.7.40\lib\net472\Microsoft.VisualStudio.Composition.dll;C:\Users\runneradmin\.nuget\packages\microsoft.visualstudio.coreutility\17.9.187\lib\net472\Microsoft.VisualStudio.CoreUtility.dll;C:\Users\runneradmin\.nuget\packages\microsoft.visualstudio.debugger.interop.10.0\17.9.37000\lib\net472\Microsoft.VisualStudio.Debugger.Interop.10.0.dll;C:\Users\runneradmin\.nuget\packages\microsoft.visualstudio.debugger.interop.12.0\17.9.37000\lib\net472\Microsoft.VisualStudio.Debugger.Interop.12.0.dll;C:\Users\runneradmin\.nuget\packages\microsoft.visualstudio.debugger.interop.14.0\17.9.37000\lib\net472\Microsoft.VisualStudio.Debugger.Interop.14.0.dll;C:\Users\runneradmin\.nuget\packages\microsoft.visualstudio.debugger.interop.15.0\17.9.37000\lib\net472\Microsoft.VisualStudio.Debugger.Interop.15.0.dll;C:\Users\runneradmin\.nuget\packages\microsoft.visualstudio.debugger.interop.16.0\17.9.37000\lib\net472\Microsoft.VisualStudio.Debugger.Interop.16.0.dll;C:\Users\runneradmin\.nuget\packages\microsoft.visualstudio.debugger.interopa\17.9.37000\lib\net472\Microsoft.VisualStudio.Debugger.InteropA.dll;C:\Users\runneradmin\.nuget\packages\microsoft.visualstudio.designer.interfaces\17.9.37000\lib\net472\Microsoft.VisualStudio.Designer.Interfaces.dll;C:\Users\runneradmin\.nuget\packages\microsoft.visualstudio.editor\17.9.187\lib\net472\Microsoft.VisualStudio.Editor.dll;C:\Users\runneradmin\.nuget\packages\microsoft.visualstudio.graphmodel\17.9.37000\lib\net472\Microsoft.VisualStudio.GraphModel.dll;C:\Users\runneradmin\.nuget\packages\microsoft.visualstudio.imagecatalog\17.9.37000\lib\net472\Microsoft.VisualStudio.ImageCatalog.dll;C:\Users\runneradmin\.nuget\packages\microsoft.visualstudio.imaging\17.9.37000\lib\net472\Microsoft.VisualStudio.Imaging.dll;C:\Users\runneradmin\.nuget\packages\microsoft.visualstudio.imaging.interop.14.0.designtime\17.9.37000\lib\net472\Microsoft.VisualStudio.Imaging.Interop.14.0.DesignTime.dll;C:\Users\runneradmin\.nuget\packages\microsoft.visualstudio.interop\17.9.37000\lib\net472\Microsoft.VisualStudio.Interop.dll;C:\Users\runneradmin\.nuget\packages\microsoft.visualstudio.language\17.9.187\lib\net472\Microsoft.VisualStudio.Language.dll;C:\Users\runneradmin\.nuget\packages\microsoft.visualstudio.language.intellisense\17.9.187\lib\net472\Microsoft.VisualStudio.Language.Intellisense.dll;C:\Users\runneradmin\.nuget\packages\microsoft.visualstudio.language.navigateto.interfaces\17.9.187\lib\net472\Microsoft.VisualStudio.Language.NavigateTo.Interfaces.dll;C:\Users\runneradmin\.nuget\packages\microsoft.visualstudio.language.standardclassification\17.9.187\lib\net472\Microsoft.VisualStudio.Language.StandardClassification.dll;C:\Users\runneradmin\.nuget\packages\microsoft.visualstudio.languageserver.client\17.9.46\lib\net472\Microsoft.VisualStudio.LanguageServer.Client.dll;C:\Users\runneradmin\.nuget\packages\microsoft.visualstudio.linux.connectionmanager.store\17.9.37000\lib\net472\Microsoft.VisualStudio.Linux.ConnectionManager.Store.dll;C:\Users\runneradmin\.nuget\packages\microsoft.visualstudio.ole.interop\17.9.37000\lib\net472\Microsoft.VisualStudio.OLE.Interop.dll;C:\Users\runneradmin\.nuget\packages\microsoft.visualstudio.package.languageservice.15.0\17.9.37000\lib\net472\Microsoft.VisualStudio.Package.LanguageService.15.0.dll;C:\Users\runneradmin\.nuget\packages\microsoft.visualstudio.projectaggregator\17.9.37000\lib\net472\Microsoft.VisualStudio.ProjectAggregator.dll;C:\Users\runneradmin\.nuget\packages\microsoft.visualstudio.remotecontrol\16.3.52\lib\net45\Microsoft.VisualStudio.RemoteControl.dll;C:\Users\runneradmin\.nuget\packages\microsoft.visualstudio.rpccontracts\17.9.7\lib\netstandard2.0\Microsoft.VisualStudio.RpcContracts.dll;C:\Users\runneradmin\.nuget\packages\microsoft.visualstudio.setup.configuration.interop\3.9.2164\lib\net35\Microsoft.VisualStudio.Setup.Configuration.Interop.dll;C:\Users\runneradmin\.nuget\packages\microsoft.visualstudio.shell.15.0\17.9.37000\lib\net472\Microsoft.VisualStudio.Shell.15.0.dll;C:\Users\runneradmin\.nuget\packages\microsoft.visualstudio.shell.design\17.9.37000\lib\net472\Microsoft.VisualStudio.Shell.Design.dll;C:\Users\runneradmin\.nuget\packages\microsoft.visualstudio.shell.framework\17.9.37000\lib\net472\Microsoft.VisualStudio.Shell.Framework.dll;C:\Users\runneradmin\.nuget\packages\microsoft.visualstudio.shell.interop.10.0\17.9.37000\lib\net472\Microsoft.VisualStudio.Shell.Interop.10.0.dll;C:\Users\runneradmin\.nuget\packages\microsoft.visualstudio.shell.interop.11.0\17.9.37000\lib\net472\Microsoft.VisualStudio.Shell.Interop.11.0.dll;C:\Users\runneradmin\.nuget\packages\microsoft.visualstudio.shell.interop.12.0\17.9.37000\lib\net472\Microsoft.VisualStudio.Shell.Interop.12.0.dll;C:\Users\runneradmin\.nuget\packages\microsoft.visualstudio.shell.interop.8.0\17.9.37000\lib\net472\Microsoft.VisualStudio.Shell.Interop.8.0.dll;C:\Users\runneradmin\.nuget\packages\microsoft.visualstudio.shell.interop.9.0\17.9.37000\lib\net472\Microsoft.VisualStudio.Shell.Interop.9.0.dll;C:\Users\runneradmin\.nuget\packages\microsoft.visualstudio.shell.interop\17.9.37000\lib\net472\Microsoft.VisualStudio.Shell.Interop.dll;C:\Users\runneradmin\.nuget\packages\microsoft.visualstudio.taskrunnerexplorer.14.0\14.0.0\lib\net40\Microsoft.VisualStudio.TaskRunnerExplorer.14.0.dll;C:\Users\runneradmin\.nuget\packages\microsoft.visualstudio.telemetry\17.9.305\lib\net45\Microsoft.VisualStudio.Telemetry.dll;C:\Users\runneradmin\.nuget\packages\microsoft.visualstudio.text.data\17.9.187\lib\net472\Microsoft.VisualStudio.Text.Data.dll;C:\Users\runneradmin\.nuget\packages\microsoft.visualstudio.text.logic\17.9.187\lib\net472\Microsoft.VisualStudio.Text.Logic.dll;C:\Users\runneradmin\.nuget\packages\microsoft.visualstudio.text.ui\17.9.187\lib\net472\Microsoft.VisualStudio.Text.UI.dll;C:\Users\runneradmin\.nuget\packages\microsoft.visualstudio.text.ui.wpf\17.9.187\lib\net472\Microsoft.VisualStudio.Text.UI.Wpf.dll;C:\Users\runneradmin\.nuget\packages\microsoft.visualstudio.textmanager.interop.10.0\17.9.37000\lib\net472\Microsoft.VisualStudio.TextManager.Interop.10.0.dll;C:\Users\runneradmin\.nuget\packages\microsoft.visualstudio.textmanager.interop.11.0\17.9.37000\lib\net472\Microsoft.VisualStudio.TextManager.Interop.11.0.dll;C:\Users\runneradmin\.nuget\packages\microsoft.visualstudio.textmanager.interop.12.0\17.9.37000\lib\net472\Microsoft.VisualStudio.TextManager.Interop.12.0.dll;C:\Users\runneradmin\.nuget\packages\microsoft.visualstudio.textmanager.interop.8.0\17.9.37000\lib\net472\Microsoft.VisualStudio.TextManager.Interop.8.0.dll;C:\Users\runneradmin\.nuget\packages\microsoft.visualstudio.textmanager.interop.9.0\17.9.37000\lib\net472\Microsoft.VisualStudio.TextManager.Interop.9.0.dll;C:\Users\runneradmin\.nuget\packages\microsoft.visualstudio.textmanager.interop\17.9.37000\lib\net472\Microsoft.VisualStudio.TextManager.Interop.dll;C:\Users\runneradmin\.nuget\packages\microsoft.visualstudio.texttemplating.vshost\17.9.37000\lib\net472\Microsoft.VisualStudio.TextTemplating.VSHost.dll;C:\Users\runneradmin\.nuget\packages\microsoft.visualstudio.threading\17.9.28\lib\net472\Microsoft.VisualStudio.Threading.dll;C:\Users\runneradmin\.nuget\packages\microsoft.visualstudio.utilities\17.9.37000\lib\net472\Microsoft.VisualStudio.Utilities.dll;C:\Users\runneradmin\.nuget\packages\microsoft.visualstudio.validation\17.8.8\lib\netstandard2.0\Microsoft.VisualStudio.Validation.dll;C:\Users\runneradmin\.nuget\packages\microsoft.visualstudio.vcprojectengine\17.9.37000\lib\net472\Microsoft.VisualStudio.VCProjectEngine.dll;C:\Users\runneradmin\.nuget\packages\microsoft.visualstudio.vshelp\17.9.37000\lib\net472\Microsoft.VisualStudio.VSHelp.dll;C:\Users\runneradmin\.nuget\packages\microsoft.visualstudio.vshelp80\17.9.37000\lib\net472\Microsoft.VisualStudio.VSHelp80.dll;C:\Users\runneradmin\.nuget\packages\microsoft.visualstudio.wcfreference.interop\17.9.37000\lib\net472\Microsoft.VisualStudio.WCFReference.Interop.dll;C:\Users\runneradmin\.nuget\packages\microsoft.visualstudio.web.browserlink.12.0\12.0.0\lib\net40\Microsoft.VisualStudio.Web.BrowserLink.12.0.dll;C:\Program Files (x86)\Reference Assemblies\Microsoft\Framework\.NETFramework\v4.8\Facades\Microsoft.Win32.Primitives.dll;C:\Users\runneradmin\.nuget\packages\microsoft.win32.registry\5.0.0\ref\net461\Microsoft.Win32.Registry.dll;C:\Program Files (x86)\Reference Assemblies\Microsoft\Framework\.NETFramework\v4.8\mscorlib.dll;C:\Users\runneradmin\.nuget\packages\nerdbank.streams\2.10.69\lib\netstandard2.0\Nerdbank.Streams.dll;C:\Users\runneradmin\.nuget\packages\newtonsoft.json\13.0.3\lib\net45\Newtonsoft.Json.dll;C:\Program Files (x86)\Reference Assemblies\Microsoft\Framework\.NETFramework\v4.8\PresentationCore.dll;C:\Program Files (x86)\Reference Assemblies\Microsoft\Framework\.NETFramework\v4.8\PresentationFramework.dll;C:\Users\runneradmin\.nuget\packages\stdole\17.9.37000\lib\net472\stdole.dll;C:\Users\runneradmin\.nuget\packages\streamjsonrpc\2.17.11\lib\netstandard2.0\StreamJsonRpc.dll;C:\Users\runneradmin\.nuget\packages\system.buffers\4.5.1\ref\net45\System.Buffers.dll;C:\Users\runneradmin\.nuget\packages\system.collections.immutable\8.0.0\lib\net462\System.Collections.Immutable.dll;C:\Users\runneradmin\.nuget\packages\system.composition.attributedmodel\8.0.0\lib\net462\System.Composition.AttributedModel.dll;C:\Users\runneradmin\.nuget\packages\system.composition.convention\8.0.0\lib\net462\System.Composition.Convention.dll;C:\Users\runneradmin\.nuget\packages\system.composition.hosting\8.0.0\lib\net462\System.Composition.Hosting.dll;C:\Users\runneradmin\.nuget\packages\system.composition.runtime\8.0.0\lib\net462\System.Composition.Runtime.dll;C:\Users\runneradmin\.nuget\packages\system.composition.typedparts\8.0.0\lib\net462\System.Composition.TypedParts.dll;C:\Program Files (x86)\Reference Assemblies\Microsoft\Framework\.NETFramework\v4.8\System.Core.dll;C:\Program Files (x86)\Reference Assemblies\Microsoft\Framework\.NETFramework\v4.8\System.Design.dll;C:\Users\runneradmin\.nuget\packages\system.diagnostics.diagnosticsource\8.0.0\lib\net462\System.Diagnostics.DiagnosticSource.dll;C:\Program Files (x86)\Reference Assemblies\Microsoft\Framework\.NETFramework\v4.8\System.dll;C:\Program Files (x86)\Reference Assemblies\Microsoft\Framework\.NETFramework\v4.8\System.Drawing.dll;C:\Program Files (x86)\Reference Assemblies\Microsoft\Framework\.NETFramework\v4.8\System.IO.Compression.dll;C:\Program Files (x86)\Reference Assemblies\Microsoft\Framework\.NETFramework\v4.8\System.IO.Compression.FileSystem.dll;C:\Users\runneradmin\.nuget\packages\system.io.pipelines\8.0.0\lib\net462\System.IO.Pipelines.dll;C:\Users\runneradmin\.nuget\packages\system.memory\4.5.5\lib\net461\System.Memory.dll;C:\Program Files (x86)\Reference Assemblies\Microsoft\Framework\.NETFramework\v4.8\System.Net.Http.dll;C:\Users\runneradmin\.nuget\packages\system.numerics.vectors\4.5.0\ref\net46\System.Numerics.Vectors.dll;C:\Users\runneradmin\.nuget\packages\system.reflection.metadata\8.0.0\lib\net462\System.Reflection.Metadata.dll;C:\Program Files (x86)\Reference Assemblies\Microsoft\Framework\.NETFramework\v4.8\System.Runtime.Caching.dll;C:\Users\runneradmin\.nuget\packages\system.runtime.compilerservices.unsafe\6.0.0\lib\net461\System.Runtime.CompilerServices.Unsafe.dll;C:\Users\runneradmin\.nuget\packages\system.security.accesscontrol\6.0.0\lib\net461\System.Security.AccessControl.dll;C:\Users\runneradmin\.nuget\packages\system.security.principal.windows\5.0.0\ref\net461\System.Security.Principal.Windows.dll;C:\Users\runneradmin\.nuget\packages\system.text.encodings.web\8.0.0\lib\net462\System.Text.Encodings.Web.dll;C:\Users\runneradmin\.nuget\packages\system.text.json\8.0.0\lib\net462\System.Text.Json.dll;C:\Users\runneradmin\.nuget\packages\system.threading.accesscontrol\8.0.0\lib\net462\System.Threading.AccessControl.dll;C:\Users\runneradmin\.nuget\packages\system.threading.tasks.dataflow\8.0.0\lib\net462\System.Threading.Tasks.Dataflow.dll;C:\Users\runneradmin\.nuget\packages\system.threading.tasks.extensions\4.5.4\lib\net461\System.Threading.Tasks.Extensions.dll;C:\Users\runneradmin\.nuget\packages\system.valuetuple\4.5.0\ref\net47\System.ValueTuple.dll;C:\Program Files (x86)\Reference Assemblies\Microsoft\Framework\.NETFramework\v4.8\System.Windows.Forms.dll;C:\Program Files (x86)\Reference Assemblies\Microsoft\Framework\.NETFramework\v4.8\System.Xaml.dll;C:\Program Files (x86)\Reference Assemblies\Microsoft\Framework\.NETFramework\v4.8\System.Xml.dll;C:\Program Files (x86)\Reference Assemblies\Microsoft\Framework\.NETFramework\v4.8\System.Xml.Linq.dll;C:\Users\runneradmin\.nuget\packages\vslangproj\17.9.37000\lib\net472\VSLangProj.dll;C:\Users\runneradmin\.nuget\packages\vslangproj100\17.9.37000\lib\net472\VSLangProj100.dll;C:\Users\runneradmin\.nuget\packages\vslangproj110\17.9.37000\lib\net472\VSLangProj110.dll;C:\Users\runneradmin\.nuget\packages\vslangproj140\17.9.37000\lib\net472\VSLangProj140.dll;C:\Users\runneradmin\.nuget\packages\vslangproj150\17.9.37000\lib\net472\VSLangProj150.dll;C:\Users\runneradmin\.nuget\packages\vslangproj157\17.9.37000\lib\net472\VSLangProj157.dll;C:\Users\runneradmin\.nuget\packages\vslangproj158\17.9.37000\lib\net472\VSLangProj158.dll;C:\Users\runneradmin\.nuget\packages\vslangproj165\17.9.37000\lib\net472\VSLangProj165.dll;C:\Users\runneradmin\.nuget\packages\vslangproj2\17.9.37000\lib\net472\VSLangProj2.dll;C:\Users\runneradmin\.nuget\packages\vslangproj80\17.9.37000\lib\net472\VSLangProj80.dll;C:\Users\runneradmin\.nuget\packages\vslangproj90\17.9.37000\lib\net472\VSLangProj90.dll;C:\Program Files (x86)\Reference Assemblies\Microsoft\Framework\.NETFramework\v4.8\WindowsBase.dll;C:\Program Files (x86)\Reference Assemblies\Microsoft\Framework\.NETFramework\v4.8\Facades\netstandard.dll
build-and-test	Build solution (Release)	2026-07-27T07:48:40.0494332Z          D:\a\SSMSSQLFormatter\SSMSSQLFormatter\src\SsmsSqlFormatter\bin\Release\SsmsSqlFormatter.dll
build-and-test	Build solution (Release)	2026-07-27T07:48:40.0494816Z          
build-and-test	Build solution (Release)	2026-07-27T07:48:40.5903733Z          Copying file from "obj\Release\SsmsSqlFormatter.latest.pkgdef" to "obj\Release\SsmsSqlFormatter.pkgdef".
build-and-test	Build solution (Release)	2026-07-27T07:48:40.5911171Z          Touching "obj\Release\SsmsSqlFormatter.pkgdef".
build-and-test	Build solution (Release)	2026-07-27T07:48:40.5917747Z        CopyPkgDef:
build-and-test	Build solution (Release)	2026-07-27T07:48:40.5919362Z          Copying file from "D:\a\SSMSSQLFormatter\SSMSSQLFormatter\src\SsmsSqlFormatter\obj\Release\SsmsSqlFormatter.pkgdef" to "D:\a\SSMSSQLFormatter\SSMSSQLFormatter\src\SsmsSqlFormatter\bin\Release\SsmsSqlFormatter.pkgdef".
build-and-test	Build solution (Release)	2026-07-27T07:48:40.6462974Z        CreateVsixContainer:
build-and-test	Build solution (Release)	2026-07-27T07:48:40.6463430Z          Creating VSIX Container...
build-and-test	Build solution (Release)	2026-07-27T07:48:40.6500901Z          C:\Users\runneradmin\.nuget\packages\microsoft.vssdk.buildtools\17.9.3168\tools\VSSDK\bin\VsixUtil.exe package -sourceManifest "obj\Release\extension.vsixmanifest" -outputPath "bin\Release\SsmsSqlFormatter.vsix" -files "obj\Release\\files.json" -compressionLevel "Normal" -is64BitBuild 
build-and-test	Build solution (Release)	2026-07-27T07:48:41.5678659Z          SsmsSqlFormatter -> D:\a\SSMSSQLFormatter\SSMSSQLFormatter\src\SsmsSqlFormatter\bin\Release\SsmsSqlFormatter.vsix
build-and-test	Build solution (Release)	2026-07-27T07:48:41.5724980Z        VsixCompatibilityAnalyzer:
build-and-test	Build solution (Release)	2026-07-27T07:48:41.5725502Z          Executing CompatibilityAnalyzer..
build-and-test	Build solution (Release)	2026-07-27T07:48:42.0432402Z        CopyVsixManifestFile:
build-and-test	Build solution (Release)	2026-07-27T07:48:42.0434093Z          Copying file from "D:\a\SSMSSQLFormatter\SSMSSQLFormatter\src\SsmsSqlFormatter\obj\Release\extension.vsixmanifest" to "D:\a\SSMSSQLFormatter\SSMSSQLFormatter\src\SsmsSqlFormatter\bin\Release\extension.vsixmanifest".
build-and-test	Build solution (Release)	2026-07-27T07:48:42.0439515Z          SsmsSqlFormatter -> D:\a\SSMSSQLFormatter\SSMSSQLFormatter\src\SsmsSqlFormatter\bin\Release\extension.vsixmanifest
build-and-test	Build solution (Release)	2026-07-27T07:48:42.0440449Z        CreateMenuPkgDef:
build-and-test	Build solution (Release)	2026-07-27T07:48:42.0440775Z        Skipping target "CreateMenuPkgDef" because it has no outputs.
build-and-test	Build solution (Release)	2026-07-27T07:48:42.0525268Z      2>Done Building Project "D:\a\SSMSSQLFormatter\SSMSSQLFormatter\src\SsmsSqlFormatter\SsmsSqlFormatter.csproj" (default targets).
build-and-test	Build solution (Release)	2026-07-27T07:48:42.7243039Z      3>CoreCompile:
build-and-test	Build solution (Release)	2026-07-27T07:48:42.7243524Z          Setting DOTNET_TieredCompilation to '0'
build-and-test	Build solution (Release)	2026-07-27T07:48:42.7276736Z          C:\Program Files\Microsoft Visual Studio\18\Enterprise\MSBuild\Current\Bin\Roslyn\csc.exe /noconfig /nowarn:1701,1702 /fullpaths /nostdlib+ /platform:anycpu32bitpreferred /highentropyva+ /reference:"C:\Program Files (x86)\Reference Assemblies\Microsoft\Framework\.NETFramework\v4.8\mscorlib.dll" /reference:D:\a\SSMSSQLFormatter\SSMSSQLFormatter\src\SsmsSqlFormatter\bin\Release\SsmsSqlFormatter.dll /reference:"C:\Program Files (x86)\Reference Assemblies\Microsoft\Framework\.NETFramework\v4.8\System.Core.dll" /reference:"C:\Program Files (x86)\Reference Assemblies\Microsoft\Framework\.NETFramework\v4.8\System.dll" /out:obj\Release\FormatterBench.exe /subsystemversion:6.00 /target:exe /utf8output /langversion:7.3 Program.cs "obj\Release\.NETFramework,Version=v4.8.AssemblyAttributes.cs"
build-and-test	Build solution (Release)	2026-07-27T07:48:42.7303959Z          Compilation request FormatterBench, PathToTool=C:\Program Files\Microsoft Visual Studio\18\Enterprise\MSBuild\Current\Bin\Roslyn\csc.exe
build-and-test	Build solution (Release)	2026-07-27T07:48:42.7324795Z          CommandLine = ' /noconfig'
build-and-test	Build solution (Release)	2026-07-27T07:48:42.7329995Z          BuildResponseFile = '/nowarn:1701,1702 /fullpaths /nostdlib+ /platform:anycpu32bitpreferred /highentropyva+ /reference:"C:\Program Files (x86)\Reference Assemblies\Microsoft\Framework\.NETFramework\v4.8\mscorlib.dll" /reference:D:\a\SSMSSQLFormatter\SSMSSQLFormatter\src\SsmsSqlFormatter\bin\Release\SsmsSqlFormatter.dll /reference:"C:\Program Files (x86)\Reference Assemblies\Microsoft\Framework\.NETFramework\v4.8\System.Core.dll" /reference:"C:\Program Files (x86)\Reference Assemblies\Microsoft\Framework\.NETFramework\v4.8\System.dll" /out:obj\Release\FormatterBench.exe /subsystemversion:6.00 /target:exe /utf8output /langversion:7.3 Program.cs "obj\Release\.NETFramework,Version=v4.8.AssemblyAttributes.cs"'
build-and-test	Build solution (Release)	2026-07-27T07:48:42.7440943Z          Attempt to open named pipe 'lk3GEFz8Fq7L5CzBTij4YT+Po32XgtYut3dBs3ahqvk'
build-and-test	Build solution (Release)	2026-07-27T07:48:42.7444812Z          Attempt to connect named pipe 'lk3GEFz8Fq7L5CzBTij4YT+Po32XgtYut3dBs3ahqvk'
build-and-test	Build solution (Release)	2026-07-27T07:48:42.7452285Z          Named pipe 'lk3GEFz8Fq7L5CzBTij4YT+Po32XgtYut3dBs3ahqvk' connected
build-and-test	Build solution (Release)	2026-07-27T07:48:42.7482930Z          Begin writing request for FormatterBench
build-and-test	Build solution (Release)	2026-07-27T07:48:42.7526923Z          End writing request for FormatterBench
build-and-test	Build solution (Release)	2026-07-27T07:48:42.7530081Z          Begin reading response for FormatterBench
build-and-test	Build solution (Release)	2026-07-27T07:48:42.8029752Z          End reading response for FormatterBench
build-and-test	Build solution (Release)	2026-07-27T07:48:42.8047592Z          CompilerServer: server - server processed compilation - FormatterBench
build-and-test	Build solution (Release)	2026-07-27T07:48:42.8218560Z        _CopyFilesMarkedCopyLocal:
build-and-test	Build solution (Release)	2026-07-27T07:48:42.8223031Z          Copying file from "D:\a\SSMSSQLFormatter\SSMSSQLFormatter\src\SsmsSqlFormatter\bin\Release\SsmsSqlFormatter.dll" to "D:\a\SSMSSQLFormatter\SSMSSQLFormatter\tools\FormatterBench\bin\Release\SsmsSqlFormatter.dll".
build-and-test	Build solution (Release)	2026-07-27T07:48:42.8236928Z          Copying file from "D:\a\SSMSSQLFormatter\SSMSSQLFormatter\src\SsmsSqlFormatter\bin\Release\Newtonsoft.Json.dll" to "D:\a\SSMSSQLFormatter\SSMSSQLFormatter\tools\FormatterBench\bin\Release\Newtonsoft.Json.dll".
build-and-test	Build solution (Release)	2026-07-27T07:48:42.8258513Z          Copying file from "D:\a\SSMSSQLFormatter\SSMSSQLFormatter\src\SsmsSqlFormatter\bin\Release\SsmsSqlFormatter.pdb" to "D:\a\SSMSSQLFormatter\SSMSSQLFormatter\tools\FormatterBench\bin\Release\SsmsSqlFormatter.pdb".
build-and-test	Build solution (Release)	2026-07-27T07:48:42.8262242Z          Copying file from "D:\a\SSMSSQLFormatter\SSMSSQLFormatter\src\SsmsSqlFormatter\bin\Release\Microsoft.SqlServer.TransactSql.ScriptDom.pdb" to "D:\a\SSMSSQLFormatter\SSMSSQLFormatter\tools\FormatterBench\bin\Release\Microsoft.SqlServer.TransactSql.ScriptDom.pdb".
build-and-test	Build solution (Release)	2026-07-27T07:48:42.8288126Z          Creating directory "bin\Release\cs".
build-and-test	Build solution (Release)	2026-07-27T07:48:42.8292399Z          Copying file from "D:\a\SSMSSQLFormatter\SSMSSQLFormatter\src\SsmsSqlFormatter\bin\Release\cs\Microsoft.SqlServer.TransactSql.ScriptDom.resources.dll" to "D:\a\SSMSSQLFormatter\SSMSSQLFormatter\tools\FormatterBench\bin\Release\cs\Microsoft.SqlServer.TransactSql.ScriptDom.resources.dll".
build-and-test	Build solution (Release)	2026-07-27T07:48:42.8295544Z          Creating directory "bin\Release\de".
build-and-test	Build solution (Release)	2026-07-27T07:48:42.8296277Z          Creating directory "bin\Release\es".
build-and-test	Build solution (Release)	2026-07-27T07:48:42.8299254Z          Copying file from "D:\a\SSMSSQLFormatter\SSMSSQLFormatter\src\SsmsSqlFormatter\bin\Release\de\Microsoft.SqlServer.TransactSql.ScriptDom.resources.dll" to "D:\a\SSMSSQLFormatter\SSMSSQLFormatter\tools\FormatterBench\bin\Release\de\Microsoft.SqlServer.TransactSql.ScriptDom.resources.dll".
build-and-test	Build solution (Release)	2026-07-27T07:48:42.8305475Z          Copying file from "D:\a\SSMSSQLFormatter\SSMSSQLFormatter\src\SsmsSqlFormatter\bin\Release\es\Microsoft.SqlServer.TransactSql.ScriptDom.resources.dll" to "D:\a\SSMSSQLFormatter\SSMSSQLFormatter\tools\FormatterBench\bin\Release\es\Microsoft.SqlServer.TransactSql.ScriptDom.resources.dll".
build-and-test	Build solution (Release)	2026-07-27T07:48:42.8307941Z          Creating directory "bin\Release\fr".
build-and-test	Build solution (Release)	2026-07-27T07:48:42.8308471Z          Creating directory "bin\Release\it".
build-and-test	Build solution (Release)	2026-07-27T07:48:42.8311499Z          Copying file from "D:\a\SSMSSQLFormatter\SSMSSQLFormatter\src\SsmsSqlFormatter\bin\Release\fr\Microsoft.SqlServer.TransactSql.ScriptDom.resources.dll" to "D:\a\SSMSSQLFormatter\SSMSSQLFormatter\tools\FormatterBench\bin\Release\fr\Microsoft.SqlServer.TransactSql.ScriptDom.resources.dll".
build-and-test	Build solution (Release)	2026-07-27T07:48:42.8314254Z          Creating directory "bin\Release\ja".
build-and-test	Build solution (Release)	2026-07-27T07:48:42.8317553Z          Copying file from "D:\a\SSMSSQLFormatter\SSMSSQLFormatter\src\SsmsSqlFormatter\bin\Release\it\Microsoft.SqlServer.TransactSql.ScriptDom.resources.dll" to "D:\a\SSMSSQLFormatter\SSMSSQLFormatter\tools\FormatterBench\bin\Release\it\Microsoft.SqlServer.TransactSql.ScriptDom.resources.dll".
build-and-test	Build solution (Release)	2026-07-27T07:48:42.8324712Z          Copying file from "D:\a\SSMSSQLFormatter\SSMSSQLFormatter\src\SsmsSqlFormatter\bin\Release\ja\Microsoft.SqlServer.TransactSql.ScriptDom.resources.dll" to "D:\a\SSMSSQLFormatter\SSMSSQLFormatter\tools\FormatterBench\bin\Release\ja\Microsoft.SqlServer.TransactSql.ScriptDom.resources.dll".
build-and-test	Build solution (Release)	2026-07-27T07:48:42.8330335Z          Creating directory "bin\Release\ko".
build-and-test	Build solution (Release)	2026-07-27T07:48:42.8334157Z          Copying file from "D:\a\SSMSSQLFormatter\SSMSSQLFormatter\src\SsmsSqlFormatter\bin\Release\Microsoft.SqlServer.TransactSql.ScriptDom.dll" to "D:\a\SSMSSQLFormatter\SSMSSQLFormatter\tools\FormatterBench\bin\Release\Microsoft.SqlServer.TransactSql.ScriptDom.dll".
build-and-test	Build solution (Release)	2026-07-27T07:48:42.8338848Z          Creating directory "bin\Release\pl".
build-and-test	Build solution (Release)	2026-07-27T07:48:42.8350178Z          Copying file from "D:\a\SSMSSQLFormatter\SSMSSQLFormatter\src\SsmsSqlFormatter\bin\Release\ko\Microsoft.SqlServer.TransactSql.ScriptDom.resources.dll" to "D:\a\SSMSSQLFormatter\SSMSSQLFormatter\tools\FormatterBench\bin\Release\ko\Microsoft.SqlServer.TransactSql.ScriptDom.resources.dll".
build-and-test	Build solution (Release)	2026-07-27T07:48:42.8357844Z          Creating directory "bin\Release\pt-BR".
build-and-test	Build solution (Release)	2026-07-27T07:48:42.8362378Z          Copying file from "D:\a\SSMSSQLFormatter\SSMSSQLFormatter\src\SsmsSqlFormatter\bin\Release\pl\Microsoft.SqlServer.TransactSql.ScriptDom.resources.dll" to "D:\a\SSMSSQLFormatter\SSMSSQLFormatter\tools\FormatterBench\bin\Release\pl\Microsoft.SqlServer.TransactSql.ScriptDom.resources.dll".
build-and-test	Build solution (Release)	2026-07-27T07:48:42.8370249Z          Copying file from "D:\a\SSMSSQLFormatter\SSMSSQLFormatter\src\SsmsSqlFormatter\bin\Release\pt-BR\Microsoft.SqlServer.TransactSql.ScriptDom.resources.dll" to "D:\a\SSMSSQLFormatter\SSMSSQLFormatter\tools\FormatterBench\bin\Release\pt-BR\Microsoft.SqlServer.TransactSql.ScriptDom.resources.dll".
build-and-test	Build solution (Release)	2026-07-27T07:48:42.8373598Z          Creating directory "bin\Release\ru".
build-and-test	Build solution (Release)	2026-07-27T07:48:42.8386102Z          Copying file from "D:\a\SSMSSQLFormatter\SSMSSQLFormatter\src\SsmsSqlFormatter\bin\Release\ru\Microsoft.SqlServer.TransactSql.ScriptDom.resources.dll" to "D:\a\SSMSSQLFormatter\SSMSSQLFormatter\tools\FormatterBench\bin\Release\ru\Microsoft.SqlServer.TransactSql.ScriptDom.resources.dll".
build-and-test	Build solution (Release)	2026-07-27T07:48:42.8394383Z          Creating directory "bin\Release\tr".
build-and-test	Build solution (Release)	2026-07-27T07:48:42.8396612Z          Copying file from "D:\a\SSMSSQLFormatter\SSMSSQLFormatter\src\SsmsSqlFormatter\bin\Release\tr\Microsoft.SqlServer.TransactSql.ScriptDom.resources.dll" to "D:\a\SSMSSQLFormatter\SSMSSQLFormatter\tools\FormatterBench\bin\Release\tr\Microsoft.SqlServer.TransactSql.ScriptDom.resources.dll".
build-and-test	Build solution (Release)	2026-07-27T07:48:42.8399772Z          Creating directory "bin\Release\zh-Hans".
build-and-test	Build solution (Release)	2026-07-27T07:48:42.8400336Z          Creating directory "bin\Release\zh-Hant".
build-and-test	Build solution (Release)	2026-07-27T07:48:42.8404636Z          Copying file from "D:\a\SSMSSQLFormatter\SSMSSQLFormatter\src\SsmsSqlFormatter\bin\Release\zh-Hans\Microsoft.SqlServer.TransactSql.ScriptDom.resources.dll" to "D:\a\SSMSSQLFormatter\SSMSSQLFormatter\tools\FormatterBench\bin\Release\zh-Hans\Microsoft.SqlServer.TransactSql.ScriptDom.resources.dll".
build-and-test	Build solution (Release)	2026-07-27T07:48:42.8417237Z          Copying file from "D:\a\SSMSSQLFormatter\SSMSSQLFormatter\src\SsmsSqlFormatter\bin\Release\zh-Hant\Microsoft.SqlServer.TransactSql.ScriptDom.resources.dll" to "D:\a\SSMSSQLFormatter\SSMSSQLFormatter\tools\FormatterBench\bin\Release\zh-Hant\Microsoft.SqlServer.TransactSql.ScriptDom.resources.dll".
build-and-test	Build solution (Release)	2026-07-27T07:48:42.8423590Z          Creating "D:\a\SSMSSQLFormatter\SSMSSQLFormatter\tools\FormatterBench\obj\Release\Formatte.CF628E96.Up2Date" because "AlwaysCreate" was specified.
build-and-test	Build solution (Release)	2026-07-27T07:48:42.8426590Z          Touching "D:\a\SSMSSQLFormatter\SSMSSQLFormatter\tools\FormatterBench\obj\Release\Formatte.CF628E96.Up2Date".
build-and-test	Build solution (Release)	2026-07-27T07:48:42.8428715Z        CopyFilesToOutputDirectory:
build-and-test	Build solution (Release)	2026-07-27T07:48:42.8431588Z          Copying file from "D:\a\SSMSSQLFormatter\SSMSSQLFormatter\tools\FormatterBench\obj\Release\FormatterBench.exe" to "D:\a\SSMSSQLFormatter\SSMSSQLFormatter\tools\FormatterBench\bin\Release\FormatterBench.exe".
build-and-test	Build solution (Release)	2026-07-27T07:48:42.8436660Z          FormatterBench -> D:\a\SSMSSQLFormatter\SSMSSQLFormatter\tools\FormatterBench\bin\Release\FormatterBench.exe
build-and-test	Build solution (Release)	2026-07-27T07:48:42.8506853Z      3>Done Building Project "D:\a\SSMSSQLFormatter\SSMSSQLFormatter\tools\FormatterBench\FormatterBench.csproj" (default targets).
build-and-test	Build solution (Release)	2026-07-27T07:48:43.0957891Z      4>CoreCompile:
build-and-test	Build solution (Release)	2026-07-27T07:48:43.0958396Z          Setting DOTNET_TieredCompilation to '0'
build-and-test	Build solution (Release)	2026-07-27T07:48:43.1252367Z          C:\Program Files\Microsoft Visual Studio\18\Enterprise\MSBuild\Current\Bin\Roslyn\csc.exe /noconfig /nowarn:1701,1702 /fullpaths /nostdlib+ /highentropyva+ /reference:C:\Users\runneradmin\.nuget\packages\envdte\17.9.37000\lib\net472\envdte.dll /reference:C:\Users\runneradmin\.nuget\packages\envdte100\17.9.37000\lib\net472\envdte100.dll /reference:C:\Users\runneradmin\.nuget\packages\envdte80\17.9.37000\lib\net472\envdte80.dll /reference:C:\Users\runneradmin\.nuget\packages\envdte90\17.9.37000\lib\net472\envdte90.dll /reference:C:\Users\runneradmin\.nuget\packages\envdte90a\17.9.37000\lib\net472\envdte90a.dll /reference:C:\Users\runneradmin\.nuget\packages\messagepack.annotations\2.5.108\lib\netstandard2.0\MessagePack.Annotations.dll /reference:C:\Users\runneradmin\.nuget\packages\messagepack\2.5.108\lib\netstandard2.0\MessagePack.dll /reference:C:\Users\runneradmin\.nuget\packages\microsoft.bcl.asyncinterfaces\8.0.0\lib\net462\Microsoft.Bcl.AsyncInterfaces.dll /reference:C:\Users\runneradmin\.nuget\packages\microsoft.build.framework\17.9.5\ref\net472\Microsoft.Build.Framework.dll /reference:C:\Users\runneradmin\.nuget\packages\microsoft.io.redist\6.0.0\lib\net472\Microsoft.IO.Redist.dll /reference:C:\Users\runneradmin\.nuget\packages\microsoft.servicehub.framework\4.4.22\lib\net472\Microsoft.ServiceHub.Framework.dll /reference:C:\Users\runneradmin\.nuget\packages\microsoft.servicehub.resources\4.4.4171\lib\net472\Microsoft.ServiceHub.Resources.dll /reference:C:\Users\runneradmin\.nuget\packages\microsoft.sqlserver.transactsql.scriptdom\180.18.1\lib\net472\Microsoft.SqlServer.TransactSql.ScriptDom.dll /reference:C:\Users\runneradmin\.nuget\packages\microsoft.codecoverage\17.9.0\lib\net462\Microsoft.VisualStudio.CodeCoverage.Shim.dll /reference:C:\Users\runneradmin\.nuget\packages\microsoft.visualstudio.commandbars\17.9.37000\lib\net472\Microsoft.VisualStudio.CommandBars.dll /reference:C:\Users\runneradmin\.nuget\packages\microsoft.visualstudio.componentmodelhost\17.9.187\lib\net472\Microsoft.VisualStudio.ComponentModelHost.dll /reference:C:\Users\runneradmin\.nuget\packages\microsoft.visualstudio.composition\17.7.40\lib\net472\Microsoft.VisualStudio.Composition.dll /reference:C:\Users\runneradmin\.nuget\packages\microsoft.visualstudio.coreutility\17.9.187\lib\net472\Microsoft.VisualStudio.CoreUtility.dll /reference:C:\Users\runneradmin\.nuget\packages\microsoft.visualstudio.debugger.interop.10.0\17.9.37000\lib\net472\Microsoft.VisualStudio.Debugger.Interop.10.0.dll /reference:C:\Users\runneradmin\.nuget\packages\microsoft.visualstudio.debugger.interop.12.0\17.9.37000\lib\net472\Microsoft.VisualStudio.Debugger.Interop.12.0.dll /reference:C:\Users\runneradmin\.nuget\packages\microsoft.visualstudio.debugger.interop.14.0\17.9.37000\lib\net472\Microsoft.VisualStudio.Debugger.Interop.14.0.dll /reference:C:\Users\runneradmin\.nuget\packages\microsoft.visualstudio.debugger.interop.15.0\17.9.37000\lib\net472\Microsoft.VisualStudio.Debugger.Interop.15.0.dll /reference:C:\Users\runneradmin\.nuget\packages\microsoft.visualstudio.debugger.interop.16.0\17.9.37000\lib\net472\Microsoft.VisualStudio.Debugger.Interop.16.0.dll /reference:C:\Users\runneradmin\.nuget\packages\microsoft.visualstudio.debugger.interopa\17.9.37000\lib\net472\Microsoft.VisualStudio.Debugger.InteropA.dll /reference:C:\Users\runneradmin\.nuget\packages\microsoft.visualstudio.designer.interfaces\17.9.37000\lib\net472\Microsoft.VisualStudio.Designer.Interfaces.dll /reference:C:\Users\runneradmin\.nuget\packages\microsoft.visualstudio.editor\17.9.187\lib\net472\Microsoft.VisualStudio.Editor.dll /reference:C:\Users\runneradmin\.nuget\packages\microsoft.visualstudio.graphmodel\17.9.37000\lib\net472\Microsoft.VisualStudio.GraphModel.dll /reference:C:\Users\runneradmin\.nuget\packages\microsoft.visualstudio.imagecatalog\17.9.37000\lib\net472\Microsoft.VisualStudio.ImageCatalog.dll /reference:C:\Users\runneradmin\.nuget\packages\microsoft.visualstudio.imaging\17.9.37000\lib\net472\Microsoft.VisualStudio.Imaging.dll /reference:C:\Users\runneradmin\.nuget\packages\microsoft.visualstudio.imaging.interop.14.0.designtime\17.9.37000\lib\net472\Microsoft.VisualStudio.Imaging.Interop.14.0.DesignTime.dll /reference:C:\Users\runneradmin\.nuget\packages\microsoft.visualstudio.interop\17.9.37000\lib\net472\Microsoft.VisualStudio.Interop.dll /reference:C:\Users\runneradmin\.nuget\packages\microsoft.visualstudio.language\17.9.187\lib\net472\Microsoft.VisualStudio.Language.dll /reference:C:\Users\runneradmin\.nuget\packages\microsoft.visualstudio.language.intellisense\17.9.187\lib\net472\Microsoft.VisualStudio.Language.Intellisense.dll /reference:C:\Users\runneradmin\.nuget\packages\microsoft.visualstudio.language.navigateto.interfaces\17.9.187\lib\net472\Microsoft.VisualStudio.Language.NavigateTo.Interfaces.dll /reference:C:\Users\runneradmin\.nuget\packages\microsoft.visualstudio.language.standardclassification\17.9.187\lib\net472\Microsoft.VisualStudio.Language.StandardClassification.dll /reference:C:\Users\runneradmin\.nuget\packages\microsoft.visualstudio.languageserver.client\17.9.46\lib\net472\Microsoft.VisualStudio.LanguageServer.Client.dll /reference:C:\Users\runneradmin\.nuget\packages\microsoft.visualstudio.linux.connectionmanager.store\17.9.37000\lib\net472\Microsoft.VisualStudio.Linux.ConnectionManager.Store.dll /reference:C:\Users\runneradmin\.nuget\packages\microsoft.visualstudio.ole.interop\17.9.37000\lib\net472\Microsoft.VisualStudio.OLE.Interop.dll /reference:C:\Users\runneradmin\.nuget\packages\microsoft.visualstudio.package.languageservice.15.0\17.9.37000\lib\net472\Microsoft.VisualStudio.Package.LanguageService.15.0.dll /reference:C:\Users\runneradmin\.nuget\packages\microsoft.visualstudio.projectaggregator\17.9.37000\lib\net472\Microsoft.VisualStudio.ProjectAggregator.dll /reference:C:\Users\runneradmin\.nuget\packages\microsoft.visualstudio.remotecontrol\16.3.52\lib\net45\Microsoft.VisualStudio.RemoteControl.dll /reference:C:\Users\runneradmin\.nuget\packages\microsoft.visualstudio.rpccontracts\17.9.7\lib\netstandard2.0\Microsoft.VisualStudio.RpcContracts.dll /reference:C:\Users\runneradmin\.nuget\packages\microsoft.visualstudio.setup.configuration.interop\3.9.2164\lib\net35\Microsoft.VisualStudio.Setup.Configuration.Interop.dll /reference:C:\Users\runneradmin\.nuget\packages\microsoft.visualstudio.shell.15.0\17.9.37000\lib\net472\Microsoft.VisualStudio.Shell.15.0.dll /reference:C:\Users\runneradmin\.nuget\packages\microsoft.visualstudio.shell.design\17.9.37000\lib\net472\Microsoft.VisualStudio.Shell.Design.dll /reference:C:\Users\runneradmin\.nuget\packages\microsoft.visualstudio.shell.framework\17.9.37000\lib\net472\Microsoft.VisualStudio.Shell.Framework.dll /reference:C:\Users\runneradmin\.nuget\packages\microsoft.visualstudio.shell.interop.10.0\17.9.37000\lib\net472\Microsoft.VisualStudio.Shell.Interop.10.0.dll /reference:C:\Users\runneradmin\.nuget\packages\microsoft.visualstudio.shell.interop.11.0\17.9.37000\lib\net472\Microsoft.VisualStudio.Shell.Interop.11.0.dll /reference:C:\Users\runneradmin\.nuget\packages\microsoft.visualstudio.shell.interop.12.0\17.9.37000\lib\net472\Microsoft.VisualStudio.Shell.Interop.12.0.dll /reference:C:\Users\runneradmin\.nuget\packages\microsoft.visualstudio.shell.interop.8.0\17.9.37000\lib\net472\Microsoft.VisualStudio.Shell.Interop.8.0.dll /reference:C:\Users\runneradmin\.nuget\packages\microsoft.visualstudio.shell.interop.9.0\17.9.37000\lib\net472\Microsoft.VisualStudio.Shell.Interop.9.0.dll /reference:C:\Users\runneradmin\.nuget\packages\microsoft.visualstudio.shell.interop\17.9.37000\lib\net472\Microsoft.VisualStudio.Shell.Interop.dll /reference:C:\Users\runneradmin\.nuget\packages\microsoft.visualstudio.taskrunnerexplorer.14.0\14.0.0\lib\net40\Microsoft.VisualStudio.TaskRunnerExplorer.14.0.dll /reference:C:\Users\runneradmin\.nuget\packages\microsoft.visualstudio.telemetry\17.9.305\lib\net45\Microsoft.VisualStudio.Telemetry.dll /reference:C:\Users\runneradmin\.nuget\packages\microsoft.visualstudio.text.data\17.9.187\lib\net472\Microsoft.VisualStudio.Text.Data.dll /reference:C:\Users\runneradmin\.nuget\packages\microsoft.visualstudio.text.logic\17.9.187\lib\net472\Microsoft.VisualStudio.Text.Logic.dll /reference:C:\Users\runneradmin\.nuget\packages\microsoft.visualstudio.text.ui\17.9.187\lib\net472\Microsoft.VisualStudio.Text.UI.dll /reference:C:\Users\runneradmin\.nuget\packages\microsoft.visualstudio.text.ui.wpf\17.9.187\lib\net472\Microsoft.VisualStudio.Text.UI.Wpf.dll /reference:C:\Users\runneradmin\.nuget\packages\microsoft.visualstudio.textmanager.interop.10.0\17.9.37000\lib\net472\Microsoft.VisualStudio.TextManager.Interop.10.0.dll /reference:C:\Users\runneradmin\.nuget\packages\microsoft.visualstudio.textmanager.interop.11.0\17.9.37000\lib\net472\Microsoft.VisualStudio.TextManager.Interop.11.0.dll /reference:C:\Users\runneradmin\.nuget\packages\microsoft.visualstudio.textmanager.interop.12.0\17.9.37000\lib\net472\Microsoft.VisualStudio.TextManager.Interop.12.0.dll /reference:C:\Users\runneradmin\.nuget\packages\microsoft.visualstudio.textmanager.interop.8.0\17.9.37000\lib\net472\Microsoft.VisualStudio.TextManager.Interop.8.0.dll /reference:C:\Users\runneradmin\.nuget\packages\microsoft.visualstudio.textmanager.interop.9.0\17.9.37000\lib\net472\Microsoft.VisualStudio.TextManager.Interop.9.0.dll /reference:C:\Users\runneradmin\.nuget\packages\microsoft.visualstudio.textmanager.interop\17.9.37000\lib\net472\Microsoft.VisualStudio.TextManager.Interop.dll /reference:C:\Users\runneradmin\.nuget\packages\microsoft.visualstudio.texttemplating.vshost\17.9.37000\lib\net472\Microsoft.VisualStudio.TextTemplating.VSHost.dll /reference:C:\Users\runneradmin\.nuget\packages\microsoft.visualstudio.threading\17.9.28\lib\net472\Microsoft.VisualStudio.Threading.dll /reference:C:\Users\runneradmin\.nuget\packages\microsoft.visualstudio.utilities\17.9.37000\lib\net472\Microsoft.VisualStudio.Utilities.dll /reference:C:\Users\runneradmin\.nuget\packages\microsoft.visualstudio.validation\17.8.8\lib\netstandard2.0\Microsoft.VisualStudio.Validation.dll /reference:C:\Users\runneradmin\.nuget\packages\microsoft.visualstudio.vcprojectengine\17.9.37000\lib\net472\Microsoft.VisualStudio.VCProjectEngine.dll /reference:C:\Users\runneradmin\.nuget\packages\microsoft.visualstudio.vshelp\17.9.37000\lib\net472\Microsoft.VisualStudio.VSHelp.dll /reference:C:\Users\runneradmin\.nuget\packages\microsoft.visualstudio.vshelp80\17.9.37000\lib\net472\Microsoft.VisualStudio.VSHelp80.dll /reference:C:\Users\runneradmin\.nuget\packages\microsoft.visualstudio.wcfreference.interop\17.9.37000\lib\net472\Microsoft.VisualStudio.WCFReference.Interop.dll /reference:C:\Users\runneradmin\.nuget\packages\microsoft.visualstudio.web.browserlink.12.0\12.0.0\lib\net40\Microsoft.VisualStudio.Web.BrowserLink.12.0.dll /reference:"C:\Program Files (x86)\Reference Assemblies\Microsoft\Framework\.NETFramework\v4.8\Facades\Microsoft.Win32.Primitives.dll" /reference:C:\Users\runneradmin\.nuget\packages\microsoft.win32.registry\5.0.0\ref\net461\Microsoft.Win32.Registry.dll /reference:"C:\Program Files (x86)\Reference Assemblies\Microsoft\Framework\.NETFramework\v4.8\mscorlib.dll" /reference:C:\Users\runneradmin\.nuget\packages\nerdbank.streams\2.10.69\lib\netstandard2.0\Nerdbank.Streams.dll /reference:C:\Users\runneradmin\.nuget\packages\newtonsoft.json\13.0.3\lib\net45\Newtonsoft.Json.dll /reference:C:\Users\runneradmin\.nuget\packages\nunit\3.13.3\lib\net45\nunit.framework.dll /reference:D:\a\SSMSSQLFormatter\SSMSSQLFormatter\src\SsmsSqlFormatter\bin\Release\SsmsSqlFormatter.dll /reference:C:\Users\runneradmin\.nuget\packages\stdole\17.9.37000\lib\net472\stdole.dll /reference:C:\Users\runneradmin\.nuget\packages\streamjsonrpc\2.17.11\lib\netstandard2.0\StreamJsonRpc.dll /reference:C:\Users\runneradmin\.nuget\packages\system.buffers\4.5.1\ref\net45\System.Buffers.dll /reference:C:\Users\runneradmin\.nuget\packages\system.collections.immutable\8.0.0\lib\net462\System.Collections.Immutable.dll /reference:C:\Users\runneradmin\.nuget\packages\system.composition.attributedmodel\8.0.0\lib\net462\System.Composition.AttributedModel.dll /reference:C:\Users\runneradmin\.nuget\packages\system.composition.convention\8.0.0\lib\net462\System.Composition.Convention.dll /reference:C:\Users\runneradmin\.nuget\packages\system.composition.hosting\8.0.0\lib\net462\System.Composition.Hosting.dll /reference:C:\Users\runneradmin\.nuget\packages\system.composition.runtime\8.0.0\lib\net462\System.Composition.Runtime.dll /reference:C:\Users\runneradmin\.nuget\packages\system.composition.typedparts\8.0.0\lib\net462\System.Composition.TypedParts.dll /reference:"C:\Program Files (x86)\Reference Assemblies\Microsoft\Framework\.NETFramework\v4.8\System.Core.dll" /reference:C:\Users\runneradmin\.nuget\packages\system.diagnostics.diagnosticsource\8.0.0\lib\net462\System.Diagnostics.DiagnosticSource.dll /reference:"C:\Program Files (x86)\Reference Assemblies\Microsoft\Framework\.NETFramework\v4.8\System.dll" /reference:C:\Users\runneradmin\.nuget\packages\system.io.pipelines\8.0.0\lib\net462\System.IO.Pipelines.dll /reference:C:\Users\runneradmin\.nuget\packages\system.memory\4.5.5\lib\net461\System.Memory.dll /reference:C:\Users\runneradmin\.nuget\packages\system.numerics.vectors\4.5.0\ref\net46\System.Numerics.Vectors.dll /reference:C:\Users\runneradmin\.nuget\packages\system.reflection.metadata\8.0.0\lib\net462\System.Reflection.Metadata.dll /reference:C:\Users\runneradmin\.nuget\packages\system.runtime.compilerservices.unsafe\6.0.0\lib\net461\System.Runtime.CompilerServices.Unsafe.dll /reference:C:\Users\runneradmin\.nuget\packages\system.security.accesscontrol\6.0.0\lib\net461\System.Security.AccessControl.dll /reference:C:\Users\runneradmin\.nuget\packages\system.security.principal.windows\5.0.0\ref\net461\System.Security.Principal.Windows.dll /reference:C:\Users\runneradmin\.nuget\packages\system.text.encodings.web\8.0.0\lib\net462\System.Text.Encodings.Web.dll /reference:C:\Users\runneradmin\.nuget\packages\system.text.json\8.0.0\lib\net462\System.Text.Json.dll /reference:C:\Users\runneradmin\.nuget\packages\system.threading.accesscontrol\8.0.0\lib\net462\System.Threading.AccessControl.dll /reference:C:\Users\runneradmin\.nuget\packages\system.threading.tasks.dataflow\8.0.0\lib\net462\System.Threading.Tasks.Dataflow.dll /reference:C:\Users\runneradmin\.nuget\packages\system.threading.tasks.extensions\4.5.4\lib\net461\System.Threading.Tasks.Extensions.dll /reference:C:\Users\runneradmin\.nuget\packages\system.valuetuple\4.5.0\ref\net47\System.ValueTuple.dll /reference:C:\Users\runneradmin\.nuget\packages\vslangproj\17.9.37000\lib\net472\VSLangProj.dll /reference:C:\Users\runneradmin\.nuget\packages\vslangproj100\17.9.37000\lib\net472\VSLangProj100.dll /reference:C:\Users\runneradmin\.nuget\packages\vslangproj110\17.9.37000\lib\net472\VSLangProj110.dll /reference:C:\Users\runneradmin\.nuget\packages\vslangproj140\17.9.37000\lib\net472\VSLangProj140.dll /reference:C:\Users\runneradmin\.nuget\packages\vslangproj150\17.9.37000\lib\net472\VSLangProj150.dll /reference:C:\Users\runneradmin\.nuget\packages\vslangproj157\17.9.37000\lib\net472\VSLangProj157.dll /reference:C:\Users\runneradmin\.nuget\packages\vslangproj158\17.9.37000\lib\net472\VSLangProj158.dll /reference:C:\Users\runneradmin\.nuget\packages\vslangproj165\17.9.37000\lib\net472\VSLangProj165.dll /reference:C:\Users\runneradmin\.nuget\packages\vslangproj2\17.9.37000\lib\net472\VSLangProj2.dll /reference:C:\Users\runneradmin\.nuget\packages\vslangproj80\17.9.37000\lib\net472\VSLangProj80.dll /reference:C:\Users\runneradmin\.nuget\packages\vslangproj90\17.9.37000\lib\net472\VSLangProj90.dll /reference:"C:\Program Files (x86)\Reference Assemblies\Microsoft\Framework\.NETFramework\v4.8\Facades\netstandard.dll" /out:obj\Release\SsmsSqlFormatter.Tests.dll /subsystemversion:6.00 /target:library /utf8output /langversion:7.3 /analyzer:C:\Users\runneradmin\.nuget\packages\microsoft.codeanalysis.bannedapianalyzers\3.3.2\analyzers\dotnet\cs\Microsoft.CodeAnalysis.BannedApiAnalyzers.dll /analyzer:C:\Users\runneradmin\.nuget\packages\microsoft.codeanalysis.bannedapianalyzers\3.3.2\analyzers\dotnet\cs\Microsoft.CodeAnalysis.CSharp.BannedApiAnalyzers.dll /analyzer:C:\Users\runneradmin\.nuget\packages\microsoft.codeanalysis.bannedapianalyzers\3.3.2\analyzers\dotnet\cs\cs\Microsoft.CodeAnalysis.BannedApiAnalyzers.resources.dll /analyzer:C:\Users\runneradmin\.nuget\packages\microsoft.codeanalysis.bannedapianalyzers\3.3.2\analyzers\dotnet\cs\de\Microsoft.CodeAnalysis.BannedApiAnalyzers.resources.dll /analyzer:C:\Users\runneradmin\.nuget\packages\microsoft.codeanalysis.bannedapianalyzers\3.3.2\analyzers\dotnet\cs\es\Microsoft.CodeAnalysis.BannedApiAnalyzers.resources.dll /analyzer:C:\Users\runneradmin\.nuget\packages\microsoft.codeanalysis.bannedapianalyzers\3.3.2\analyzers\dotnet\cs\fr\Microsoft.CodeAnalysis.BannedApiAnalyzers.resources.dll /analyzer:C:\Users\runneradmin\.nuget\packages\microsoft.codeanalysis.bannedapianalyzers\3.3.2\analyzers\dotnet\cs\it\Microsoft.CodeAnalysis.BannedApiAnalyzers.resources.dll /analyzer:C:\Users\runneradmin\.nuget\packages\microsoft.codeanalysis.bannedapianalyzers\3.3.2\analyzers\dotnet\cs\ja\Microsoft.CodeAnalysis.BannedApiAnalyzers.resources.dll /analyzer:C:\Users\runneradmin\.nuget\packages\microsoft.codeanalysis.bannedapianalyzers\3.3.2\analyzers\dotnet\cs\ko\Microsoft.CodeAnalysis.BannedApiAnalyzers.resources.dll /analyzer:C:\Users\runneradmin\.nuget\packages\microsoft.codeanalysis.bannedapianalyzers\3.3.2\analyzers\dotnet\cs\pl\Microsoft.CodeAnalysis.BannedApiAnalyzers.resources.dll /analyzer:C:\Users\runneradmin\.nuget\packages\microsoft.codeanalysis.bannedapianalyzers\3.3.2\analyzers\dotnet\cs\pt-BR\Microsoft.CodeAnalysis.BannedApiAnalyzers.resources.dll /analyzer:C:\Users\runneradmin\.nuget\packages\microsoft.codeanalysis.bannedapianalyzers\3.3.2\analyzers\dotnet\cs\ru\Microsoft.CodeAnalysis.BannedApiAnalyzers.resources.dll /analyzer:C:\Users\runneradmin\.nuget\packages\microsoft.codeanalysis.bannedapianalyzers\3.3.2\analyzers\dotnet\cs\tr\Microsoft.CodeAnalysis.BannedApiAnalyzers.resources.dll /analyzer:C:\Users\runneradmin\.nuget\packages\microsoft.codeanalysis.bannedapianalyzers\3.3.2\analyzers\dotnet\cs\zh-Hans\Microsoft.CodeAnalysis.BannedApiAnalyzers.resources.dll /analyzer:C:\Users\runneradmin\.nuget\packages\microsoft.codeanalysis.bannedapianalyzers\3.3.2\analyzers\dotnet\cs\zh-Hant\Microsoft.CodeAnalysis.BannedApiAnalyzers.resources.dll /analyzer:C:\Users\runneradmin\.nuget\packages\microsoft.servicehub.analyzers\4.4.22\analyzers\Microsoft.ServiceHub.Analyzers.dll /analyzer:C:\Users\runneradmin\.nuget\packages\microsoft.servicehub.analyzers\4.4.22\analyzers\cs\Microsoft.ServiceHub.Analyzers.resources.dll /analyzer:C:\Users\runneradmin\.nuget\packages\microsoft.servicehub.analyzers\4.4.22\analyzers\de\Microsoft.ServiceHub.Analyzers.resources.dll /analyzer:C:\Users\runneradmin\.nuget\packages\microsoft.servicehub.analyzers\4.4.22\analyzers\es\Microsoft.ServiceHub.Analyzers.resources.dll /analyzer:C:\Users\runneradmin\.nuget\packages\microsoft.servicehub.analyzers\4.4.22\analyzers\fr\Microsoft.ServiceHub.Analyzers.resources.dll /analyzer:C:\Users\runneradmin\.nuget\packages\microsoft.servicehub.analyzers\4.4.22\analyzers\it\Microsoft.ServiceHub.Analyzers.resources.dll /analyzer:C:\Users\runneradmin\.nuget\packages\microsoft.servicehub.analyzers\4.4.22\analyzers\ja\Microsoft.ServiceHub.Analyzers.resources.dll /analyzer:C:\Users\runneradmin\.nuget\packages\microsoft.servicehub.analyzers\4.4.22\analyzers\ko\Microsoft.ServiceHub.Analyzers.resources.dll /analyzer:C:\Users\runneradmin\.nuget\packages\microsoft.servicehub.analyzers\4.4.22\analyzers\pl\Microsoft.ServiceHub.Analyzers.resources.dll /analyzer:C:\Users\runneradmin\.nuget\packages\microsoft.servicehub.analyzers\4.4.22\analyzers\pt-BR\Microsoft.ServiceHub.Analyzers.resources.dll /analyzer:C:\Users\runneradmin\.nuget\packages\microsoft.servicehub.analyzers\4.4.22\analyzers\ru\Microsoft.ServiceHub.Analyzers.resources.dll /analyzer:C:\Users\runneradmin\.nuget\packages\microsoft.servicehub.analyzers\4.4.22\analyzers\tr\Microsoft.ServiceHub.Analyzers.resources.dll /analyzer:C:\Users\runneradmin\.nuget\packages\microsoft.servicehub.analyzers\4.4.22\analyzers\zh-Hans\Microsoft.ServiceHub.Analyzers.resources.dll /analyzer:C:\Users\runneradmin\.nuget\packages\microsoft.servicehub.analyzers\4.4.22\analyzers\zh-Hant\Microsoft.ServiceHub.Analyzers.resources.dll /analyzer:C:\Users\runneradmin\.nuget\packages\microsoft.visualstudio.composition.analyzers\17.7.40\analyzers\dotnet\Microsoft.VisualStudio.Composition.Analyzers.dll /analyzer:C:\Users\runneradmin\.nuget\packages\microsoft.visualstudio.composition.analyzers\17.7.40\analyzers\dotnet\cs\Microsoft.VisualStudio.Composition.Analyzers.resources.dll /analyzer:C:\Users\runneradmin\.nuget\packages\microsoft.visualstudio.composition.analyzers\17.7.40\analyzers\dotnet\de\Microsoft.VisualStudio.Composition.Analyzers.resources.dll /analyzer:C:\Users\runneradmin\.nuget\packages\microsoft.visualstudio.composition.analyzers\17.7.40\analyzers\dotnet\es\Microsoft.VisualStudio.Composition.Analyzers.resources.dll /analyzer:C:\Users\runneradmin\.nuget\packages\microsoft.visualstudio.composition.analyzers\17.7.40\analyzers\dotnet\fr\Microsoft.VisualStudio.Composition.Analyzers.resources.dll /analyzer:C:\Users\runneradmin\.nuget\packages\microsoft.visualstudio.composition.analyzers\17.7.40\analyzers\dotnet\it\Microsoft.VisualStudio.Composition.Analyzers.resources.dll /analyzer:C:\Users\runneradmin\.nuget\packages\microsoft.visualstudio.composition.analyzers\17.7.40\analyzers\dotnet\ja\Microsoft.VisualStudio.Composition.Analyzers.resources.dll /analyzer:C:\Users\runneradmin\.nuget\packages\microsoft.visualstudio.composition.analyzers\17.7.40\analyzers\dotnet\ko\Microsoft.VisualStudio.Composition.Analyzers.resources.dll /analyzer:C:\Users\runneradmin\.nuget\packages\microsoft.visualstudio.composition.analyzers\17.7.40\analyzers\dotnet\pl\Microsoft.VisualStudio.Composition.Analyzers.resources.dll /analyzer:C:\Users\runneradmin\.nuget\packages\microsoft.visualstudio.composition.analyzers\17.7.40\analyzers\dotnet\pt-BR\Microsoft.VisualStudio.Composition.Analyzers.resources.dll /analyzer:C:\Users\runneradmin\.nuget\packages\microsoft.visualstudio.composition.analyzers\17.7.40\analyzers\dotnet\ru\Microsoft.VisualStudio.Composition.Analyzers.resources.dll /analyzer:C:\Users\runneradmin\.nuget\packages\microsoft.visualstudio.composition.analyzers\17.7.40\analyzers\dotnet\tr\Microsoft.VisualStudio.Composition.Analyzers.resources.dll /analyzer:C:\Users\runneradmin\.nuget\packages\microsoft.visualstudio.composition.analyzers\17.7.40\analyzers\dotnet\zh-Hans\Microsoft.VisualStudio.Composition.Analyzers.resources.dll /analyzer:C:\Users\runneradmin\.nuget\packages\microsoft.visualstudio.composition.analyzers\17.7.40\analyzers\dotnet\zh-Hant\Microsoft.VisualStudio.Composition.Analyzers.resources.dll /analyzer:C:\Users\runneradmin\.nuget\packages\microsoft.visualstudio.sdk.analyzers\16.10.10\analyzers\cs\Microsoft.VisualStudio.SDK.Analyzers.CodeFixes.dll /analyzer:C:\Users\runneradmin\.nuget\packages\microsoft.visualstudio.sdk.analyzers\16.10.10\analyzers\cs\Microsoft.VisualStudio.SDK.Analyzers.dll /analyzer:C:\Users\runneradmin\.nuget\packages\microsoft.visualstudio.threading.analyzers\17.9.28\analyzers\cs\Microsoft.VisualStudio.Threading.Analyzers.CSharp.dll /analyzer:C:\Users\runneradmin\.nuget\packages\microsoft.visualstudio.threading.analyzers\17.9.28\analyzers\cs\Microsoft.VisualStudio.Threading.Analyzers.CodeFixes.dll /analyzer:C:\Users\runneradmin\.nuget\packages\microsoft.visualstudio.threading.analyzers\17.9.28\analyzers\cs\Microsoft.VisualStudio.Threading.Analyzers.dll /analyzer:C:\Users\runneradmin\.nuget\packages\microsoft.visualstudio.threading.analyzers\17.9.28\analyzers\cs\cs\Microsoft.VisualStudio.Threading.Analyzers.CodeFixes.resources.dll /analyzer:C:\Users\runneradmin\.nuget\packages\microsoft.visualstudio.threading.analyzers\17.9.28\analyzers\cs\de\Microsoft.VisualStudio.Threading.Analyzers.CodeFixes.resources.dll /analyzer:C:\Users\runneradmin\.nuget\packages\microsoft.visualstudio.threading.analyzers\17.9.28\analyzers\cs\es\Microsoft.VisualStudio.Threading.Analyzers.CodeFixes.resources.dll /analyzer:C:\Users\runneradmin\.nuget\packages\microsoft.visualstudio.threading.analyzers\17.9.28\analyzers\cs\fr\Microsoft.VisualStudio.Threading.Analyzers.CodeFixes.resources.dll /analyzer:C:\Users\runneradmin\.nuget\packages\microsoft.visualstudio.threading.analyzers\17.9.28\analyzers\cs\it\Microsoft.VisualStudio.Threading.Analyzers.CodeFixes.resources.dll /analyzer:C:\Users\runneradmin\.nuget\packages\microsoft.visualstudio.threading.analyzers\17.9.28\analyzers\cs\ja\Microsoft.VisualStudio.Threading.Analyzers.CodeFixes.resources.dll /analyzer:C:\Users\runneradmin\.nuget\packages\microsoft.visualstudio.threading.analyzers\17.9.28\analyzers\cs\ko\Microsoft.VisualStudio.Threading.Analyzers.CodeFixes.resources.dll /analyzer:C:\Users\runneradmin\.nuget\packages\microsoft.visualstudio.threading.analyzers\17.9.28\analyzers\cs\pl\Microsoft.VisualStudio.Threading.Analyzers.CodeFixes.resources.dll /analyzer:C:\Users\runneradmin\.nuget\packages\microsoft.visualstudio.threading.analyzers\17.9.28\analyzers\cs\pt-BR\Microsoft.VisualStudio.Threading.Analyzers.CodeFixes.resources.dll /analyzer:C:\Users\runneradmin\.nuget\packages\microsoft.visualstudio.threading.analyzers\17.9.28\analyzers\cs\ru\Microsoft.VisualStudio.Threading.Analyzers.CodeFixes.resources.dll /analyzer:C:\Users\runneradmin\.nuget\packages\microsoft.visualstudio.threading.analyzers\17.9.28\analyzers\cs\tr\Microsoft.VisualStudio.Threading.Analyzers.CodeFixes.resources.dll /analyzer:C:\Users\runneradmin\.nuget\packages\microsoft.visualstudio.threading.analyzers\17.9.28\analyzers\cs\zh-Hans\Microsoft.VisualStudio.Threading.Analyzers.CodeFixes.resources.dll /analyzer:C:\Users\runneradmin\.nuget\packages\microsoft.visualstudio.threading.analyzers\17.9.28\analyzers\cs\zh-Hant\Microsoft.VisualStudio.Threading.Analyzers.CodeFixes.resources.dll /analyzer:C:\Users\runneradmin\.nuget\packages\system.text.json\8.0.0\analyzers\dotnet\roslyn3.11\cs\System.Text.Json.SourceGeneration.dll /analyzer:C:\Users\runneradmin\.nuget\packages\system.text.json\8.0.0\analyzers\dotnet\roslyn3.11\cs\cs\System.Text.Json.SourceGeneration.resources.dll /analyzer:C:\Users\runneradmin\.nuget\packages\system.text.json\8.0.0\analyzers\dotnet\roslyn3.11\cs\de\System.Text.Json.SourceGeneration.resources.dll /analyzer:C:\Users\runneradmin\.nuget\packages\system.text.json\8.0.0\analyzers\dotnet\roslyn3.11\cs\es\System.Text.Json.SourceGeneration.resources.dll /analyzer:C:\Users\runneradmin\.nuget\packages\system.text.json\8.0.0\analyzers\dotnet\roslyn3.11\cs\fr\System.Text.Json.SourceGeneration.resources.dll /analyzer:C:\Users\runneradmin\.nuget\packages\system.text.json\8.0.0\analyzers\dotnet\roslyn3.11\cs\it\System.Text.Json.SourceGeneration.resources.dll /analyzer:C:\Users\runneradmin\.nuget\packages\system.text.json\8.0.0\analyzers\dotnet\roslyn3.11\cs\ja\System.Text.Json.SourceGeneration.resources.dll /analyzer:C:\Users\runneradmin\.nuget\packages\system.text.json\8.0.0\analyzers\dotnet\roslyn3.11\cs\ko\System.Text.Json.SourceGeneration.resources.dll /analyzer:C:\Users\runneradmin\.nuget\packages\system.text.json\8.0.0\analyzers\dotnet\roslyn3.11\cs\pl\System.Text.Json.SourceGeneration.resources.dll /analyzer:C:\Users\runneradmin\.nuget\packages\system.text.json\8.0.0\analyzers\dotnet\roslyn3.11\cs\pt-BR\System.Text.Json.SourceGeneration.resources.dll /analyzer:C:\Users\runneradmin\.nuget\packages\system.text.json\8.0.0\analyzers\dotnet\roslyn3.11\cs\ru\System.Text.Json.SourceGeneration.resources.dll /analyzer:C:\Users\runneradmin\.nuget\packages\system.text.json\8.0.0\analyzers\dotnet\roslyn3.11\cs\tr\System.Text.Json.SourceGeneration.resources.dll /analyzer:C:\Users\runneradmin\.nuget\packages\system.text.json\8.0.0\analyzers\dotnet\roslyn3.11\cs\zh-Hans\System.Text.Json.SourceGeneration.resources.dll /analyzer:C:\Users\runneradmin\.nuget\packages\system.text.json\8.0.0\analyzers\dotnet\roslyn3.11\cs\zh-Hant\System.Text.Json.SourceGeneration.resources.dll /analyzer:C:\Users\runneradmin\.nuget\packages\system.text.json\8.0.0\analyzers\dotnet\roslyn4.0\cs\System.Text.Json.SourceGeneration.dll /analyzer:C:\Users\runneradmin\.nuget\packages\system.text.json\8.0.0\analyzers\dotnet\roslyn4.0\cs\cs\System.Text.Json.SourceGeneration.resources.dll /analyzer:C:\Users\runneradmin\.nuget\packages\system.text.json\8.0.0\analyzers\dotnet\roslyn4.0\cs\de\System.Text.Json.SourceGeneration.resources.dll /analyzer:C:\Users\runneradmin\.nuget\packages\system.text.json\8.0.0\analyzers\dotnet\roslyn4.0\cs\es\System.Text.Json.SourceGeneration.resources.dll /analyzer:C:\Users\runneradmin\.nuget\packages\system.text.json\8.0.0\analyzers\dotnet\roslyn4.0\cs\fr\System.Text.Json.SourceGeneration.resources.dll /analyzer:C:\Users\runneradmin\.nuget\packages\system.text.json\8.0.0\analyzers\dotnet\roslyn4.0\cs\it\System.Text.Json.SourceGeneration.resources.dll /analyzer:C:\Users\runneradmin\.nuget\packages\system.text.json\8.0.0\analyzers\dotnet\roslyn4.0\cs\ja\System.Text.Json.SourceGeneration.resources.dll /analyzer:C:\Users\runneradmin\.nuget\packages\system.text.json\8.0.0\analyzers\dotnet\roslyn4.0\cs\ko\System.Text.Json.SourceGeneration.resources.dll /analyzer:C:\Users\runneradmin\.nuget\packages\system.text.json\8.0.0\analyzers\dotnet\roslyn4.0\cs\pl\System.Text.Json.SourceGeneration.resources.dll /analyzer:C:\Users\runneradmin\.nuget\packages\system.text.json\8.0.0\analyzers\dotnet\roslyn4.0\cs\pt-BR\System.Text.Json.SourceGeneration.resources.dll /analyzer:C:\Users\runneradmin\.nuget\packages\system.text.json\8.0.0\analyzers\dotnet\roslyn4.0\cs\ru\System.Text.Json.SourceGeneration.resources.dll /analyzer:C:\Users\runneradmin\.nuget\packages\system.text.json\8.0.0\analyzers\dotnet\roslyn4.0\cs\tr\System.Text.Json.SourceGeneration.resources.dll /analyzer:C:\Users\runneradmin\.nuget\packages\system.text.json\8.0.0\analyzers\dotnet\roslyn4.0\cs\zh-Hans\System.Text.Json.SourceGeneration.resources.dll /analyzer:C:\Users\runneradmin\.nuget\packages\system.text.json\8.0.0\analyzers\dotnet\roslyn4.0\cs\zh-Hant\System.Text.Json.SourceGeneration.resources.dll /analyzer:C:\Users\runneradmin\.nuget\packages\system.text.json\8.0.0\analyzers\dotnet\roslyn4.4\cs\System.Text.Json.SourceGeneration.dll /analyzer:C:\Users\runneradmin\.nuget\packages\system.text.json\8.0.0\analyzers\dotnet\roslyn4.4\cs\cs\System.Text.Json.SourceGeneration.resources.dll /analyzer:C:\Users\runneradmin\.nuget\packages\system.text.json\8.0.0\analyzers\dotnet\roslyn4.4\cs\de\System.Text.Json.SourceGeneration.resources.dll /analyzer:C:\Users\runneradmin\.nuget\packages\system.text.json\8.0.0\analyzers\dotnet\roslyn4.4\cs\es\System.Text.Json.SourceGeneration.resources.dll /analyzer:C:\Users\runneradmin\.nuget\packages\system.text.json\8.0.0\analyzers\dotnet\roslyn4.4\cs\fr\System.Text.Json.SourceGeneration.resources.dll /analyzer:C:\Users\runneradmin\.nuget\packages\system.text.json\8.0.0\analyzers\dotnet\roslyn4.4\cs\it\System.Text.Json.SourceGeneration.resources.dll /analyzer:C:\Users\runneradmin\.nuget\packages\system.text.json\8.0.0\analyzers\dotnet\roslyn4.4\cs\ja\System.Text.Json.SourceGeneration.resources.dll /analyzer:C:\Users\runneradmin\.nuget\packages\system.text.json\8.0.0\analyzers\dotnet\roslyn4.4\cs\ko\System.Text.Json.SourceGeneration.resources.dll /analyzer:C:\Users\runneradmin\.nuget\packages\system.text.json\8.0.0\analyzers\dotnet\roslyn4.4\cs\pl\System.Text.Json.SourceGeneration.resources.dll /analyzer:C:\Users\runneradmin\.nuget\packages\system.text.json\8.0.0\analyzers\dotnet\roslyn4.4\cs\pt-BR\System.Text.Json.SourceGeneration.resources.dll /analyzer:C:\Users\runneradmin\.nuget\packages\system.text.json\8.0.0\analyzers\dotnet\roslyn4.4\cs\ru\System.Text.Json.SourceGeneration.resources.dll /analyzer:C:\Users\runneradmin\.nuget\packages\system.text.json\8.0.0\analyzers\dotnet\roslyn4.4\cs\tr\System.Text.Json.SourceGeneration.resources.dll /analyzer:C:\Users\runneradmin\.nuget\packages\system.text.json\8.0.0\analyzers\dotnet\roslyn4.4\cs\zh-Hans\System.Text.Json.SourceGeneration.resources.dll /analyzer:C:\Users\runneradmin\.nuget\packages\system.text.json\8.0.0\analyzers\dotnet\roslyn4.4\cs\zh-Hant\System.Text.Json.SourceGeneration.resources.dll ScriptDomFormatterTests.cs "obj\Release\.NETFramework,Version=v4.8.AssemblyAttributes.cs"
build-and-test	Build solution (Release)	2026-07-27T07:48:43.1375267Z          Compilation request SsmsSqlFormatter.Tests, PathToTool=C:\Program Files\Microsoft Visual Studio\18\Enterprise\MSBuild\Current\Bin\Roslyn\csc.exe
build-and-test	Build solution (Release)	2026-07-27T07:48:43.1375958Z          CommandLine = ' /noconfig'
build-and-test	Build solution (Release)	2026-07-27T07:48:43.1495488Z          BuildResponseFile = '/nowarn:1701,1702 /fullpaths /nostdlib+ /highentropyva+ /reference:C:\Users\runneradmin\.nuget\packages\envdte\17.9.37000\lib\net472\envdte.dll /reference:C:\Users\runneradmin\.nuget\packages\envdte100\17.9.37000\lib\net472\envdte100.dll /reference:C:\Users\runneradmin\.nuget\packages\envdte80\17.9.37000\lib\net472\envdte80.dll /reference:C:\Users\runneradmin\.nuget\packages\envdte90\17.9.37000\lib\net472\envdte90.dll /reference:C:\Users\runneradmin\.nuget\packages\envdte90a\17.9.37000\lib\net472\envdte90a.dll /reference:C:\Users\runneradmin\.nuget\packages\messagepack.annotations\2.5.108\lib\netstandard2.0\MessagePack.Annotations.dll /reference:C:\Users\runneradmin\.nuget\packages\messagepack\2.5.108\lib\netstandard2.0\MessagePack.dll /reference:C:\Users\runneradmin\.nuget\packages\microsoft.bcl.asyncinterfaces\8.0.0\lib\net462\Microsoft.Bcl.AsyncInterfaces.dll /reference:C:\Users\runneradmin\.nuget\packages\microsoft.build.framework\17.9.5\ref\net472\Microsoft.Build.Framework.dll /reference:C:\Users\runneradmin\.nuget\packages\microsoft.io.redist\6.0.0\lib\net472\Microsoft.IO.Redist.dll /reference:C:\Users\runneradmin\.nuget\packages\microsoft.servicehub.framework\4.4.22\lib\net472\Microsoft.ServiceHub.Framework.dll /reference:C:\Users\runneradmin\.nuget\packages\microsoft.servicehub.resources\4.4.4171\lib\net472\Microsoft.ServiceHub.Resources.dll /reference:C:\Users\runneradmin\.nuget\packages\microsoft.sqlserver.transactsql.scriptdom\180.18.1\lib\net472\Microsoft.SqlServer.TransactSql.ScriptDom.dll /reference:C:\Users\runneradmin\.nuget\packages\microsoft.codecoverage\17.9.0\lib\net462\Microsoft.VisualStudio.CodeCoverage.Shim.dll /reference:C:\Users\runneradmin\.nuget\packages\microsoft.visualstudio.commandbars\17.9.37000\lib\net472\Microsoft.VisualStudio.CommandBars.dll /reference:C:\Users\runneradmin\.nuget\packages\microsoft.visualstudio.componentmodelhost\17.9.187\lib\net472\Microsoft.VisualStudio.ComponentModelHost.dll /reference:C:\Users\runneradmin\.nuget\packages\microsoft.visualstudio.composition\17.7.40\lib\net472\Microsoft.VisualStudio.Composition.dll /reference:C:\Users\runneradmin\.nuget\packages\microsoft.visualstudio.coreutility\17.9.187\lib\net472\Microsoft.VisualStudio.CoreUtility.dll /reference:C:\Users\runneradmin\.nuget\packages\microsoft.visualstudio.debugger.interop.10.0\17.9.37000\lib\net472\Microsoft.VisualStudio.Debugger.Interop.10.0.dll /reference:C:\Users\runneradmin\.nuget\packages\microsoft.visualstudio.debugger.interop.12.0\17.9.37000\lib\net472\Microsoft.VisualStudio.Debugger.Interop.12.0.dll /reference:C:\Users\runneradmin\.nuget\packages\microsoft.visualstudio.debugger.interop.14.0\17.9.37000\lib\net472\Microsoft.VisualStudio.Debugger.Interop.14.0.dll /reference:C:\Users\runneradmin\.nuget\packages\microsoft.visualstudio.debugger.interop.15.0\17.9.37000\lib\net472\Microsoft.VisualStudio.Debugger.Interop.15.0.dll /reference:C:\Users\runneradmin\.nuget\packages\microsoft.visualstudio.debugger.interop.16.0\17.9.37000\lib\net472\Microsoft.VisualStudio.Debugger.Interop.16.0.dll /reference:C:\Users\runneradmin\.nuget\packages\microsoft.visualstudio.debugger.interopa\17.9.37000\lib\net472\Microsoft.VisualStudio.Debugger.InteropA.dll /reference:C:\Users\runneradmin\.nuget\packages\microsoft.visualstudio.designer.interfaces\17.9.37000\lib\net472\Microsoft.VisualStudio.Designer.Interfaces.dll /reference:C:\Users\runneradmin\.nuget\packages\microsoft.visualstudio.editor\17.9.187\lib\net472\Microsoft.VisualStudio.Editor.dll /reference:C:\Users\runneradmin\.nuget\packages\microsoft.visualstudio.graphmodel\17.9.37000\lib\net472\Microsoft.VisualStudio.GraphModel.dll /reference:C:\Users\runneradmin\.nuget\packages\microsoft.visualstudio.imagecatalog\17.9.37000\lib\net472\Microsoft.VisualStudio.ImageCatalog.dll /reference:C:\Users\runneradmin\.nuget\packages\microsoft.visualstudio.imaging\17.9.37000\lib\net472\Microsoft.VisualStudio.Imaging.dll /reference:C:\Users\runneradmin\.nuget\packages\microsoft.visualstudio.imaging.interop.14.0.designtime\17.9.37000\lib\net472\Microsoft.VisualStudio.Imaging.Interop.14.0.DesignTime.dll /reference:C:\Users\runneradmin\.nuget\packages\microsoft.visualstudio.interop\17.9.37000\lib\net472\Microsoft.VisualStudio.Interop.dll /reference:C:\Users\runneradmin\.nuget\packages\microsoft.visualstudio.language\17.9.187\lib\net472\Microsoft.VisualStudio.Language.dll /reference:C:\Users\runneradmin\.nuget\packages\microsoft.visualstudio.language.intellisense\17.9.187\lib\net472\Microsoft.VisualStudio.Language.Intellisense.dll /reference:C:\Users\runneradmin\.nuget\packages\microsoft.visualstudio.language.navigateto.interfaces\17.9.187\lib\net472\Microsoft.VisualStudio.Language.NavigateTo.Interfaces.dll /reference:C:\Users\runneradmin\.nuget\packages\microsoft.visualstudio.language.standardclassification\17.9.187\lib\net472\Microsoft.VisualStudio.Language.StandardClassification.dll /reference:C:\Users\runneradmin\.nuget\packages\microsoft.visualstudio.languageserver.client\17.9.46\lib\net472\Microsoft.VisualStudio.LanguageServer.Client.dll /reference:C:\Users\runneradmin\.nuget\packages\microsoft.visualstudio.linux.connectionmanager.store\17.9.37000\lib\net472\Microsoft.VisualStudio.Linux.ConnectionManager.Store.dll /reference:C:\Users\runneradmin\.nuget\packages\microsoft.visualstudio.ole.interop\17.9.37000\lib\net472\Microsoft.VisualStudio.OLE.Interop.dll /reference:C:\Users\runneradmin\.nuget\packages\microsoft.visualstudio.package.languageservice.15.0\17.9.37000\lib\net472\Microsoft.VisualStudio.Package.LanguageService.15.0.dll /reference:C:\Users\runneradmin\.nuget\packages\microsoft.visualstudio.projectaggregator\17.9.37000\lib\net472\Microsoft.VisualStudio.ProjectAggregator.dll /reference:C:\Users\runneradmin\.nuget\packages\microsoft.visualstudio.remotecontrol\16.3.52\lib\net45\Microsoft.VisualStudio.RemoteControl.dll /reference:C:\Users\runneradmin\.nuget\packages\microsoft.visualstudio.rpccontracts\17.9.7\lib\netstandard2.0\Microsoft.VisualStudio.RpcContracts.dll /reference:C:\Users\runneradmin\.nuget\packages\microsoft.visualstudio.setup.configuration.interop\3.9.2164\lib\net35\Microsoft.VisualStudio.Setup.Configuration.Interop.dll /reference:C:\Users\runneradmin\.nuget\packages\microsoft.visualstudio.shell.15.0\17.9.37000\lib\net472\Microsoft.VisualStudio.Shell.15.0.dll /reference:C:\Users\runneradmin\.nuget\packages\microsoft.visualstudio.shell.design\17.9.37000\lib\net472\Microsoft.VisualStudio.Shell.Design.dll /reference:C:\Users\runneradmin\.nuget\packages\microsoft.visualstudio.shell.framework\17.9.37000\lib\net472\Microsoft.VisualStudio.Shell.Framework.dll /reference:C:\Users\runneradmin\.nuget\packages\microsoft.visualstudio.shell.interop.10.0\17.9.37000\lib\net472\Microsoft.VisualStudio.Shell.Interop.10.0.dll /reference:C:\Users\runneradmin\.nuget\packages\microsoft.visualstudio.shell.interop.11.0\17.9.37000\lib\net472\Microsoft.VisualStudio.Shell.Interop.11.0.dll /reference:C:\Users\runneradmin\.nuget\packages\microsoft.visualstudio.shell.interop.12.0\17.9.37000\lib\net472\Microsoft.VisualStudio.Shell.Interop.12.0.dll /reference:C:\Users\runneradmin\.nuget\packages\microsoft.visualstudio.shell.interop.8.0\17.9.37000\lib\net472\Microsoft.VisualStudio.Shell.Interop.8.0.dll /reference:C:\Users\runneradmin\.nuget\packages\microsoft.visualstudio.shell.interop.9.0\17.9.37000\lib\net472\Microsoft.VisualStudio.Shell.Interop.9.0.dll /reference:C:\Users\runneradmin\.nuget\packages\microsoft.visualstudio.shell.interop\17.9.37000\lib\net472\Microsoft.VisualStudio.Shell.Interop.dll /reference:C:\Users\runneradmin\.nuget\packages\microsoft.visualstudio.taskrunnerexplorer.14.0\14.0.0\lib\net40\Microsoft.VisualStudio.TaskRunnerExplorer.14.0.dll /reference:C:\Users\runneradmin\.nuget\packages\microsoft.visualstudio.telemetry\17.9.305\lib\net45\Microsoft.VisualStudio.Telemetry.dll /reference:C:\Users\runneradmin\.nuget\packages\microsoft.visualstudio.text.data\17.9.187\lib\net472\Microsoft.VisualStudio.Text.Data.dll /reference:C:\Users\runneradmin\.nuget\packages\microsoft.visualstudio.text.logic\17.9.187\lib\net472\Microsoft.VisualStudio.Text.Logic.dll /reference:C:\Users\runneradmin\.nuget\packages\microsoft.visualstudio.text.ui\17.9.187\lib\net472\Microsoft.VisualStudio.Text.UI.dll /reference:C:\Users\runneradmin\.nuget\packages\microsoft.visualstudio.text.ui.wpf\17.9.187\lib\net472\Microsoft.VisualStudio.Text.UI.Wpf.dll /reference:C:\Users\runneradmin\.nuget\packages\microsoft.visualstudio.textmanager.interop.10.0\17.9.37000\lib\net472\Microsoft.VisualStudio.TextManager.Interop.10.0.dll /reference:C:\Users\runneradmin\.nuget\packages\microsoft.visualstudio.textmanager.interop.11.0\17.9.37000\lib\net472\Microsoft.VisualStudio.TextManager.Interop.11.0.dll /reference:C:\Users\runneradmin\.nuget\packages\microsoft.visualstudio.textmanager.interop.12.0\17.9.37000\lib\net472\Microsoft.VisualStudio.TextManager.Interop.12.0.dll /reference:C:\Users\runneradmin\.nuget\packages\microsoft.visualstudio.textmanager.interop.8.0\17.9.37000\lib\net472\Microsoft.VisualStudio.TextManager.Interop.8.0.dll /reference:C:\Users\runneradmin\.nuget\packages\microsoft.visualstudio.textmanager.interop.9.0\17.9.37000\lib\net472\Microsoft.VisualStudio.TextManager.Interop.9.0.dll /reference:C:\Users\runneradmin\.nuget\packages\microsoft.visualstudio.textmanager.interop\17.9.37000\lib\net472\Microsoft.VisualStudio.TextManager.Interop.dll /reference:C:\Users\runneradmin\.nuget\packages\microsoft.visualstudio.texttemplating.vshost\17.9.37000\lib\net472\Microsoft.VisualStudio.TextTemplating.VSHost.dll /reference:C:\Users\runneradmin\.nuget\packages\microsoft.visualstudio.threading\17.9.28\lib\net472\Microsoft.VisualStudio.Threading.dll /reference:C:\Users\runneradmin\.nuget\packages\microsoft.visualstudio.utilities\17.9.37000\lib\net472\Microsoft.VisualStudio.Utilities.dll /reference:C:\Users\runneradmin\.nuget\packages\microsoft.visualstudio.validation\17.8.8\lib\netstandard2.0\Microsoft.VisualStudio.Validation.dll /reference:C:\Users\runneradmin\.nuget\packages\microsoft.visualstudio.vcprojectengine\17.9.37000\lib\net472\Microsoft.VisualStudio.VCProjectEngine.dll /reference:C:\Users\runneradmin\.nuget\packages\microsoft.visualstudio.vshelp\17.9.37000\lib\net472\Microsoft.VisualStudio.VSHelp.dll /reference:C:\Users\runneradmin\.nuget\packages\microsoft.visualstudio.vshelp80\17.9.37000\lib\net472\Microsoft.VisualStudio.VSHelp80.dll /reference:C:\Users\runneradmin\.nuget\packages\microsoft.visualstudio.wcfreference.interop\17.9.37000\lib\net472\Microsoft.VisualStudio.WCFReference.Interop.dll /reference:C:\Users\runneradmin\.nuget\packages\microsoft.visualstudio.web.browserlink.12.0\12.0.0\lib\net40\Microsoft.VisualStudio.Web.BrowserLink.12.0.dll /reference:"C:\Program Files (x86)\Reference Assemblies\Microsoft\Framework\.NETFramework\v4.8\Facades\Microsoft.Win32.Primitives.dll" /reference:C:\Users\runneradmin\.nuget\packages\microsoft.win32.registry\5.0.0\ref\net461\Microsoft.Win32.Registry.dll /reference:"C:\Program Files (x86)\Reference Assemblies\Microsoft\Framework\.NETFramework\v4.8\mscorlib.dll" /reference:C:\Users\runneradmin\.nuget\packages\nerdbank.streams\2.10.69\lib\netstandard2.0\Nerdbank.Streams.dll /reference:C:\Users\runneradmin\.nuget\packages\newtonsoft.json\13.0.3\lib\net45\Newtonsoft.Json.dll /reference:C:\Users\runneradmin\.nuget\packages\nunit\3.13.3\lib\net45\nunit.framework.dll /reference:D:\a\SSMSSQLFormatter\SSMSSQLFormatter\src\SsmsSqlFormatter\bin\Release\SsmsSqlFormatter.dll /reference:C:\Users\runneradmin\.nuget\packages\stdole\17.9.37000\lib\net472\stdole.dll /reference:C:\Users\runneradmin\.nuget\packages\streamjsonrpc\2.17.11\lib\netstandard2.0\StreamJsonRpc.dll /reference:C:\Users\runneradmin\.nuget\packages\system.buffers\4.5.1\ref\net45\System.Buffers.dll /reference:C:\Users\runneradmin\.nuget\packages\system.collections.immutable\8.0.0\lib\net462\System.Collections.Immutable.dll /reference:C:\Users\runneradmin\.nuget\packages\system.composition.attributedmodel\8.0.0\lib\net462\System.Composition.AttributedModel.dll /reference:C:\Users\runneradmin\.nuget\packages\system.composition.convention\8.0.0\lib\net462\System.Composition.Convention.dll /reference:C:\Users\runneradmin\.nuget\packages\system.composition.hosting\8.0.0\lib\net462\System.Composition.Hosting.dll /reference:C:\Users\runneradmin\.nuget\packages\system.composition.runtime\8.0.0\lib\net462\System.Composition.Runtime.dll /reference:C:\Users\runneradmin\.nuget\packages\system.composition.typedparts\8.0.0\lib\net462\System.Composition.TypedParts.dll /reference:"C:\Program Files (x86)\Reference Assemblies\Microsoft\Framework\.NETFramework\v4.8\System.Core.dll" /reference:C:\Users\runneradmin\.nuget\packages\system.diagnostics.diagnosticsource\8.0.0\lib\net462\System.Diagnostics.DiagnosticSource.dll /reference:"C:\Program Files (x86)\Reference Assemblies\Microsoft\Framework\.NETFramework\v4.8\System.dll" /reference:C:\Users\runneradmin\.nuget\packages\system.io.pipelines\8.0.0\lib\net462\System.IO.Pipelines.dll /reference:C:\Users\runneradmin\.nuget\packages\system.memory\4.5.5\lib\net461\System.Memory.dll /reference:C:\Users\runneradmin\.nuget\packages\system.numerics.vectors\4.5.0\ref\net46\System.Numerics.Vectors.dll /reference:C:\Users\runneradmin\.nuget\packages\system.reflection.metadata\8.0.0\lib\net462\System.Reflection.Metadata.dll /reference:C:\Users\runneradmin\.nuget\packages\system.runtime.compilerservices.unsafe\6.0.0\lib\net461\System.Runtime.CompilerServices.Unsafe.dll /reference:C:\Users\runneradmin\.nuget\packages\system.security.accesscontrol\6.0.0\lib\net461\System.Security.AccessControl.dll /reference:C:\Users\runneradmin\.nuget\packages\system.security.principal.windows\5.0.0\ref\net461\System.Security.Principal.Windows.dll /reference:C:\Users\runneradmin\.nuget\packages\system.text.encodings.web\8.0.0\lib\net462\System.Text.Encodings.Web.dll /reference:C:\Users\runneradmin\.nuget\packages\system.text.json\8.0.0\lib\net462\System.Text.Json.dll /reference:C:\Users\runneradmin\.nuget\packages\system.threading.accesscontrol\8.0.0\lib\net462\System.Threading.AccessControl.dll /reference:C:\Users\runneradmin\.nuget\packages\system.threading.tasks.dataflow\8.0.0\lib\net462\System.Threading.Tasks.Dataflow.dll /reference:C:\Users\runneradmin\.nuget\packages\system.threading.tasks.extensions\4.5.4\lib\net461\System.Threading.Tasks.Extensions.dll /reference:C:\Users\runneradmin\.nuget\packages\system.valuetuple\4.5.0\ref\net47\System.ValueTuple.dll /reference:C:\Users\runneradmin\.nuget\packages\vslangproj\17.9.37000\lib\net472\VSLangProj.dll /reference:C:\Users\runneradmin\.nuget\packages\vslangproj100\17.9.37000\lib\net472\VSLangProj100.dll /reference:C:\Users\runneradmin\.nuget\packages\vslangproj110\17.9.37000\lib\net472\VSLangProj110.dll /reference:C:\Users\runneradmin\.nuget\packages\vslangproj140\17.9.37000\lib\net472\VSLangProj140.dll /reference:C:\Users\runneradmin\.nuget\packages\vslangproj150\17.9.37000\lib\net472\VSLangProj150.dll /reference:C:\Users\runneradmin\.nuget\packages\vslangproj157\17.9.37000\lib\net472\VSLangProj157.dll /reference:C:\Users\runneradmin\.nuget\packages\vslangproj158\17.9.37000\lib\net472\VSLangProj158.dll /reference:C:\Users\runneradmin\.nuget\packages\vslangproj165\17.9.37000\lib\net472\VSLangProj165.dll /reference:C:\Users\runneradmin\.nuget\packages\vslangproj2\17.9.37000\lib\net472\VSLangProj2.dll /reference:C:\Users\runneradmin\.nuget\packages\vslangproj80\17.9.37000\lib\net472\VSLangProj80.dll /reference:C:\Users\runneradmin\.nuget\packages\vslangproj90\17.9.37000\lib\net472\VSLangProj90.dll /reference:"C:\Program Files (x86)\Reference Assemblies\Microsoft\Framework\.NETFramework\v4.8\Facades\netstandard.dll" /out:obj\Release\SsmsSqlFormatter.Tests.dll /subsystemversion:6.00 /target:library /utf8output /langversion:7.3 /analyzer:C:\Users\runneradmin\.nuget\packages\microsoft.codeanalysis.bannedapianalyzers\3.3.2\analyzers\dotnet\cs\Microsoft.CodeAnalysis.BannedApiAnalyzers.dll /analyzer:C:\Users\runneradmin\.nuget\packages\microsoft.codeanalysis.bannedapianalyzers\3.3.2\analyzers\dotnet\cs\Microsoft.CodeAnalysis.CSharp.BannedApiAnalyzers.dll /analyzer:C:\Users\runneradmin\.nuget\packages\microsoft.codeanalysis.bannedapianalyzers\3.3.2\analyzers\dotnet\cs\cs\Microsoft.CodeAnalysis.BannedApiAnalyzers.resources.dll /analyzer:C:\Users\runneradmin\.nuget\packages\microsoft.codeanalysis.bannedapianalyzers\3.3.2\analyzers\dotnet\cs\de\Microsoft.CodeAnalysis.BannedApiAnalyzers.resources.dll /analyzer:C:\Users\runneradmin\.nuget\packages\microsoft.codeanalysis.bannedapianalyzers\3.3.2\analyzers\dotnet\cs\es\Microsoft.CodeAnalysis.BannedApiAnalyzers.resources.dll /analyzer:C:\Users\runneradmin\.nuget\packages\microsoft.codeanalysis.bannedapianalyzers\3.3.2\analyzers\dotnet\cs\fr\Microsoft.CodeAnalysis.BannedApiAnalyzers.resources.dll /analyzer:C:\Users\runneradmin\.nuget\packages\microsoft.codeanalysis.bannedapianalyzers\3.3.2\analyzers\dotnet\cs\it\Microsoft.CodeAnalysis.BannedApiAnalyzers.resources.dll /analyzer:C:\Users\runneradmin\.nuget\packages\microsoft.codeanalysis.bannedapianalyzers\3.3.2\analyzers\dotnet\cs\ja\Microsoft.CodeAnalysis.BannedApiAnalyzers.resources.dll /analyzer:C:\Users\runneradmin\.nuget\packages\microsoft.codeanalysis.bannedapianalyzers\3.3.2\analyzers\dotnet\cs\ko\Microsoft.CodeAnalysis.BannedApiAnalyzers.resources.dll /analyzer:C:\Users\runneradmin\.nuget\packages\microsoft.codeanalysis.bannedapianalyzers\3.3.2\analyzers\dotnet\cs\pl\Microsoft.CodeAnalysis.BannedApiAnalyzers.resources.dll /analyzer:C:\Users\runneradmin\.nuget\packages\microsoft.codeanalysis.bannedapianalyzers\3.3.2\analyzers\dotnet\cs\pt-BR\Microsoft.CodeAnalysis.BannedApiAnalyzers.resources.dll /analyzer:C:\Users\runneradmin\.nuget\packages\microsoft.codeanalysis.bannedapianalyzers\3.3.2\analyzers\dotnet\cs\ru\Microsoft.CodeAnalysis.BannedApiAnalyzers.resources.dll /analyzer:C:\Users\runneradmin\.nuget\packages\microsoft.codeanalysis.bannedapianalyzers\3.3.2\analyzers\dotnet\cs\tr\Microsoft.CodeAnalysis.BannedApiAnalyzers.resources.dll /analyzer:C:\Users\runneradmin\.nuget\packages\microsoft.codeanalysis.bannedapianalyzers\3.3.2\analyzers\dotnet\cs\zh-Hans\Microsoft.CodeAnalysis.BannedApiAnalyzers.resources.dll /analyzer:C:\Users\runneradmin\.nuget\packages\microsoft.codeanalysis.bannedapianalyzers\3.3.2\analyzers\dotnet\cs\zh-Hant\Microsoft.CodeAnalysis.BannedApiAnalyzers.resources.dll /analyzer:C:\Users\runneradmin\.nuget\packages\microsoft.servicehub.analyzers\4.4.22\analyzers\Microsoft.ServiceHub.Analyzers.dll /analyzer:C:\Users\runneradmin\.nuget\packages\microsoft.servicehub.analyzers\4.4.22\analyzers\cs\Microsoft.ServiceHub.Analyzers.resources.dll /analyzer:C:\Users\runneradmin\.nuget\packages\microsoft.servicehub.analyzers\4.4.22\analyzers\de\Microsoft.ServiceHub.Analyzers.resources.dll /analyzer:C:\Users\runneradmin\.nuget\packages\microsoft.servicehub.analyzers\4.4.22\analyzers\es\Microsoft.ServiceHub.Analyzers.resources.dll /analyzer:C:\Users\runneradmin\.nuget\packages\microsoft.servicehub.analyzers\4.4.22\analyzers\fr\Microsoft.ServiceHub.Analyzers.resources.dll /analyzer:C:\Users\runneradmin\.nuget\packages\microsoft.servicehub.analyzers\4.4.22\analyzers\it\Microsoft.ServiceHub.Analyzers.resources.dll /analyzer:C:\Users\runneradmin\.nuget\packages\microsoft.servicehub.analyzers\4.4.22\analyzers\ja\Microsoft.ServiceHub.Analyzers.resources.dll /analyzer:C:\Users\runneradmin\.nuget\packages\microsoft.servicehub.analyzers\4.4.22\analyzers\ko\Microsoft.ServiceHub.Analyzers.resources.dll /analyzer:C:\Users\runneradmin\.nuget\packages\microsoft.servicehub.analyzers\4.4.22\analyzers\pl\Microsoft.ServiceHub.Analyzers.resources.dll /analyzer:C:\Users\runneradmin\.nuget\packages\microsoft.servicehub.analyzers\4.4.22\analyzers\pt-BR\Microsoft.ServiceHub.Analyzers.resources.dll /analyzer:C:\Users\runneradmin\.nuget\packages\microsoft.servicehub.analyzers\4.4.22\analyzers\ru\Microsoft.ServiceHub.Analyzers.resources.dll /analyzer:C:\Users\runneradmin\.nuget\packages\microsoft.servicehub.analyzers\4.4.22\analyzers\tr\Microsoft.ServiceHub.Analyzers.resources.dll /analyzer:C:\Users\runneradmin\.nuget\packages\microsoft.servicehub.analyzers\4.4.22\analyzers\zh-Hans\Microsoft.ServiceHub.Analyzers.resources.dll /analyzer:C:\Users\runneradmin\.nuget\packages\microsoft.servicehub.analyzers\4.4.22\analyzers\zh-Hant\Microsoft.ServiceHub.Analyzers.resources.dll /analyzer:C:\Users\runneradmin\.nuget\packages\microsoft.visualstudio.composition.analyzers\17.7.40\analyzers\dotnet\Microsoft.VisualStudio.Composition.Analyzers.dll /analyzer:C:\Users\runneradmin\.nuget\packages\microsoft.visualstudio.composition.analyzers\17.7.40\analyzers\dotnet\cs\Microsoft.VisualStudio.Composition.Analyzers.resources.dll /analyzer:C:\Users\runneradmin\.nuget\packages\microsoft.visualstudio.composition.analyzers\17.7.40\analyzers\dotnet\de\Microsoft.VisualStudio.Composition.Analyzers.resources.dll /analyzer:C:\Users\runneradmin\.nuget\packages\microsoft.visualstudio.composition.analyzers\17.7.40\analyzers\dotnet\es\Microsoft.VisualStudio.Composition.Analyzers.resources.dll /analyzer:C:\Users\runneradmin\.nuget\packages\microsoft.visualstudio.composition.analyzers\17.7.40\analyzers\dotnet\fr\Microsoft.VisualStudio.Composition.Analyzers.resources.dll /analyzer:C:\Users\runneradmin\.nuget\packages\microsoft.visualstudio.composition.analyzers\17.7.40\analyzers\dotnet\it\Microsoft.VisualStudio.Composition.Analyzers.resources.dll /analyzer:C:\Users\runneradmin\.nuget\packages\microsoft.visualstudio.composition.analyzers\17.7.40\analyzers\dotnet\ja\Microsoft.VisualStudio.Composition.Analyzers.resources.dll /analyzer:C:\Users\runneradmin\.nuget\packages\microsoft.visualstudio.composition.analyzers\17.7.40\analyzers\dotnet\ko\Microsoft.VisualStudio.Composition.Analyzers.resources.dll /analyzer:C:\Users\runneradmin\.nuget\packages\microsoft.visualstudio.composition.analyzers\17.7.40\analyzers\dotnet\pl\Microsoft.VisualStudio.Composition.Analyzers.resources.dll /analyzer:C:\Users\runneradmin\.nuget\packages\microsoft.visualstudio.composition.analyzers\17.7.40\analyzers\dotnet\pt-BR\Microsoft.VisualStudio.Composition.Analyzers.resources.dll /analyzer:C:\Users\runneradmin\.nuget\packages\microsoft.visualstudio.composition.analyzers\17.7.40\analyzers\dotnet\ru\Microsoft.VisualStudio.Composition.Analyzers.resources.dll /analyzer:C:\Users\runneradmin\.nuget\packages\microsoft.visualstudio.composition.analyzers\17.7.40\analyzers\dotnet\tr\Microsoft.VisualStudio.Composition.Analyzers.resources.dll /analyzer:C:\Users\runneradmin\.nuget\packages\microsoft.visualstudio.composition.analyzers\17.7.40\analyzers\dotnet\zh-Hans\Microsoft.VisualStudio.Composition.Analyzers.resources.dll /analyzer:C:\Users\runneradmin\.nuget\packages\microsoft.visualstudio.composition.analyzers\17.7.40\analyzers\dotnet\zh-Hant\Microsoft.VisualStudio.Composition.Analyzers.resources.dll /analyzer:C:\Users\runneradmin\.nuget\packages\microsoft.visualstudio.sdk.analyzers\16.10.10\analyzers\cs\Microsoft.VisualStudio.SDK.Analyzers.CodeFixes.dll /analyzer:C:\Users\runneradmin\.nuget\packages\microsoft.visualstudio.sdk.analyzers\16.10.10\analyzers\cs\Microsoft.VisualStudio.SDK.Analyzers.dll /analyzer:C:\Users\runneradmin\.nuget\packages\microsoft.visualstudio.threading.analyzers\17.9.28\analyzers\cs\Microsoft.VisualStudio.Threading.Analyzers.CSharp.dll /analyzer:C:\Users\runneradmin\.nuget\packages\microsoft.visualstudio.threading.analyzers\17.9.28\analyzers\cs\Microsoft.VisualStudio.Threading.Analyzers.CodeFixes.dll /analyzer:C:\Users\runneradmin\.nuget\packages\microsoft.visualstudio.threading.analyzers\17.9.28\analyzers\cs\Microsoft.VisualStudio.Threading.Analyzers.dll /analyzer:C:\Users\runneradmin\.nuget\packages\microsoft.visualstudio.threading.analyzers\17.9.28\analyzers\cs\cs\Microsoft.VisualStudio.Threading.Analyzers.CodeFixes.resources.dll /analyzer:C:\Users\runneradmin\.nuget\packages\microsoft.visualstudio.threading.analyzers\17.9.28\analyzers\cs\de\Microsoft.VisualStudio.Threading.Analyzers.CodeFixes.resources.dll /analyzer:C:\Users\runneradmin\.nuget\packages\microsoft.visualstudio.threading.analyzers\17.9.28\analyzers\cs\es\Microsoft.VisualStudio.Threading.Analyzers.CodeFixes.resources.dll /analyzer:C:\Users\runneradmin\.nuget\packages\microsoft.visualstudio.threading.analyzers\17.9.28\analyzers\cs\fr\Microsoft.VisualStudio.Threading.Analyzers.CodeFixes.resources.dll /analyzer:C:\Users\runneradmin\.nuget\packages\microsoft.visualstudio.threading.analyzers\17.9.28\analyzers\cs\it\Microsoft.VisualStudio.Threading.Analyzers.CodeFixes.resources.dll /analyzer:C:\Users\runneradmin\.nuget\packages\microsoft.visualstudio.threading.analyzers\17.9.28\analyzers\cs\ja\Microsoft.VisualStudio.Threading.Analyzers.CodeFixes.resources.dll /analyzer:C:\Users\runneradmin\.nuget\packages\microsoft.visualstudio.threading.analyzers\17.9.28\analyzers\cs\ko\Microsoft.VisualStudio.Threading.Analyzers.CodeFixes.resources.dll /analyzer:C:\Users\runneradmin\.nuget\packages\microsoft.visualstudio.threading.analyzers\17.9.28\analyzers\cs\pl\Microsoft.VisualStudio.Threading.Analyzers.CodeFixes.resources.dll /analyzer:C:\Users\runneradmin\.nuget\packages\microsoft.visualstudio.threading.analyzers\17.9.28\analyzers\cs\pt-BR\Microsoft.VisualStudio.Threading.Analyzers.CodeFixes.resources.dll /analyzer:C:\Users\runneradmin\.nuget\packages\microsoft.visualstudio.threading.analyzers\17.9.28\analyzers\cs\ru\Microsoft.VisualStudio.Threading.Analyzers.CodeFixes.resources.dll /analyzer:C:\Users\runneradmin\.nuget\packages\microsoft.visualstudio.threading.analyzers\17.9.28\analyzers\cs\tr\Microsoft.VisualStudio.Threading.Analyzers.CodeFixes.resources.dll /analyzer:C:\Users\runneradmin\.nuget\packages\microsoft.visualstudio.threading.analyzers\17.9.28\analyzers\cs\zh-Hans\Microsoft.VisualStudio.Threading.Analyzers.CodeFixes.resources.dll /analyzer:C:\Users\runneradmin\.nuget\packages\microsoft.visualstudio.threading.analyzers\17.9.28\analyzers\cs\zh-Hant\Microsoft.VisualStudio.Threading.Analyzers.CodeFixes.resources.dll /analyzer:C:\Users\runneradmin\.nuget\packages\system.text.json\8.0.0\analyzers\dotnet\roslyn3.11\cs\System.Text.Json.SourceGeneration.dll /analyzer:C:\Users\runneradmin\.nuget\packages\system.text.json\8.0.0\analyzers\dotnet\roslyn3.11\cs\cs\System.Text.Json.SourceGeneration.resources.dll /analyzer:C:\Users\runneradmin\.nuget\packages\system.text.json\8.0.0\analyzers\dotnet\roslyn3.11\cs\de\System.Text.Json.SourceGeneration.resources.dll /analyzer:C:\Users\runneradmin\.nuget\packages\system.text.json\8.0.0\analyzers\dotnet\roslyn3.11\cs\es\System.Text.Json.SourceGeneration.resources.dll /analyzer:C:\Users\runneradmin\.nuget\packages\system.text.json\8.0.0\analyzers\dotnet\roslyn3.11\cs\fr\System.Text.Json.SourceGeneration.resources.dll /analyzer:C:\Users\runneradmin\.nuget\packages\system.text.json\8.0.0\analyzers\dotnet\roslyn3.11\cs\it\System.Text.Json.SourceGeneration.resources.dll /analyzer:C:\Users\runneradmin\.nuget\packages\system.text.json\8.0.0\analyzers\dotnet\roslyn3.11\cs\ja\System.Text.Json.SourceGeneration.resources.dll /analyzer:C:\Users\runneradmin\.nuget\packages\system.text.json\8.0.0\analyzers\dotnet\roslyn3.11\cs\ko\System.Text.Json.SourceGeneration.resources.dll /analyzer:C:\Users\runneradmin\.nuget\packages\system.text.json\8.0.0\analyzers\dotnet\roslyn3.11\cs\pl\System.Text.Json.SourceGeneration.resources.dll /analyzer:C:\Users\runneradmin\.nuget\packages\system.text.json\8.0.0\analyzers\dotnet\roslyn3.11\cs\pt-BR\System.Text.Json.SourceGeneration.resources.dll /analyzer:C:\Users\runneradmin\.nuget\packages\system.text.json\8.0.0\analyzers\dotnet\roslyn3.11\cs\ru\System.Text.Json.SourceGeneration.resources.dll /analyzer:C:\Users\runneradmin\.nuget\packages\system.text.json\8.0.0\analyzers\dotnet\roslyn3.11\cs\tr\System.Text.Json.SourceGeneration.resources.dll /analyzer:C:\Users\runneradmin\.nuget\packages\system.text.json\8.0.0\analyzers\dotnet\roslyn3.11\cs\zh-Hans\System.Text.Json.SourceGeneration.resources.dll /analyzer:C:\Users\runneradmin\.nuget\packages\system.text.json\8.0.0\analyzers\dotnet\roslyn3.11\cs\zh-Hant\System.Text.Json.SourceGeneration.resources.dll /analyzer:C:\Users\runneradmin\.nuget\packages\system.text.json\8.0.0\analyzers\dotnet\roslyn4.0\cs\System.Text.Json.SourceGeneration.dll /analyzer:C:\Users\runneradmin\.nuget\packages\system.text.json\8.0.0\analyzers\dotnet\roslyn4.0\cs\cs\System.Text.Json.SourceGeneration.resources.dll /analyzer:C:\Users\runneradmin\.nuget\packages\system.text.json\8.0.0\analyzers\dotnet\roslyn4.0\cs\de\System.Text.Json.SourceGeneration.resources.dll /analyzer:C:\Users\runneradmin\.nuget\packages\system.text.json\8.0.0\analyzers\dotnet\roslyn4.0\cs\es\System.Text.Json.SourceGeneration.resources.dll /analyzer:C:\Users\runneradmin\.nuget\packages\system.text.json\8.0.0\analyzers\dotnet\roslyn4.0\cs\fr\System.Text.Json.SourceGeneration.resources.dll /analyzer:C:\Users\runneradmin\.nuget\packages\system.text.json\8.0.0\analyzers\dotnet\roslyn4.0\cs\it\System.Text.Json.SourceGeneration.resources.dll /analyzer:C:\Users\runneradmin\.nuget\packages\system.text.json\8.0.0\analyzers\dotnet\roslyn4.0\cs\ja\System.Text.Json.SourceGeneration.resources.dll /analyzer:C:\Users\runneradmin\.nuget\packages\system.text.json\8.0.0\analyzers\dotnet\roslyn4.0\cs\ko\System.Text.Json.SourceGeneration.resources.dll /analyzer:C:\Users\runneradmin\.nuget\packages\system.text.json\8.0.0\analyzers\dotnet\roslyn4.0\cs\pl\System.Text.Json.SourceGeneration.resources.dll /analyzer:C:\Users\runneradmin\.nuget\packages\system.text.json\8.0.0\analyzers\dotnet\roslyn4.0\cs\pt-BR\System.Text.Json.SourceGeneration.resources.dll /analyzer:C:\Users\runneradmin\.nuget\packages\system.text.json\8.0.0\analyzers\dotnet\roslyn4.0\cs\ru\System.Text.Json.SourceGeneration.resources.dll /analyzer:C:\Users\runneradmin\.nuget\packages\system.text.json\8.0.0\analyzers\dotnet\roslyn4.0\cs\tr\System.Text.Json.SourceGeneration.resources.dll /analyzer:C:\Users\runneradmin\.nuget\packages\system.text.json\8.0.0\analyzers\dotnet\roslyn4.0\cs\zh-Hans\System.Text.Json.SourceGeneration.resources.dll /analyzer:C:\Users\runneradmin\.nuget\packages\system.text.json\8.0.0\analyzers\dotnet\roslyn4.0\cs\zh-Hant\System.Text.Json.SourceGeneration.resources.dll /analyzer:C:\Users\runneradmin\.nuget\packages\system.text.json\8.0.0\analyzers\dotnet\roslyn4.4\cs\System.Text.Json.SourceGeneration.dll /analyzer:C:\Users\runneradmin\.nuget\packages\system.text.json\8.0.0\analyzers\dotnet\roslyn4.4\cs\cs\System.Text.Json.SourceGeneration.resources.dll /analyzer:C:\Users\runneradmin\.nuget\packages\system.text.json\8.0.0\analyzers\dotnet\roslyn4.4\cs\de\System.Text.Json.SourceGeneration.resources.dll /analyzer:C:\Users\runneradmin\.nuget\packages\system.text.json\8.0.0\analyzers\dotnet\roslyn4.4\cs\es\System.Text.Json.SourceGeneration.resources.dll /analyzer:C:\Users\runneradmin\.nuget\packages\system.text.json\8.0.0\analyzers\dotnet\roslyn4.4\cs\fr\System.Text.Json.SourceGeneration.resources.dll /analyzer:C:\Users\runneradmin\.nuget\packages\system.text.json\8.0.0\analyzers\dotnet\roslyn4.4\cs\it\System.Text.Json.SourceGeneration.resources.dll /analyzer:C:\Users\runneradmin\.nuget\packages\system.text.json\8.0.0\analyzers\dotnet\roslyn4.4\cs\ja\System.Text.Json.SourceGeneration.resources.dll /analyzer:C:\Users\runneradmin\.nuget\packages\system.text.json\8.0.0\analyzers\dotnet\roslyn4.4\cs\ko\System.Text.Json.SourceGeneration.resources.dll /analyzer:C:\Users\runneradmin\.nuget\packages\system.text.json\8.0.0\analyzers\dotnet\roslyn4.4\cs\pl\System.Text.Json.SourceGeneration.resources.dll /analyzer:C:\Users\runneradmin\.nuget\packages\system.text.json\8.0.0\analyzers\dotnet\roslyn4.4\cs\pt-BR\System.Text.Json.SourceGeneration.resources.dll /analyzer:C:\Users\runneradmin\.nuget\packages\system.text.json\8.0.0\analyzers\dotnet\roslyn4.4\cs\ru\System.Text.Json.SourceGeneration.resources.dll /analyzer:C:\Users\runneradmin\.nuget\packages\system.text.json\8.0.0\analyzers\dotnet\roslyn4.4\cs\tr\System.Text.Json.SourceGeneration.resources.dll /analyzer:C:\Users\runneradmin\.nuget\packages\system.text.json\8.0.0\analyzers\dotnet\roslyn4.4\cs\zh-Hans\System.Text.Json.SourceGeneration.resources.dll /analyzer:C:\Users\runneradmin\.nuget\packages\system.text.json\8.0.0\analyzers\dotnet\roslyn4.4\cs\zh-Hant\System.Text.Json.SourceGeneration.resources.dll ScriptDomFormatterTests.cs "obj\Release\.NETFramework,Version=v4.8.AssemblyAttributes.cs"'
build-and-test	Build solution (Release)	2026-07-27T07:48:43.1620910Z          Attempt to open named pipe 'lk3GEFz8Fq7L5CzBTij4YT+Po32XgtYut3dBs3ahqvk'
build-and-test	Build solution (Release)	2026-07-27T07:48:43.1621474Z          Attempt to connect named pipe 'lk3GEFz8Fq7L5CzBTij4YT+Po32XgtYut3dBs3ahqvk'
build-and-test	Build solution (Release)	2026-07-27T07:48:43.1621988Z          Named pipe 'lk3GEFz8Fq7L5CzBTij4YT+Po32XgtYut3dBs3ahqvk' connected
build-and-test	Build solution (Release)	2026-07-27T07:48:43.1622414Z          Begin writing request for SsmsSqlFormatter.Tests
build-and-test	Build solution (Release)	2026-07-27T07:48:43.1622741Z          End writing request for SsmsSqlFormatter.Tests
build-and-test	Build solution (Release)	2026-07-27T07:48:43.1623063Z          Begin reading response for SsmsSqlFormatter.Tests
build-and-test	Build solution (Release)	2026-07-27T07:48:43.5809496Z          End reading response for SsmsSqlFormatter.Tests
build-and-test	Build solution (Release)	2026-07-27T07:48:43.5821239Z          CompilerServer: server failed - server rejected the request due to analyzer / generator issues 'analyzer assembly 'C:\Users\runneradmin\.nuget\packages\system.text.json\8.0.0\analyzers\dotnet\roslyn4.0\cs\System.Text.Json.SourceGeneration.dll' has MVID 'e8e28680-d8d0-48d1-a6a6-a02210b8cd70' but loaded assembly 'C:\Users\runneradmin\.nuget\packages\system.text.json\8.0.0\analyzers\dotnet\roslyn3.11\cs\System.Text.Json.SourceGeneration.dll' has MVID '56b47d8a-b70a-4b53-af34-14a533408d0d', analyzer assembly 'C:\Users\runneradmin\.nuget\packages\system.text.json\8.0.0\analyzers\dotnet\roslyn4.4\cs\System.Text.Json.SourceGeneration.dll' has MVID '2ea25df6-c944-4225-b6b3-f20b90a41170' but loaded assembly 'C:\Users\runneradmin\.nuget\packages\system.text.json\8.0.0\analyzers\dotnet\roslyn3.11\cs\System.Text.Json.SourceGeneration.dll' has MVID '56b47d8a-b70a-4b53-af34-14a533408d0d'' - SsmsSqlFormatter.Tests
build-and-test	Build solution (Release)	2026-07-27T07:48:44.7234051Z        _CopyFilesMarkedCopyLocal:
build-and-test	Build solution (Release)	2026-07-27T07:48:44.7262481Z          Copying file from "C:\Users\runneradmin\.nuget\packages\microsoft.codecoverage\17.9.0\lib\net462\Microsoft.VisualStudio.CodeCoverage.Shim.dll" to "D:\a\SSMSSQLFormatter\SSMSSQLFormatter\src\SsmsSqlFormatter.Tests\bin\Release\Microsoft.VisualStudio.CodeCoverage.Shim.dll".
build-and-test	Build solution (Release)	2026-07-27T07:48:44.7270477Z          Copying file from "C:\Users\runneradmin\.nuget\packages\microsoft.sqlserver.transactsql.scriptdom\180.18.1\lib\net472\Microsoft.SqlServer.TransactSql.ScriptDom.dll" to "D:\a\SSMSSQLFormatter\SSMSSQLFormatter\src\SsmsSqlFormatter.Tests\bin\Release\Microsoft.SqlServer.TransactSql.ScriptDom.dll".
build-and-test	Build solution (Release)	2026-07-27T07:48:44.7275957Z          Copying file from "C:\Users\runneradmin\.nuget\packages\microsoft.sqlserver.transactsql.scriptdom\180.18.1\lib\net472\Microsoft.SqlServer.TransactSql.ScriptDom.pdb" to "D:\a\SSMSSQLFormatter\SSMSSQLFormatter\src\SsmsSqlFormatter.Tests\bin\Release\Microsoft.SqlServer.TransactSql.ScriptDom.pdb".
build-and-test	Build solution (Release)	2026-07-27T07:48:44.7288846Z          Creating directory "bin\Release\de".
build-and-test	Build solution (Release)	2026-07-27T07:48:44.7293266Z          Creating directory "bin\Release\cs".
build-and-test	Build solution (Release)	2026-07-27T07:48:44.7296544Z          Copying file from "C:\Users\runneradmin\.nuget\packages\microsoft.sqlserver.transactsql.scriptdom\180.18.1\lib\net472\de\Microsoft.SqlServer.TransactSql.ScriptDom.resources.dll" to "D:\a\SSMSSQLFormatter\SSMSSQLFormatter\src\SsmsSqlFormatter.Tests\bin\Release\de\Microsoft.SqlServer.TransactSql.ScriptDom.resources.dll".
build-and-test	Build solution (Release)	2026-07-27T07:48:44.7300435Z          Copying file from "C:\Users\runneradmin\.nuget\packages\microsoft.sqlserver.transactsql.scriptdom\180.18.1\lib\net472\cs\Microsoft.SqlServer.TransactSql.ScriptDom.resources.dll" to "D:\a\SSMSSQLFormatter\SSMSSQLFormatter\src\SsmsSqlFormatter.Tests\bin\Release\cs\Microsoft.SqlServer.TransactSql.ScriptDom.resources.dll".
build-and-test	Build solution (Release)	2026-07-27T07:48:44.7304761Z          Creating directory "bin\Release\es".
build-and-test	Build solution (Release)	2026-07-27T07:48:44.7307239Z          Copying file from "C:\Users\runneradmin\.nuget\packages\microsoft.sqlserver.transactsql.scriptdom\180.18.1\lib\net472\es\Microsoft.SqlServer.TransactSql.ScriptDom.resources.dll" to "D:\a\SSMSSQLFormatter\SSMSSQLFormatter\src\SsmsSqlFormatter.Tests\bin\Release\es\Microsoft.SqlServer.TransactSql.ScriptDom.resources.dll".
build-and-test	Build solution (Release)	2026-07-27T07:48:44.7310245Z          Creating directory "bin\Release\fr".
build-and-test	Build solution (Release)	2026-07-27T07:48:44.7310625Z          Creating directory "bin\Release\ja".
build-and-test	Build solution (Release)	2026-07-27T07:48:44.7310921Z          Creating directory "bin\Release\it".
build-and-test	Build solution (Release)	2026-07-27T07:48:44.7313949Z          Copying file from "C:\Users\runneradmin\.nuget\packages\microsoft.sqlserver.transactsql.scriptdom\180.18.1\lib\net472\fr\Microsoft.SqlServer.TransactSql.ScriptDom.resources.dll" to "D:\a\SSMSSQLFormatter\SSMSSQLFormatter\src\SsmsSqlFormatter.Tests\bin\Release\fr\Microsoft.SqlServer.TransactSql.ScriptDom.resources.dll".
build-and-test	Build solution (Release)	2026-07-27T07:48:44.7322766Z          Copying file from "C:\Users\runneradmin\.nuget\packages\microsoft.sqlserver.transactsql.scriptdom\180.18.1\lib\net472\it\Microsoft.SqlServer.TransactSql.ScriptDom.resources.dll" to "D:\a\SSMSSQLFormatter\SSMSSQLFormatter\src\SsmsSqlFormatter.Tests\bin\Release\it\Microsoft.SqlServer.TransactSql.ScriptDom.resources.dll".
build-and-test	Build solution (Release)	2026-07-27T07:48:44.7327731Z          Copying file from "C:\Users\runneradmin\.nuget\packages\microsoft.sqlserver.transactsql.scriptdom\180.18.1\lib\net472\ja\Microsoft.SqlServer.TransactSql.ScriptDom.resources.dll" to "D:\a\SSMSSQLFormatter\SSMSSQLFormatter\src\SsmsSqlFormatter.Tests\bin\Release\ja\Microsoft.SqlServer.TransactSql.ScriptDom.resources.dll".
build-and-test	Build solution (Release)	2026-07-27T07:48:44.7329238Z          Creating directory "bin\Release\ko".
build-and-test	Build solution (Release)	2026-07-27T07:48:44.7332527Z          Copying file from "C:\Users\runneradmin\.nuget\packages\microsoft.sqlserver.transactsql.scriptdom\180.18.1\lib\net472\ko\Microsoft.SqlServer.TransactSql.ScriptDom.resources.dll" to "D:\a\SSMSSQLFormatter\SSMSSQLFormatter\src\SsmsSqlFormatter.Tests\bin\Release\ko\Microsoft.SqlServer.TransactSql.ScriptDom.resources.dll".
build-and-test	Build solution (Release)	2026-07-27T07:48:44.7334463Z          Creating directory "bin\Release\pl".
build-and-test	Build solution (Release)	2026-07-27T07:48:44.7335797Z          Copying file from "C:\Users\runneradmin\.nuget\packages\microsoft.sqlserver.transactsql.scriptdom\180.18.1\lib\net472\pl\Microsoft.SqlServer.TransactSql.ScriptDom.resources.dll" to "D:\a\SSMSSQLFormatter\SSMSSQLFormatter\src\SsmsSqlFormatter.Tests\bin\Release\pl\Microsoft.SqlServer.TransactSql.ScriptDom.resources.dll".
build-and-test	Build solution (Release)	2026-07-27T07:48:44.7346229Z          Creating directory "bin\Release\pt-BR".
build-and-test	Build solution (Release)	2026-07-27T07:48:44.7349053Z          Creating directory "bin\Release\ru".
build-and-test	Build solution (Release)	2026-07-27T07:48:44.7349826Z          Creating directory "bin\Release\tr".
build-and-test	Build solution (Release)	2026-07-27T07:48:44.7357238Z          Copying file from "C:\Users\runneradmin\.nuget\packages\microsoft.sqlserver.transactsql.scriptdom\180.18.1\lib\net472\pt-BR\Microsoft.SqlServer.TransactSql.ScriptDom.resources.dll" to "D:\a\SSMSSQLFormatter\SSMSSQLFormatter\src\SsmsSqlFormatter.Tests\bin\Release\pt-BR\Microsoft.SqlServer.TransactSql.ScriptDom.resources.dll".
build-and-test	Build solution (Release)	2026-07-27T07:48:44.7361371Z          Copying file from "C:\Users\runneradmin\.nuget\packages\microsoft.sqlserver.transactsql.scriptdom\180.18.1\lib\net472\ru\Microsoft.SqlServer.TransactSql.ScriptDom.resources.dll" to "D:\a\SSMSSQLFormatter\SSMSSQLFormatter\src\SsmsSqlFormatter.Tests\bin\Release\ru\Microsoft.SqlServer.TransactSql.ScriptDom.resources.dll".
build-and-test	Build solution (Release)	2026-07-27T07:48:44.7367576Z          Creating directory "bin\Release\zh-Hans".
build-and-test	Build solution (Release)	2026-07-27T07:48:44.7373111Z          Copying file from "C:\Users\runneradmin\.nuget\packages\microsoft.sqlserver.transactsql.scriptdom\180.18.1\lib\net472\tr\Microsoft.SqlServer.TransactSql.ScriptDom.resources.dll" to "D:\a\SSMSSQLFormatter\SSMSSQLFormatter\src\SsmsSqlFormatter.Tests\bin\Release\tr\Microsoft.SqlServer.TransactSql.ScriptDom.resources.dll".
build-and-test	Build solution (Release)	2026-07-27T07:48:44.7381045Z          Copying file from "C:\Users\runneradmin\.nuget\packages\microsoft.sqlserver.transactsql.scriptdom\180.18.1\lib\net472\zh-Hans\Microsoft.SqlServer.TransactSql.ScriptDom.resources.dll" to "D:\a\SSMSSQLFormatter\SSMSSQLFormatter\src\SsmsSqlFormatter.Tests\bin\Release\zh-Hans\Microsoft.SqlServer.TransactSql.ScriptDom.resources.dll".
build-and-test	Build solution (Release)	2026-07-27T07:48:44.7384209Z          Creating directory "bin\Release\zh-Hant".
build-and-test	Build solution (Release)	2026-07-27T07:48:44.7386308Z          Copying file from "C:\Users\runneradmin\.nuget\packages\microsoft.sqlserver.transactsql.scriptdom\180.18.1\lib\net472\zh-Hant\Microsoft.SqlServer.TransactSql.ScriptDom.resources.dll" to "D:\a\SSMSSQLFormatter\SSMSSQLFormatter\src\SsmsSqlFormatter.Tests\bin\Release\zh-Hant\Microsoft.SqlServer.TransactSql.ScriptDom.resources.dll".
build-and-test	Build solution (Release)	2026-07-27T07:48:44.7391995Z          Copying file from "C:\Users\runneradmin\.nuget\packages\newtonsoft.json\13.0.3\lib\net45\Newtonsoft.Json.dll" to "D:\a\SSMSSQLFormatter\SSMSSQLFormatter\src\SsmsSqlFormatter.Tests\bin\Release\Newtonsoft.Json.dll".
build-and-test	Build solution (Release)	2026-07-27T07:48:44.7397614Z          Copying file from "C:\Users\runneradmin\.nuget\packages\nunit\3.13.3\lib\net45\nunit.framework.dll" to "D:\a\SSMSSQLFormatter\SSMSSQLFormatter\src\SsmsSqlFormatter.Tests\bin\Release\nunit.framework.dll".
build-and-test	Build solution (Release)	2026-07-27T07:48:44.7401534Z          Copying file from "D:\a\SSMSSQLFormatter\SSMSSQLFormatter\src\SsmsSqlFormatter\bin\Release\SsmsSqlFormatter.dll" to "D:\a\SSMSSQLFormatter\SSMSSQLFormatter\src\SsmsSqlFormatter.Tests\bin\Release\SsmsSqlFormatter.dll".
build-and-test	Build solution (Release)	2026-07-27T07:48:44.7404064Z          Copying file from "D:\a\SSMSSQLFormatter\SSMSSQLFormatter\src\SsmsSqlFormatter\bin\Release\SsmsSqlFormatter.pdb" to "D:\a\SSMSSQLFormatter\SSMSSQLFormatter\src\SsmsSqlFormatter.Tests\bin\Release\SsmsSqlFormatter.pdb".
build-and-test	Build solution (Release)	2026-07-27T07:48:44.7407145Z          Creating "D:\a\SSMSSQLFormatter\SSMSSQLFormatter\src\SsmsSqlFormatter.Tests\obj\Release\SsmsSqlF.09F3203C.Up2Date" because "AlwaysCreate" was specified.
build-and-test	Build solution (Release)	2026-07-27T07:48:44.7408399Z          Touching "D:\a\SSMSSQLFormatter\SSMSSQLFormatter\src\SsmsSqlFormatter.Tests\obj\Release\SsmsSqlF.09F3203C.Up2Date".
build-and-test	Build solution (Release)	2026-07-27T07:48:44.7409121Z        _CopyOutOfDateSourceItemsToOutputDirectory:
build-and-test	Build solution (Release)	2026-07-27T07:48:44.7410909Z          Copying file from "C:\Users\runneradmin\.nuget\packages\nunit3testadapter\4.4.1\build\net462\NUnit3.TestAdapter.pdb" to "D:\a\SSMSSQLFormatter\SSMSSQLFormatter\src\SsmsSqlFormatter.Tests\bin\Release\NUnit3.TestAdapter.pdb".
build-and-test	Build solution (Release)	2026-07-27T07:48:44.7413113Z          Copying file from "C:\Users\runneradmin\.nuget\packages\nunit3testadapter\4.4.1\build\net462\nunit.engine.dll" to "D:\a\SSMSSQLFormatter\SSMSSQLFormatter\src\SsmsSqlFormatter.Tests\bin\Release\nunit.engine.dll".
build-and-test	Build solution (Release)	2026-07-27T07:48:44.7414652Z          Copying file from "C:\Users\runneradmin\.nuget\packages\nunit3testadapter\4.4.1\build\net462\NUnit3.TestAdapter.dll" to "D:\a\SSMSSQLFormatter\SSMSSQLFormatter\src\SsmsSqlFormatter.Tests\bin\Release\NUnit3.TestAdapter.dll".
build-and-test	Build solution (Release)	2026-07-27T07:48:44.7416211Z          Copying file from "C:\Users\runneradmin\.nuget\packages\nunit3testadapter\4.4.1\build\net462\nunit.engine.api.dll" to "D:\a\SSMSSQLFormatter\SSMSSQLFormatter\src\SsmsSqlFormatter.Tests\bin\Release\nunit.engine.api.dll".
build-and-test	Build solution (Release)	2026-07-27T07:48:44.7417734Z          Copying file from "C:\Users\runneradmin\.nuget\packages\nunit3testadapter\4.4.1\build\net462\nunit.engine.core.dll" to "D:\a\SSMSSQLFormatter\SSMSSQLFormatter\src\SsmsSqlFormatter.Tests\bin\Release\nunit.engine.core.dll".
build-and-test	Build solution (Release)	2026-07-27T07:48:44.7419334Z          Copying file from "C:\Users\runneradmin\.nuget\packages\nunit3testadapter\4.4.1\build\net462\testcentric.engine.metadata.dll" to "D:\a\SSMSSQLFormatter\SSMSSQLFormatter\src\SsmsSqlFormatter.Tests\bin\Release\testcentric.engine.metadata.dll".
build-and-test	Build solution (Release)	2026-07-27T07:48:44.7421993Z        _CopyAppConfigFile:
build-and-test	Build solution (Release)	2026-07-27T07:48:44.7426419Z          Copying file from "D:\a\SSMSSQLFormatter\SSMSSQLFormatter\src\SsmsSqlFormatter.Tests\obj\Release\SsmsSqlFormatter.Tests.dll.config" to "D:\a\SSMSSQLFormatter\SSMSSQLFormatter\src\SsmsSqlFormatter.Tests\bin\Release\SsmsSqlFormatter.Tests.dll.config".
build-and-test	Build solution (Release)	2026-07-27T07:48:44.7429022Z        CopyFilesToOutputDirectory:
build-and-test	Build solution (Release)	2026-07-27T07:48:44.7433564Z          Copying file from "D:\a\SSMSSQLFormatter\SSMSSQLFormatter\src\SsmsSqlFormatter.Tests\obj\Release\SsmsSqlFormatter.Tests.dll" to "D:\a\SSMSSQLFormatter\SSMSSQLFormatter\src\SsmsSqlFormatter.Tests\bin\Release\SsmsSqlFormatter.Tests.dll".
build-and-test	Build solution (Release)	2026-07-27T07:48:44.7436393Z          SsmsSqlFormatter.Tests -> D:\a\SSMSSQLFormatter\SSMSSQLFormatter\src\SsmsSqlFormatter.Tests\bin\Release\SsmsSqlFormatter.Tests.dll
build-and-test	Build solution (Release)	2026-07-27T07:48:44.7480943Z      4>Done Building Project "D:\a\SSMSSQLFormatter\SSMSSQLFormatter\src\SsmsSqlFormatter.Tests\SsmsSqlFormatter.Tests.csproj" (default targets).
build-and-test	Build solution (Release)	2026-07-27T07:48:44.7498768Z      1>Done Building Project "D:\a\SSMSSQLFormatter\SSMSSQLFormatter\SsmsSqlFormatter.sln" (default targets).
build-and-test	Build solution (Release)	2026-07-27T07:48:44.7559321Z 
build-and-test	Build solution (Release)	2026-07-27T07:48:44.7559568Z Build succeeded.
build-and-test	Build solution (Release)	2026-07-27T07:48:44.7561009Z 
build-and-test	Build solution (Release)	2026-07-27T07:48:44.7561501Z        "D:\a\SSMSSQLFormatter\SSMSSQLFormatter\SsmsSqlFormatter.sln" (default target) (1) ->
build-and-test	Build solution (Release)	2026-07-27T07:48:44.7562718Z        "D:\a\SSMSSQLFormatter\SSMSSQLFormatter\src\SsmsSqlFormatter\SsmsSqlFormatter.csproj" (default target) (2) ->
build-and-test	Build solution (Release)	2026-07-27T07:48:44.7563773Z        (CoreCompile target) -> 
build-and-test	Build solution (Release)	2026-07-27T07:48:44.7565077Z          D:\a\SSMSSQLFormatter\SSMSSQLFormatter\src\SsmsSqlFormatter\FormatSqlCommand.cs(739,17): warning VSSDK006: Check whether the result of GetService calls is null. (https://github.com/Microsoft/VSSDK-Analyzers/blob/main/doc/VSSDK006.md) [D:\a\SSMSSQLFormatter\SSMSSQLFormatter\src\SsmsSqlFormatter\SsmsSqlFormatter.csproj]
build-and-test	Build solution (Release)	2026-07-27T07:48:44.7567354Z          D:\a\SSMSSQLFormatter\SSMSSQLFormatter\src\SsmsSqlFormatter\FormatSqlCommand.cs(654,17): warning VSSDK006: Check whether the result of GetService calls is null. (https://github.com/Microsoft/VSSDK-Analyzers/blob/main/doc/VSSDK006.md) [D:\a\SSMSSQLFormatter\SSMSSQLFormatter\src\SsmsSqlFormatter\SsmsSqlFormatter.csproj]
build-and-test	Build solution (Release)	2026-07-27T07:48:44.7570373Z          D:\a\SSMSSQLFormatter\SSMSSQLFormatter\src\SsmsSqlFormatter\FormatSqlCommand.cs(493,40): warning VSTHRD010: Accessing "SsmsSqlFormatter.FormatSqlCommand.GetActiveQueryText" should only be done on the main thread. Call Microsoft.VisualStudio.Shell.ThreadHelper.ThrowIfNotOnUIThread() first. (https://github.com/Microsoft/vs-threading/blob/main/doc/analyzers/VSTHRD010.md) [D:\a\SSMSSQLFormatter\SSMSSQLFormatter\src\SsmsSqlFormatter\SsmsSqlFormatter.csproj]
build-and-test	Build solution (Release)	2026-07-27T07:48:44.7573617Z          D:\a\SSMSSQLFormatter\SSMSSQLFormatter\src\SsmsSqlFormatter\FormatSqlCommand.cs(215,37): warning VSTHRD010: Accessing "SsmsSqlFormatter.FormatSqlCommand.AcquireResultsAsync" should only be done on the main thread. Await JoinableTaskFactory.SwitchToMainThreadAsync() first. (https://github.com/Microsoft/vs-threading/blob/main/doc/analyzers/VSTHRD010.md) [D:\a\SSMSSQLFormatter\SSMSSQLFormatter\src\SsmsSqlFormatter\SsmsSqlFormatter.csproj]
build-and-test	Build solution (Release)	2026-07-27T07:48:44.7576741Z          D:\a\SSMSSQLFormatter\SSMSSQLFormatter\src\SsmsSqlFormatter\FormatSqlCommand.cs(222,17): warning VSTHRD010: Accessing "SsmsSqlFormatter.FormatSqlCommand.ExportResults" should only be done on the main thread. Await JoinableTaskFactory.SwitchToMainThreadAsync() first. (https://github.com/Microsoft/vs-threading/blob/main/doc/analyzers/VSTHRD010.md) [D:\a\SSMSSQLFormatter\SSMSSQLFormatter\src\SsmsSqlFormatter\SsmsSqlFormatter.csproj]
build-and-test	Build solution (Release)	2026-07-27T07:48:44.7579834Z          D:\a\SSMSSQLFormatter\SSMSSQLFormatter\src\SsmsSqlFormatter\FormatSqlCommand.cs(224,17): warning VSTHRD010: Accessing "SsmsSqlFormatter.FormatSqlCommand.SetStatus" should only be done on the main thread. Await JoinableTaskFactory.SwitchToMainThreadAsync() first. (https://github.com/Microsoft/vs-threading/blob/main/doc/analyzers/VSTHRD010.md) [D:\a\SSMSSQLFormatter\SSMSSQLFormatter\src\SsmsSqlFormatter\SsmsSqlFormatter.csproj]
build-and-test	Build solution (Release)	2026-07-27T07:48:44.7584932Z          D:\a\SSMSSQLFormatter\SSMSSQLFormatter\src\SsmsSqlFormatter\FormatSqlCommand.cs(301,37): warning VSTHRD010: Accessing "SsmsSqlFormatter.FormatSqlCommand.AcquireResultsAsync" should only be done on the main thread. Await JoinableTaskFactory.SwitchToMainThreadAsync() first. (https://github.com/Microsoft/vs-threading/blob/main/doc/analyzers/VSTHRD010.md) [D:\a\SSMSSQLFormatter\SSMSSQLFormatter\src\SsmsSqlFormatter\SsmsSqlFormatter.csproj]
build-and-test	Build solution (Release)	2026-07-27T07:48:44.7589253Z          D:\a\SSMSSQLFormatter\SSMSSQLFormatter\src\SsmsSqlFormatter\FormatSqlCommand.cs(308,17): warning VSTHRD010: Accessing "SsmsSqlFormatter.FormatSqlCommand.ExportResults" should only be done on the main thread. Await JoinableTaskFactory.SwitchToMainThreadAsync() first. (https://github.com/Microsoft/vs-threading/blob/main/doc/analyzers/VSTHRD010.md) [D:\a\SSMSSQLFormatter\SSMSSQLFormatter\src\SsmsSqlFormatter\SsmsSqlFormatter.csproj]
build-and-test	Build solution (Release)	2026-07-27T07:48:44.7593462Z          D:\a\SSMSSQLFormatter\SSMSSQLFormatter\src\SsmsSqlFormatter\FormatSqlCommand.cs(310,17): warning VSTHRD010: Accessing "SsmsSqlFormatter.FormatSqlCommand.SetStatus" should only be done on the main thread. Await JoinableTaskFactory.SwitchToMainThreadAsync() first. (https://github.com/Microsoft/vs-threading/blob/main/doc/analyzers/VSTHRD010.md) [D:\a\SSMSSQLFormatter\SSMSSQLFormatter\src\SsmsSqlFormatter\SsmsSqlFormatter.csproj]
build-and-test	Build solution (Release)	2026-07-27T07:48:44.7596979Z          D:\a\SSMSSQLFormatter\SSMSSQLFormatter\src\SsmsSqlFormatter\FormatSqlCommand.cs(184,37): warning VSTHRD010: Accessing "SsmsSqlFormatter.FormatSqlCommand.AcquireResultsAsync" should only be done on the main thread. Await JoinableTaskFactory.SwitchToMainThreadAsync() first. (https://github.com/Microsoft/vs-threading/blob/main/doc/analyzers/VSTHRD010.md) [D:\a\SSMSSQLFormatter\SSMSSQLFormatter\src\SsmsSqlFormatter\SsmsSqlFormatter.csproj]
build-and-test	Build solution (Release)	2026-07-27T07:48:44.7600764Z          D:\a\SSMSSQLFormatter\SSMSSQLFormatter\src\SsmsSqlFormatter\FormatSqlCommand.cs(196,17): warning VSTHRD010: Accessing "SsmsSqlFormatter.FormatSqlCommand.SetStatus" should only be done on the main thread. Await JoinableTaskFactory.SwitchToMainThreadAsync() first. (https://github.com/Microsoft/vs-threading/blob/main/doc/analyzers/VSTHRD010.md) [D:\a\SSMSSQLFormatter\SSMSSQLFormatter\src\SsmsSqlFormatter\SsmsSqlFormatter.csproj]
build-and-test	Build solution (Release)	2026-07-27T07:48:44.7602854Z 
build-and-test	Build solution (Release)	2026-07-27T07:48:44.7602946Z     11 Warning(s)
build-and-test	Build solution (Release)	2026-07-27T07:48:44.7603115Z     0 Error(s)
build-and-test	Build solution (Release)	2026-07-27T07:48:44.7638542Z 
build-and-test	Build solution (Release)	2026-07-27T07:48:44.7638758Z Time Elapsed 00:00:18.89
build-and-test	Build and test (script)	﻿2026-07-27T07:48:44.9402485Z ##[group]Run pwsh -NoProfile -ExecutionPolicy Bypass -File .\build.ps1 -Configuration Release
build-and-test	Build and test (script)	2026-07-27T07:48:44.9403284Z ^[[36;1mpwsh -NoProfile -ExecutionPolicy Bypass -File .\build.ps1 -Configuration Release^[[0m
build-and-test	Build and test (script)	2026-07-27T07:48:44.9465155Z shell: C:\Program Files\PowerShell\7\pwsh.EXE -command ". '{0}'"
build-and-test	Build and test (script)	2026-07-27T07:48:44.9465505Z ##[endgroup]
build-and-test	Build and test (script)	2026-07-27T07:48:46.2229148Z Build script starting (Configuration=Release)
build-and-test	Build and test (script)	2026-07-27T07:48:46.2239815Z Restoring NuGet packages...
build-and-test	Build and test (script)	2026-07-27T07:48:46.8702583Z MSBuild auto-detection: using msbuild version '18.7.8.30822' from 'C:\Program Files\Microsoft Visual Studio\18\Enterprise\MSBuild\Current\Bin'.
build-and-test	Build and test (script)	2026-07-27T07:48:48.2548797Z Assets file has not changed. Skipping assets file writing. Path: D:\a\SSMSSQLFormatter\SSMSSQLFormatter\src\SsmsSqlFormatter\obj\project.assets.json
build-and-test	Build and test (script)	2026-07-27T07:48:48.2551574Z Assets file has not changed. Skipping assets file writing. Path: D:\a\SSMSSQLFormatter\SSMSSQLFormatter\src\SsmsSqlFormatter.Tests\obj\project.assets.json
build-and-test	Build and test (script)	2026-07-27T07:48:48.2553713Z Restored D:\a\SSMSSQLFormatter\SSMSSQLFormatter\src\SsmsSqlFormatter\SsmsSqlFormatter.csproj (in 251 ms).
build-and-test	Build and test (script)	2026-07-27T07:48:48.2555598Z Restored D:\a\SSMSSQLFormatter\SSMSSQLFormatter\src\SsmsSqlFormatter.Tests\SsmsSqlFormatter.Tests.csproj (in 251 ms).
build-and-test	Build and test (script)	2026-07-27T07:48:48.2608411Z 
build-and-test	Build and test (script)	2026-07-27T07:48:48.2609801Z NuGet Config files used:
build-and-test	Build and test (script)	2026-07-27T07:48:48.2610285Z     C:\Users\runneradmin\AppData\Roaming\NuGet\NuGet.Config
build-and-test	Build and test (script)	2026-07-27T07:48:48.2611105Z     C:\Program Files (x86)\NuGet\Config\Microsoft.VisualStudio.FallbackLocation.config
build-and-test	Build and test (script)	2026-07-27T07:48:48.2612054Z     C:\Program Files (x86)\NuGet\Config\Microsoft.VisualStudio.Offline.config
build-and-test	Build and test (script)	2026-07-27T07:48:48.2612602Z 
build-and-test	Build and test (script)	2026-07-27T07:48:48.2612729Z Feeds used:
build-and-test	Build and test (script)	2026-07-27T07:48:48.2613128Z     C:\Program Files (x86)\Microsoft SDKs\NuGetPackages\
build-and-test	Build and test (script)	2026-07-27T07:48:48.2613697Z     https://api.nuget.org/v3/index.json
build-and-test	Build and test (script)	2026-07-27T07:48:48.2620926Z All projects are up-to-date for restore.
build-and-test	Build and test (script)	2026-07-27T07:48:48.2832038Z Locating MSBuild...
build-and-test	Build and test (script)	2026-07-27T07:48:48.3140304Z Using MSBuild: C:\Program Files\Microsoft Visual Studio\18\Enterprise\MSBuild\Current\Bin\MSBuild.exe
build-and-test	Build and test (script)	2026-07-27T07:48:48.3146491Z Building solution...
build-and-test	Build and test (script)	2026-07-27T07:48:48.3993935Z MSBuild version 18.7.8+1ac568fee for .NET Framework
build-and-test	Build and test (script)	2026-07-27T07:48:48.4345180Z Build started 7/27/2026 7:48:48 AM.
build-and-test	Build and test (script)	2026-07-27T07:48:48.4349084Z 
build-and-test	Build and test (script)	2026-07-27T07:48:48.4832023Z      1>Project "D:\a\SSMSSQLFormatter\SSMSSQLFormatter\SsmsSqlFormatter.sln" on node 1 (default targets).
build-and-test	Build and test (script)	2026-07-27T07:48:48.4833269Z      1>ValidateSolutionConfiguration:
build-and-test	Build and test (script)	2026-07-27T07:48:48.4834074Z          Building solution configuration "Release|Any CPU".
build-and-test	Build and test (script)	2026-07-27T07:48:48.9450702Z      1>Project "D:\a\SSMSSQLFormatter\SSMSSQLFormatter\SsmsSqlFormatter.sln" (1) is building "D:\a\SSMSSQLFormatter\SSMSSQLFormatter\src\SsmsSqlFormatter\SsmsSqlFormatter.csproj" (4) on node 1 (default targets).
build-and-test	Build and test (script)	2026-07-27T07:48:48.9451688Z      4>MainResourcesGeneration:
build-and-test	Build and test (script)	2026-07-27T07:48:48.9452230Z        Skipping target "MainResourcesGeneration" because all output files are up-to-date with respect to the input files.
build-and-test	Build and test (script)	2026-07-27T07:48:48.9626236Z        CoreResGen:
build-and-test	Build and test (script)	2026-07-27T07:48:48.9626968Z          No resources are out of date with respect to their source files. Skipping resource generation.
build-and-test	Build and test (script)	2026-07-27T07:48:49.1947644Z        VSCTCompile:
build-and-test	Build and test (script)	2026-07-27T07:48:49.1948097Z          No out of date dependencies, skipping execution.
build-and-test	Build and test (script)	2026-07-27T07:48:49.1949341Z        CreateMenuPkgDef:
build-and-test	Build and test (script)	2026-07-27T07:48:49.1950126Z        Skipping target "CreateMenuPkgDef" because it has no outputs.
build-and-test	Build and test (script)	2026-07-27T07:48:49.1950848Z        CheckCTOFileHasChanged:
build-and-test	Build and test (script)	2026-07-27T07:48:49.1951716Z        Skipping target "CheckCTOFileHasChanged" because all output files are up-to-date with respect to the input files.
build-and-test	Build and test (script)	2026-07-27T07:48:49.2258713Z        GenerateTargetFrameworkMonikerAttribute:
build-and-test	Build and test (script)	2026-07-27T07:48:49.2259835Z        Skipping target "GenerateTargetFrameworkMonikerAttribute" because all output files are up-to-date with respect to the input files.
build-and-test	Build and test (script)	2026-07-27T07:48:49.2338886Z        CoreCompile:
build-and-test	Build and test (script)	2026-07-27T07:48:49.2339666Z        Skipping target "CoreCompile" because all output files are up-to-date with respect to the input files.
build-and-test	Build and test (script)	2026-07-27T07:48:49.2348119Z        ZipProjects:
build-and-test	Build and test (script)	2026-07-27T07:48:49.2348503Z          Zipping ProjectTemplates
build-and-test	Build and test (script)	2026-07-27T07:48:49.2358843Z          SsmsSqlFormatter -> 
build-and-test	Build and test (script)	2026-07-27T07:48:49.2360164Z        ZipItems:
build-and-test	Build and test (script)	2026-07-27T07:48:49.2360522Z          Zipping ItemTemplates
build-and-test	Build and test (script)	2026-07-27T07:48:49.2365254Z          SsmsSqlFormatter -> 
build-and-test	Build and test (script)	2026-07-27T07:48:49.2438618Z        CopyFilesToOutputDirectory:
build-and-test	Build and test (script)	2026-07-27T07:48:49.2439641Z          SsmsSqlFormatter -> D:\a\SSMSSQLFormatter\SSMSSQLFormatter\src\SsmsSqlFormatter\bin\Release\SsmsSqlFormatter.dll
build-and-test	Build and test (script)	2026-07-27T07:48:49.2443853Z        GeneratePkgDef:
build-and-test	Build and test (script)	2026-07-27T07:48:49.2444664Z        Skipping target "GeneratePkgDef" because all output files are up-to-date with respect to the input files.
build-and-test	Build and test (script)	2026-07-27T07:48:49.2821958Z        CreateVsixContainer:
build-and-test	Build and test (script)	2026-07-27T07:48:49.2822446Z          Creating VSIX Container...
build-and-test	Build and test (script)	2026-07-27T07:48:49.2919566Z          C:\Users\runneradmin\.nuget\packages\microsoft.vssdk.buildtools\17.9.3168\tools\VSSDK\bin\VsixUtil.exe package -sourceManifest "obj\Release\extension.vsixmanifest" -outputPath "bin\Release\SsmsSqlFormatter.vsix" -files "obj\Release\\files.json" -compressionLevel "Normal" -is64BitBuild 
build-and-test	Build and test (script)	2026-07-27T07:48:50.1733710Z          SsmsSqlFormatter -> D:\a\SSMSSQLFormatter\SSMSSQLFormatter\src\SsmsSqlFormatter\bin\Release\SsmsSqlFormatter.vsix
build-and-test	Build and test (script)	2026-07-27T07:48:50.1780065Z        VsixCompatibilityAnalyzer:
build-and-test	Build and test (script)	2026-07-27T07:48:50.1780577Z          Executing CompatibilityAnalyzer..
build-and-test	Build and test (script)	2026-07-27T07:48:50.2703748Z        CopyVsixManifestFile:
build-and-test	Build and test (script)	2026-07-27T07:48:50.2704986Z          Copying file from "D:\a\SSMSSQLFormatter\SSMSSQLFormatter\src\SsmsSqlFormatter\obj\Release\extension.vsixmanifest" to "D:\a\SSMSSQLFormatter\SSMSSQLFormatter\src\SsmsSqlFormatter\bin\Release\extension.vsixmanifest".
build-and-test	Build and test (script)	2026-07-27T07:48:50.2711783Z          SsmsSqlFormatter -> D:\a\SSMSSQLFormatter\SSMSSQLFormatter\src\SsmsSqlFormatter\bin\Release\extension.vsixmanifest
build-and-test	Build and test (script)	2026-07-27T07:48:50.2712793Z        CreateMenuPkgDef:
build-and-test	Build and test (script)	2026-07-27T07:48:50.2713319Z        Skipping target "CreateMenuPkgDef" because it has no outputs.
build-and-test	Build and test (script)	2026-07-27T07:48:50.2761132Z        IncrementalClean:
build-and-test	Build and test (script)	2026-07-27T07:48:50.2762019Z          Deleting file "D:\a\SSMSSQLFormatter\SSMSSQLFormatter\src\SsmsSqlFormatter\obj\Release\VSCT.read.1.tlog".
build-and-test	Build and test (script)	2026-07-27T07:48:50.2763445Z          Deleting file "D:\a\SSMSSQLFormatter\SSMSSQLFormatter\src\SsmsSqlFormatter\obj\Release\VSCT.write.1.tlog".
build-and-test	Build and test (script)	2026-07-27T07:48:50.2764956Z          Deleting file "D:\a\SSMSSQLFormatter\SSMSSQLFormatter\src\SsmsSqlFormatter\obj\Release\_EmptyResource.resources.original".
build-and-test	Build and test (script)	2026-07-27T07:48:50.2804271Z      4>Done Building Project "D:\a\SSMSSQLFormatter\SSMSSQLFormatter\src\SsmsSqlFormatter\SsmsSqlFormatter.csproj" (default targets).
build-and-test	Build and test (script)	2026-07-27T07:48:50.3634823Z      1>Project "D:\a\SSMSSQLFormatter\SSMSSQLFormatter\SsmsSqlFormatter.sln" (1) is building "D:\a\SSMSSQLFormatter\SSMSSQLFormatter\tools\FormatterBench\FormatterBench.csproj" (2) on node 2 (default targets).
build-and-test	Build and test (script)	2026-07-27T07:48:50.3643990Z      2>GenerateTargetFrameworkMonikerAttribute:
build-and-test	Build and test (script)	2026-07-27T07:48:50.3648323Z        Skipping target "GenerateTargetFrameworkMonikerAttribute" because all output files are up-to-date with respect to the input files.
build-and-test	Build and test (script)	2026-07-27T07:48:50.3654213Z        CoreCompile:
build-and-test	Build and test (script)	2026-07-27T07:48:50.3658927Z        Skipping target "CoreCompile" because all output files are up-to-date with respect to the input files.
build-and-test	Build and test (script)	2026-07-27T07:48:50.3862340Z        CopyFilesToOutputDirectory:
build-and-test	Build and test (script)	2026-07-27T07:48:50.3865795Z          FormatterBench -> D:\a\SSMSSQLFormatter\SSMSSQLFormatter\tools\FormatterBench\bin\Release\FormatterBench.exe
build-and-test	Build and test (script)	2026-07-27T07:48:50.3910653Z      2>Done Building Project "D:\a\SSMSSQLFormatter\SSMSSQLFormatter\tools\FormatterBench\FormatterBench.csproj" (default targets).
build-and-test	Build and test (script)	2026-07-27T07:48:50.8002194Z      1>Project "D:\a\SSMSSQLFormatter\SSMSSQLFormatter\SsmsSqlFormatter.sln" (1) is building "D:\a\SSMSSQLFormatter\SSMSSQLFormatter\src\SsmsSqlFormatter.Tests\SsmsSqlFormatter.Tests.csproj" (3) on node 3 (default targets).
build-and-test	Build and test (script)	2026-07-27T07:48:50.8005050Z      3>GenerateBindingRedirects:
build-and-test	Build and test (script)	2026-07-27T07:48:50.8005889Z        Skipping target "GenerateBindingRedirects" because all output files are up-to-date with respect to the input files.
build-and-test	Build and test (script)	2026-07-27T07:48:50.8076335Z        GenerateTargetFrameworkMonikerAttribute:
build-and-test	Build and test (script)	2026-07-27T07:48:50.8077238Z        Skipping target "GenerateTargetFrameworkMonikerAttribute" because all output files are up-to-date with respect to the input files.
build-and-test	Build and test (script)	2026-07-27T07:48:50.8103138Z        CoreCompile:
build-and-test	Build and test (script)	2026-07-27T07:48:50.8103879Z        Skipping target "CoreCompile" because all output files are up-to-date with respect to the input files.
build-and-test	Build and test (script)	2026-07-27T07:48:50.8313647Z        _CopyOutOfDateSourceItemsToOutputDirectory:
build-and-test	Build and test (script)	2026-07-27T07:48:50.8318598Z        Skipping target "_CopyOutOfDateSourceItemsToOutputDirectory" because all output files are up-to-date with respect to the input files.
build-and-test	Build and test (script)	2026-07-27T07:48:50.8324135Z        _CopyAppConfigFile:
build-and-test	Build and test (script)	2026-07-27T07:48:50.8325039Z        Skipping target "_CopyAppConfigFile" because all output files are up-to-date with respect to the input files.
build-and-test	Build and test (script)	2026-07-27T07:48:50.8326695Z        CopyFilesToOutputDirectory:
build-and-test	Build and test (script)	2026-07-27T07:48:50.8329374Z          SsmsSqlFormatter.Tests -> D:\a\SSMSSQLFormatter\SSMSSQLFormatter\src\SsmsSqlFormatter.Tests\bin\Release\SsmsSqlFormatter.Tests.dll
build-and-test	Build and test (script)	2026-07-27T07:48:50.8386382Z      3>Done Building Project "D:\a\SSMSSQLFormatter\SSMSSQLFormatter\src\SsmsSqlFormatter.Tests\SsmsSqlFormatter.Tests.csproj" (default targets).
build-and-test	Build and test (script)	2026-07-27T07:48:50.8402046Z      1>Done Building Project "D:\a\SSMSSQLFormatter\SSMSSQLFormatter\SsmsSqlFormatter.sln" (default targets).
build-and-test	Build and test (script)	2026-07-27T07:48:50.8524338Z 
build-and-test	Build and test (script)	2026-07-27T07:48:50.8524904Z Build succeeded.
build-and-test	Build and test (script)	2026-07-27T07:48:50.8525569Z     0 Warning(s)
build-and-test	Build and test (script)	2026-07-27T07:48:50.8525796Z     0 Error(s)
build-and-test	Build and test (script)	2026-07-27T07:48:50.8525939Z 
build-and-test	Build and test (script)	2026-07-27T07:48:50.8526016Z Time Elapsed 00:00:02.41
build-and-test	Build and test (script)	2026-07-27T07:48:50.8672272Z Locating vstest.console.exe...
build-and-test	Build and test (script)	2026-07-27T07:48:51.0396012Z Running tests: src\SsmsSqlFormatter.Tests\bin\Release\SsmsSqlFormatter.Tests.dll
build-and-test	Build and test (script)	2026-07-27T07:48:51.2174239Z VSTest version 18.7.0 (x64)
build-and-test	Build and test (script)	2026-07-27T07:48:51.2195944Z 
build-and-test	Build and test (script)	2026-07-27T07:48:53.1267227Z Starting test execution, please wait...
build-and-test	Build and test (script)	2026-07-27T07:48:53.3094006Z A total of 1 test files matched the specified pattern.
build-and-test	Build and test (script)	2026-07-27T07:48:53.4895755Z NUnit Adapter 4.4.0.0: Test execution started
build-and-test	Build and test (script)	2026-07-27T07:48:53.6275539Z Running all tests in D:\a\SSMSSQLFormatter\SSMSSQLFormatter\src\SsmsSqlFormatter.Tests\bin\Release\SsmsSqlFormatter.Tests.dll
build-and-test	Build and test (script)	2026-07-27T07:48:54.3675873Z    NUnit3TestExecutor discovered 9 of 9 NUnit test cases using Current Discovery mode, Non-Explicit run
build-and-test	Build and test (script)	2026-07-27T07:48:54.6033250Z NUnit Adapter 4.4.0.0: Test execution complete
build-and-test	Build and test (script)	2026-07-27T07:48:54.6398765Z   Failed BlankLinesBetweenStatements_AppliesSpacing [125 ms]
build-and-test	Build and test (script)	2026-07-27T07:48:54.6415963Z   Error Message:
build-and-test	Build and test (script)	2026-07-27T07:48:54.6418027Z    System.IO.FileNotFoundException : Could not load file or assembly 'Microsoft.VisualStudio.Shell.15.0, Version=17.0.0.0, Culture=neutral, PublicKeyToken=b03f5f7f11d50a3a' or one of its dependencies. The system cannot find the file specified.
build-and-test	Build and test (script)	2026-07-27T07:48:54.6419869Z   Stack Trace:
build-and-test	Build and test (script)	2026-07-27T07:48:54.6420701Z      at SsmsSqlFormatter.Tests.ScriptDomFormatterTests.BlankLinesBetweenStatements_AppliesSpacing()
build-and-test	Build and test (script)	2026-07-27T07:48:54.6421513Z 
build-and-test	Build and test (script)	2026-07-27T07:48:54.6422904Z   Failed DescribeStyle_RespectsIndentSize [1 ms]
build-and-test	Build and test (script)	2026-07-27T07:48:54.6424183Z   Error Message:
build-and-test	Build and test (script)	2026-07-27T07:48:54.6425732Z    System.IO.FileNotFoundException : Could not load file or assembly 'Microsoft.VisualStudio.Shell.15.0, Version=17.0.0.0, Culture=neutral, PublicKeyToken=b03f5f7f11d50a3a' or one of its dependencies. The system cannot find the file specified.
build-and-test	Build and test (script)	2026-07-27T07:48:54.6427550Z   Stack Trace:
build-and-test	Build and test (script)	2026-07-27T07:48:54.6428251Z      at SsmsSqlFormatter.Tests.ScriptDomFormatterTests.DescribeStyle_RespectsIndentSize()
build-and-test	Build and test (script)	2026-07-27T07:48:54.6429320Z 
build-and-test	Build and test (script)	2026-07-27T07:48:54.6429560Z   Failed Format_SimpleSelect_ReturnsSuccess [< 1 ms]
build-and-test	Build and test (script)	2026-07-27T07:48:54.6430069Z   Error Message:
build-and-test	Build and test (script)	2026-07-27T07:48:54.6431685Z    System.IO.FileNotFoundException : Could not load file or assembly 'Microsoft.VisualStudio.Shell.15.0, Version=17.0.0.0, Culture=neutral, PublicKeyToken=b03f5f7f11d50a3a' or one of its dependencies. The system cannot find the file specified.
build-and-test	Build and test (script)	2026-07-27T07:48:54.6433461Z   Stack Trace:
build-and-test	Build and test (script)	2026-07-27T07:48:54.6434135Z      at SsmsSqlFormatter.Tests.ScriptDomFormatterTests.Format_SimpleSelect_ReturnsSuccess()
build-and-test	Build and test (script)	2026-07-27T07:48:54.6434824Z 
build-and-test	Build and test (script)	2026-07-27T07:48:54.6435099Z   Failed IdentifierCasing_FunctionsAndTypesAreRecased [< 1 ms]
build-and-test	Build and test (script)	2026-07-27T07:48:54.6435645Z   Error Message:
build-and-test	Build and test (script)	2026-07-27T07:48:54.6437232Z    System.IO.FileNotFoundException : Could not load file or assembly 'Microsoft.VisualStudio.Shell.15.0, Version=17.0.0.0, Culture=neutral, PublicKeyToken=b03f5f7f11d50a3a' or one of its dependencies. The system cannot find the file specified.
build-and-test	Build and test (script)	2026-07-27T07:48:54.6438958Z   Stack Trace:
build-and-test	Build and test (script)	2026-07-27T07:48:54.6439724Z      at SsmsSqlFormatter.Tests.ScriptDomFormatterTests.IdentifierCasing_FunctionsAndTypesAreRecased()
build-and-test	Build and test (script)	2026-07-27T07:48:54.6440856Z 
build-and-test	Build and test (script)	2026-07-27T07:48:54.6441112Z   Failed LeadingCommas_MovesCommasToLineStart [< 1 ms]
build-and-test	Build and test (script)	2026-07-27T07:48:54.6441627Z   Error Message:
build-and-test	Build and test (script)	2026-07-27T07:48:54.6443218Z    System.IO.FileNotFoundException : Could not load file or assembly 'Microsoft.VisualStudio.Shell.15.0, Version=17.0.0.0, Culture=neutral, PublicKeyToken=b03f5f7f11d50a3a' or one of its dependencies. The system cannot find the file specified.
build-and-test	Build and test (script)	2026-07-27T07:48:54.6445247Z   Stack Trace:
build-and-test	Build and test (script)	2026-07-27T07:48:54.6445980Z      at SsmsSqlFormatter.Tests.ScriptDomFormatterTests.LeadingCommas_MovesCommasToLineStart()
build-and-test	Build and test (script)	2026-07-27T07:48:54.6446718Z 
build-and-test	Build and test (script)	2026-07-27T07:48:54.6446972Z   Failed NormalizeGoSpacing_RespectsBlankLines [< 1 ms]
build-and-test	Build and test (script)	2026-07-27T07:48:54.6447497Z   Error Message:
build-and-test	Build and test (script)	2026-07-27T07:48:54.6449061Z    System.IO.FileNotFoundException : Could not load file or assembly 'Microsoft.VisualStudio.Shell.15.0, Version=17.0.0.0, Culture=neutral, PublicKeyToken=b03f5f7f11d50a3a' or one of its dependencies. The system cannot find the file specified.
build-and-test	Build and test (script)	2026-07-27T07:48:54.6450774Z   Stack Trace:
build-and-test	Build and test (script)	2026-07-27T07:48:54.6451492Z      at SsmsSqlFormatter.Tests.ScriptDomFormatterTests.NormalizeGoSpacing_RespectsBlankLines()
build-and-test	Build and test (script)	2026-07-27T07:48:54.6452224Z 
build-and-test	Build and test (script)	2026-07-27T07:48:54.6452448Z   Failed PreserveComments_ReinjectsComments [< 1 ms]
build-and-test	Build and test (script)	2026-07-27T07:48:54.6452928Z   Error Message:
build-and-test	Build and test (script)	2026-07-27T07:48:54.6454504Z    System.IO.FileNotFoundException : Could not load file or assembly 'Microsoft.VisualStudio.Shell.15.0, Version=17.0.0.0, Culture=neutral, PublicKeyToken=b03f5f7f11d50a3a' or one of its dependencies. The system cannot find the file specified.
build-and-test	Build and test (script)	2026-07-27T07:48:54.6456229Z   Stack Trace:
build-and-test	Build and test (script)	2026-07-27T07:48:54.6456920Z      at SsmsSqlFormatter.Tests.ScriptDomFormatterTests.PreserveComments_ReinjectsComments()
build-and-test	Build and test (script)	2026-07-27T07:48:54.6457655Z 
build-and-test	Build and test (script)	2026-07-27T07:48:54.6457869Z   Failed ReindentSubqueries_AddsIndentation [< 1 ms]
build-and-test	Build and test (script)	2026-07-27T07:48:54.6458360Z   Error Message:
build-and-test	Build and test (script)	2026-07-27T07:48:54.6459928Z    System.IO.FileNotFoundException : Could not load file or assembly 'Microsoft.VisualStudio.Shell.15.0, Version=17.0.0.0, Culture=neutral, PublicKeyToken=b03f5f7f11d50a3a' or one of its dependencies. The system cannot find the file specified.
build-and-test	Build and test (script)	2026-07-27T07:48:54.6461614Z   Stack Trace:
build-and-test	Build and test (script)	2026-07-27T07:48:54.6462334Z      at SsmsSqlFormatter.Tests.ScriptDomFormatterTests.ReindentSubqueries_AddsIndentation()
build-and-test	Build and test (script)	2026-07-27T07:48:54.6463074Z 
build-and-test	Build and test (script)	2026-07-27T07:48:54.6463376Z   Failed UseTabsForIndentation_ConvertsIndentsToTabs [< 1 ms]
build-and-test	Build and test (script)	2026-07-27T07:48:54.6464383Z   Error Message:
build-and-test	Build and test (script)	2026-07-27T07:48:54.6465976Z    System.IO.FileNotFoundException : Could not load file or assembly 'Microsoft.VisualStudio.Shell.15.0, Version=17.0.0.0, Culture=neutral, PublicKeyToken=b03f5f7f11d50a3a' or one of its dependencies. The system cannot find the file specified.
build-and-test	Build and test (script)	2026-07-27T07:48:54.6467996Z   Stack Trace:
build-and-test	Build and test (script)	2026-07-27T07:48:54.6468799Z      at SsmsSqlFormatter.Tests.ScriptDomFormatterTests.UseTabsForIndentation_ConvertsIndentsToTabs()
build-and-test	Build and test (script)	2026-07-27T07:48:54.6469613Z 
build-and-test	Build and test (script)	2026-07-27T07:48:54.6512217Z 
build-and-test	Build and test (script)	2026-07-27T07:48:54.6593814Z Test Run Failed.
build-and-test	Build and test (script)	2026-07-27T07:48:54.6594866Z Total tests: 9
build-and-test	Build and test (script)	2026-07-27T07:48:54.6596013Z      Failed: 9
build-and-test	Build and test (script)	2026-07-27T07:48:54.6607318Z  Total time: 1.3273 Seconds
build-and-test	Build and test (script)	2026-07-27T07:48:55.0802111Z ^[[31;1mWrite-Error: ^[[31;1mTests failed^[[0m
build-and-test	Build and test (script)	2026-07-27T07:48:55.2690140Z ##[error]Process completed with exit code 1.
build-and-test	Post Checkout	﻿2026-07-27T07:48:55.2952850Z Node 20 is being deprecated. This workflow is running with Node 24 by default. If you need to temporarily use Node 20, you can set the ACTIONS_ALLOW_USE_UNSECURE_NODE_VERSION=true environment variable. For more information see: https://github.blog/changelog/2025-09-19-deprecation-of-node-20-on-github-actions-runners/
build-and-test	Post Checkout	2026-07-27T07:48:55.2954210Z Post job cleanup.
build-and-test	Post Checkout	2026-07-27T07:48:55.4953837Z [command]"C:\Program Files\Git\bin\git.exe" version
build-and-test	Post Checkout	2026-07-27T07:48:55.5234605Z git version 2.55.0.windows.2
build-and-test	Post Checkout	2026-07-27T07:48:55.5306757Z Temporarily overriding HOME='D:\a\_temp\6cfcfc42-b46d-4da9-9762-f7f3f6bd65f0' before making global git config changes
build-and-test	Post Checkout	2026-07-27T07:48:55.5308390Z Adding repository directory to the temporary git global config as a safe directory
build-and-test	Post Checkout	2026-07-27T07:48:55.5319049Z [command]"C:\Program Files\Git\bin\git.exe" config --global --add safe.directory D:\a\SSMSSQLFormatter\SSMSSQLFormatter
build-and-test	Post Checkout	2026-07-27T07:48:55.5652860Z [command]"C:\Program Files\Git\bin\git.exe" config --local --name-only --get-regexp core\.sshCommand
build-and-test	Post Checkout	2026-07-27T07:48:55.6042500Z [command]"C:\Program Files\Git\bin\git.exe" submodule foreach --recursive "sh -c \"git config --local --name-only --get-regexp 'core\.sshCommand' && git config --local --unset-all 'core.sshCommand' || :\""
build-and-test	Post Checkout	2026-07-27T07:48:56.1753579Z [command]"C:\Program Files\Git\bin\git.exe" config --local --name-only --get-regexp http\.https\:\/\/github\.com\/\.extraheader
build-and-test	Post Checkout	2026-07-27T07:48:56.2024653Z http.https://github.com/.extraheader
build-and-test	Post Checkout	2026-07-27T07:48:56.2065091Z [command]"C:\Program Files\Git\bin\git.exe" config --local --unset-all http.https://github.com/.extraheader
build-and-test	Post Checkout	2026-07-27T07:48:56.2353433Z [command]"C:\Program Files\Git\bin\git.exe" submodule foreach --recursive "sh -c \"git config --local --name-only --get-regexp 'http\.https\:\/\/github\.com\/\.extraheader' && git config --local --unset-all 'http.https://github.com/.extraheader' || :\""
build-and-test	Post Checkout	2026-07-27T07:48:56.7268969Z [command]"C:\Program Files\Git\bin\git.exe" config --local --name-only --get-regexp ^includeIf\.gitdir:
build-and-test	Post Checkout	2026-07-27T07:48:56.7545944Z [command]"C:\Program Files\Git\bin\git.exe" submodule foreach --recursive "git config --local --show-origin --name-only --get-regexp remote.origin.url"
build-and-test	Complete job	﻿2026-07-27T07:48:57.3082574Z Cleaning up orphan processes
build-and-test	Complete job	2026-07-27T07:48:57.3178020Z Terminate orphan process: pid (9884) (MSBuild)
build-and-test	Complete job	2026-07-27T07:48:57.3231375Z Terminate orphan process: pid (9968) (MSBuild)
build-and-test	Complete job	2026-07-27T07:48:57.3337946Z ##[warning]Node.js 20 is deprecated. The following actions target Node.js 20 but are being forced to run on Node.js 24: actions/checkout@v4, microsoft/setup-msbuild@v2. For more information see: https://github.blog/changelog/2025-09-19-deprecation-of-node-20-on-github-actions-runners/
